9512449
-5716561
4964004
-6192723
-429790
1273101
8764140
1282741
-5119932
399185
-2137880
2873976
3070874
-7572653
6643137
-1827470
7432237
8769677
4964937
5645192
-7219574
-1112114
-9925740
-7243208
-1090319
-5229340
-4593465
5858952
-8745022
-4562093
-6116114
-6483437
7315980
-6810936
-6296299
2125706
8304571
6840414
9225820
8741764
-8003806
7512913
3171910
-8082051
-5378587
4367515
1906601
8158851
-3071366
5837377
985960
8376780
9272094
-8741722
2137837
4549207
-8462229
-2156302
-1989056
257330
5618626
5210729
7758999
7246261
-8480717
5023728
-7589672
-6634751
6620214
9464928
5189321
-6309241
-3500484
2823175
-1398619
7760516
4005819
-6839149
7502724
5235530
9803727
-7251319
-416254
-3839384
6664599
-450254
8741922
936940
1686258
-7217037
-7054144
7554746
-5766224
5956914
-4546643
-545289
5431874
-2268949
8950912
-3262055
205703
680280
1194942
-6127569
-5548327
3323924
7508420
-5196728
9497567
-5036792
-917718
8884860
-4274777
-6213195
4576151
5948025
1344822
2350430
9213678
-665968
9922036
6716972
6423015
-6362190
-6874607
2477477
-7653527
-9184471
-6260046
3213374
-1705499
-4455880
9050242
297381
365528
9287315
-941730
3223900
6445166
-5493938
8021750
-4265448
-724283
1127491
572675
-8858624
-9018081
8830192
3953522
5867914
1155974
-5464514
-6286800
8556836
3897099
-6997747
-1639101
6986433
-559193
6837847
9280634
-3805362
546927
8311650
2535831
-5184125
-6384492
5498137
2632603
-1779016
6863077
-2068122
458589
-9554208
1542071
9242257
-5616806
-3470151
942185
-3177983
-6514960
5407537
1636944
-8563471
2382922
1687841
-7483010
9340892
2906403
-9857896
-9305107
-4786937
6852025
-5314413
6694454
-3301702
-1628923
-18143
3870082
-9531630
-5804379
-7477762
-5630754
7948350
-1730812
-2731260
9170427
-1420497
1212458
-2619809
-9407743
520845
7575844
-1932494
2051295
153685
-637138
-9656365
-408832
-471933
-1494784
-4153517
-6555597
1744677
1371206
-9280247
4215487
6724608
6111847
6437259
-2288762
771048
1696393
770883
1041565
-8758662
-6980028
6447250
-2553603
5943592
-8904442
-3189440
9097047
-3520725
-3131704
8856312
-1297643
-4694669
-8967525
-1981537
5035356
-1193097
-965296
8551286
-4311537
-1284133
-3919405
-2730734
6061907
6203006
-9016987
4870421
7859582
-1319206
2695985
-1477465
1412087
1486015
651590
5160440
5851928
4223984
7762379
-2287214
6691595
-7227601
-2570097
-1425897
-4226511
-499653
-896325
5493810
-9197683
-1177908
1268025
-7981288
-3882552
7055128
5881536
-9570540
-9825670
-2893658
-7550254
-4329127
-4739176
6354512
7104511
-1363505
-4999258
1206355
-1412638
-4427261
-6595473
4363788
-3573234
-8622778
-6770497
-6795415
-8914081
1481858
2491498
152
-7612795
3600442
2064823
-4823497
3855382
-2904054
-8432164
-48782
-8637158
5677158
-1387121
-5335563
8773505
2648711
-1220365
737842
-8305453
-4728724
-6133415
-6180595
5447209
6720171
-6032638
-6896248
3957975
-4018025
8445033
6361115
6534182
6746398
4492159
4591344
1388289
6923308
-9869249
-1757492
9076056
-104943
-8801075
-252700
7686904
4137705
-5845224
-164057
-8267858
6818858
-8101632
7418921
-93937
1101842
-730564
-4218541
6506561
7761202
7445805
-9038516
8688240
2827637
8456200
386164
1690614
3587963
-4864127
9005058
7173321
6816513
-5529935
1791306
1409635
961777
-2469809
657549
-3761685
7340041
-7310434
1763289
72890
5821552
-6294967
2048907
-3531446
9850511
-3835213
-6653771
-5285833
-5614996
-3607881
188043
-621683
-514583
-6048700
-4185410
-4694576
-5610610
7311899
-8978162
-9810750
-8808853
-1069070
5907937
344772
-9578097
1830303
7365927
-4533475
6378677
3024665
-8154791
-9460697
-2325664
4401613
8943844
-4491310
-5482955
569593
-1353873
-5557834
2587834
-3315759
-5446454
-9184246
-7532937
-9068649
-3166368
-4222748
-6488911
1777049
4908175
-1636339
-9350176
-5595636
-3961238
9467372
-9001381
-2713690
6625331
-6808490
8077283
-4213675
8404684
-4810834
6293978
-4459616
-5981974
2583138
-9507307
9220284
6411233
-5233272
-8768517
-1295104
7481464
-3668174
-1453705
-2051685
-6115554
2078684
-5231989
-4063132
-1920378
9219433
-661662
-5406291
-799481
9533827
-4929846
-5250400
6551050
-6131974
9685708
-7978165
-2071693
-1772470
-8564784
5938356
8370060
5252817
-7518099
1800169
9286835
-7839405
-204816
2289496
-7448363
8725148
-9071439
415999
-9405096
-4178432
6015400
7967425
-1244093
-9609109
-2385020
-7135010
-7598731
3454990
-7250223
7649084
2682417
2285564
-4209603
-5553902
-1326951
-732880
-9386917
-1303029
-7450336
9998529
7406877
6305097
4072786
7571674
-3118506
-4849460
5639701
-2933713
8159997
891779
-255296
4265170
873791
7583470
5068128
-9487790
3590372
6180581
-8119960
-4587008
2975015
6455803
1459242
-5988496
-8051155
520935
-2496128
-3342000
-8730176
2206247
5527657
-3950179
-4285516
1050726
-2373345
-1645019
-6337422
6007548
-259823
1273747
-7124900
3194783
9333682
210561
6235345
2274286
-1072755
-2664954
9339038
5158653
-5689488
-8927758
-677577
9130892
1058487
8294641
1571040
-9945657
1228800
3493227
2059705
9335371
571215
4592587
7047698
-6194764
9551097
-9340421
4878140
7228157
-6878976
-1377244
-9578851
-154091
9946520
-7957860
-9814857
-3864344
835185
8696583
8721001
-2304193
4364329
278955
697551
9798763
-5892855
-3023608
-1336804
5539899
-2790520
9508716
2786954
2358628
1795268
-2167644
-7413153
359205
-7700872
-8030805
-4810130
946078
3772719
-2736869
-3174858
-9715993
-1738021
-6462349
8509853
-8558785
3935069
2755336
-7897575
-6406345
4928467
2069540
75284
-5461762
-3698781
8142634
-6427553
-1058434
2670852
-5195977
3522818
-6910802
5582008
-6022856
7275029
7363830
-2503214
3182049
9229398
5897620
-7130184
4172907
-445573
3125280
4950487
4091657
-513122
9405168
-7824149
-2157225
-3248715
-886890
-4462063
8718099
4124487
-5126037
-5135143
-1328270
3360885
5305529
-6840122
5877736
-3192806
-6547284
-5922764
1671015
2621730
-72910
-3187439
-2224721
5426944
6159699
692901
-8226288
4911929
-8861424
2330453
-2088502
2786361
-1316992
-9484484
9535213
-600306
-535495
-2418499
7947087
5560898
8955991
2013700
-9710144
668855
6965876
-8659510
-3962806
-6891695
-6711836
6124162
3279245
-3389233
2980510
6608256
-6105504
5213156
-6529426
5406795
-7996360
2952642
5653394
5960112
-8308368
-350488
-156266
1156197
-8777698
2474355
479509
-2646809
4804517
-5395385
-9990819
4523884
3490106
-5620272
-2245176
2649086
1736510
3375299
-880502
-1295277
6625880
6415855
8045776
9323082
5683640
-8537065
6347386
9270230
3575806
9650313
-1585533
6125958
-2233341
-8692022
-2579010
-7562574
-3847403
286843
-8854888
3108373
-6702101
-6007820
-5708363
4123190
9697997
2165034
4123140
6019979
-5204642
3310534
-3464745
-8134087
-743178
5341283
-2232005
-4900792
-1454467
3264699
-7225942
-2235789
5242894
-2274156
-9660376
8945697
1562789
4377181
-6636985
1015637
3509218
2875700
7665256
-9993766
4115890
6231222
-8525214
1896295
-8382013
3862585
-6626046
4749266
1262138
9089577
-939703
-6032379
-6687904
5405144
-4362862
-1322327
-3372731
-3066162
-5280704
8125186
-275599
-2513273
-2769887
-7507732
1772458
2346373
-9438622
-87698
-6750955
-2316953
-885941
2224087
-4672516
3222356
-5819949
3920745
6140260
-5055190
-6785914
2295936
330063
1372176
5568580
-5812590
9190546
-8612015
3328366
5562070
7246016
1736527
8732350
1888036
-1190291
7067338
-9188579
-2876250
-7625035
7180001
-9493359
-3399348
-1831395
-888913
2884004
255773
4029952
405144
-4482989
7530470
-2447813
7973351
-5306711
2818304
9193948
-8210392
3781140
-4204466
8605661
-2835119
8652238
8421453
-6634017
-1892174
-4299029
-9201676
-1343866
-3418625
8780090
3221570
-7576822
4524692
-7131322
1578031
7481782
-6970079
996252
595533
-6782282
1668264
3779656
-727526
7598216
9026370
-7295187
-5574915
7021217
1507292
-7101281
-7629132
-4144219
-3956499
-7246961
-8043766
5666970
2693085
9576852
-8377708
-4365214
-2514146
8162976
-2084830
3051504
-474849
-2494145
4856381
5099467
-7213681
-8329896
8091079
290976
9199059
3762129
-9604700
5584258
-2552520
3714807
8077431
2198003
8987498
6593303
7589816
-8642256
-8481786
6981668
-6691768
4866906
-7788369
-7791107
-9727921
-4972390
9368438
-2118848
4039163
9636447
2745567
7982719
-9406645
-1151518
-9886570
7333631
-8603597
-1338215
9048253
400703
-1842727
-9416091
8167482
192634
-7196396
-9322557
5497844
5957898
-420175
-9211744
-1531544
-1220243
-7040632
-2246326
-9845396
-722248
4379725
9352852
9405339
6133244
7181985
9936281
-4209185
-3676159
8656625
2387653
6387372
-8344402
-3365751
-9136941
3474567
9895987
309536
1045008
-6689659
-5000812
3090905
1858903
1103013
9778699
-5715454
8217656
-3687338
-9645326
7402741
4110299
841751
-7269781
-7786642
3992969
1784636
7765843
-6364236
-402354
921888
3667713
-7018230
2525076
8131498
-1617524
2530035
8427158
9859548
-2869538
-8767235
3563520
-6871648
-1809100
-3868674
-5081473
-230939
-3184983
6762241
1929128
-3190045
5969646
6774551
-1888302
6514297
8108635
6815082
4416179
-7408073
5839799
-531433
-6259709
-2877393
1007443
1970531
-7226692
9426999
828214
706713
4192533
-9824248
-6305949
5783094
-7442244
1717223
7143743
6266796
614397
-8429712
4809300
-873864
1410805
4576975
3599352
7102195
-3241209
-6931310
-6316139
3311225
-2232950
4262566
8472564
8380236
-5364210
6149441
344412
510560
-5158708
3655416
-6353058
-5428397
676239
7220033
-8281550
1091428
5811126
778227
8757015
7680924
-9232410
8660467
7824961
-1618079
891646
-7110043
-7251594
-4267009
-7280264
-8653194
-8094036
-3648433
-3462944
-7779553
9747278
-4504363
9634655
-3965574
-5325794
-5263854
-6230277
8033743
-6586719
-1527110
-2116408
-349245
4793970
-2579828
-9071593
-3060203
5787900
9963147
7148080
-7276305
9222596
441016
261722
-8414047
-9450117
-5790400
3882586
6244417
6040964
209010
-653643
582290
-7849448
-4253640
-3040172
-1760615
7411883
-9514255
7669400
5863542
-3300892
-4293440
-4127414
2379619
-1579311
-9248679
75670
9176184
539720
4642746
7170927
5713598
6050497
-2539650
-7308047
2005163
6332364
798112
-8321207
5941637
-2822244
4262377
-5757825
9288759
168765
366354
-1889903
5481162
-6782742
-2642413
-9301851
3204404
-8005061
-3820879
3681318
-7678222
5860911
-3208739
5869353
6894536
5104576
-9040862
9880090
3491126
9752574
3163077
5844302
-9774406
-6851096
6064304
269001
6014193
7476039
4747603
-2914795
3143692
2601955
-2517441
6295592
4925232
-665848
5597890
9022451
-6653647
463853
7484763
8639104
-9268135
-7083984
3225882
3685765
-1862258
4696534
9232
-29515
-678452
9883357
3146162
-6712157
-7269690
8409000
-2600546
-1554336
-2734221
96184
-7212375
-4634681
5112010
-2387108
9331175
888148
-1756082
2363924
-4254474
914217
-4918198
-1577960
1545409
-4760318
5227805
1280773
2623668
-8609620
6372662
3050898
7774708
635107
-954966
359274
3837033
9378009
9483924
-3148899
7939556
-4539301
-6775212
4417300
-3353863
-7360457
-7647888
9875758
-5588122
2833122
-7023355
7987594
7892293
-3264130
571134
-1036215
-8175510
3607649
-6066094
7783404
7737891
4567001
994724
7374846
-8741736
-5401908
78834
-2889443
1121099
6721012
447696
-4764411
-2312747
-2513105
2265098
4518295
-8242022
-9490885
-3602003
6127352
6071600
8946156
9682360
809503
-6997901
6000938
9044660
-9130442
8497384
-5985867
6960004
8670019
-3186624
9048588
-5100405
2984170
5988398
1966514
539766
2777848
-9996963
8506440
9613630
-200958
5833564
2133370
-1372796
2255283
-2792110
9065186
8172176
-4647678
1522400
8463639
302909
-6621041
1250386
6981216
-3970829
4276442
-9231044
8349211
3936631
2706930
-7470759
7434861
-1511728
3844917
5728715
4158184
8254666
68881
109690
-2350416
3681926
-8998480
442646
5040957
3218689
-932553
-4721290
-6082902
-3422718
-6601909
6253948
1166119
-5930064
-2848111
963986
8732766
4951148
-8039612
-2313282
1661214
-5399510
9230973
3385431
9488954
4358013
-8280897
-1217407
5147853
9026294
2642005
-6382030
4613129
-8240245
-8473251
-4450781
-2536886
-6186468
-5793787
9171943
-8345919
-5016170
215678
4617688
-9928556
-3110011
-6011817
2656982
2913247
-1230425
-4939426
-5544044
7557855
-3189398
7326620
-3678074
7710205
8707049
7072475
9441513
-2603569
-6446952
-9688927
1857551
3678912
-1974624
3013701
-2131892
6306764
-9660910
-8119862
6677999
2105341
2491799
4206566
-7255273
2956566
-1631147
1632893
717376
5771157
1851692
1478197
5924117
-3174650
9112379
-6792670
-6674790
-4241290
8006497
1416930
-4588559
-8767401
1104017
-1627411
-7249512
2542661
-5907889
2849113
4537772
2871749
-1260659
-949909
6258983
9072
2939892
-3342509
-3805612
-8161802
-2055493
-9882417
-5245747
-3354965
9118943
8171573
2334549
-6269302
9516046
-6628671
-3135408
1782830
-640096
9930910
1484999
-6588378
3424978
2917387
-5151551
2027767
9227983
-9518216
-4402637
-1717294
-2247764
-5223681
5412161
5204929
69117
5039338
8703803
-2344291
7567920
-8942303
4080675
2292440
-3566276
8216002
-9030951
9131742
-9744308
-4723050
-9470847
-1697143
-694903
8413230
8009092
1183059
6930528
1036337
-9817120
-4010508
131024
-1584451
-6212521
-9446500
-9451129
-3735516
-4506395
-4207594
5059654
9839972
8582177
1343831
6330324
-5695949
-989577
6265859
-9455949
-9608775
-1062618
-8629679
-8150353
7755130
8630872
-5815509
-8362242
-4364745
-3251340
2178957
-6678898
9027207
75760
3257311
-8312076
-3411426
7838150
7191899
8706100
-5906261
-2134741
226412
-2530668
9621205
-9886267
-6378599
8492515
-9460268
-5300321
6768797
-426048
3460217
380088
-7875496
-9612407
-7888390
-9185099
-7751883
3611576
-840115
-7616292
8102451
-3001403
8866831
8808397
-9716266
8478607
-9527754
-1236732
-5222974
1055193
6350127
3997849
7505828
5292522
-3424094
-6527717
-8647501
192954
-336594
751127
-1633506
6983661
1757975
-6993715
-1963080
-6731191
8345664
-8040
-72028
-9384966
8709229
-9706398
2985763
4541001
5361869
813386
1108900
-6602220
7630514
-6562340
-9384702
1585115
614975
-4873602
8953940
-9010237
3608524
-6537927
2851512
6922798
9245091
8991764
4103553
-8357161
6639320
-1641460
1176768
2198721
5860580
9068324
-359539
-2670996
-6871933
-8782913
-7838112
-2122144
6556780
4360290
9589811
-4669826
-9656988
1229781
5666354
5064063
-7664076
-5062984
4534451
-9686949
5299007
3736008
7288797
-8228179
-7406346
-9482322
137892
-9841321
-8457391
-8404936
7380824
-8407304
-579393
8399753
-1370958
-1294337
1407198
-4869965
1876345
1072262
5124932
4770390
-7287776
4705857
793161
-3069461
-9765032
-8908581
-3717365
-3821244
-3518568
2936127
-8945384
-743203
6276489
7818898
4036733
-7011998
-3815311
9266198
2488425
-1300973
6654302
8352376
-4209161
-1168558
2085093
4131566
6737005
8877838
-8334807
7564480
-1957272
11160
-5551764
6607147
-5383542
3149518
-2797512
8489642
5247615
2541367
3198807
-4170968
-4500033
-3274814
6766686
-4584839
4246130
8306126
8661049
5848159
2818638
6270668
2923712
248930
-8303526
-1717909
-8856264
2772379
6156322
3260861
5410192
1567818
5811332
4268334
4278604
7485575
-9202119
-4115766
1134077
-4744369
-9957118
-7864594
-216686
5760889
-1857402
-4753522
1725703
-2342290
-4825607
-2111357
-2578777
-3822155
9433964
3576095
-9640069
2958460
8856911
5020955
4838913
6600772
-9054211
9485466
-2946474
-7572232
-3458308
1224516
8402648
-4411782
71214
-9212080
9494927
7171953
-5225970
-4840362
-9113815
8555863
-1577885
7056043
65688
3753354
1477330
9479917
9333815
1806765
-1698769
-6812669
3162698
-9136269
-5290323
-3000817
-1398807
-4414152
-6822469
-6596120
-4770655
-2099499
3435661
-6454216
1260791
1628352
-9528601
-7785016
-3758900
1621071
-5218305
4981725
-8295559
7479339
1444077
1084625
9278223
-2741272
-3300410
314016
9230641
1826656
-6695307
11462
6368161
-2177989
-3170250
-9343906
1981416
-9803935
-8616741
4820422
8913752
-9924594
8680953
3126079
6627251
7277148
-63859
1972149
3443136
-3811225
-8160242
-4342360
1568412
-7040044
-7693911
2417160
-5212204
-387152
624171
1542622
6605920
3124720
-7162456
-43835
-5938896
4383965
4398466
-3054442
-5745400
8290556
-4157380
-7482843
7359423
3125341
-1140757
3287652
8909081
-2511734
-9003660
5757349
-4662689
3171817
-5920330
-1185649
-4314220
-8878009
3563731
7017561
-8828016
4482491
4227517
-2673702
9151316
-6425512
8415290
578624
6198256
1406003
-6446313
-920948
7081480
9048568
-4881736
6179051
3256823
-4462188
-4547154
-8963631
459528
-9738593
-6512510
4840500
964413
-3415297
-4045635
7759212
5928721
-5133440
-6124905
2336725
5535409
-5568225
2564082
-8851318
2372991
96401
-3988562
-607990
4748216
-9812713
1917598
6837197
5278251
-3261989
-2755762
8927719
3637998
-5354354
5239664
-2246046
-5826045
-4791033
1909667
1270614
-686312
5140073
3955008
7536462
5369793
-2724500
8574165
-210441
-2695795
3545970
-7533346
1492741
-9472043
-8175522
-9286172
150603
-2727785
-512899
9320481
1247539
178418
6732325
-4195323
-1178297
3167946
-843068
-2214307
918585
6434818
1836816
-8294954
7762283
-1177331
-8349140
-9443871
-9442310
5201687
3491768
-8375600
8564440
165658
-1540108
2395123
-3011589
-3077983
6271281
-823667
-1885619
-4208388
2932627
524518
3545465
-4647941
5802929
-1230416
7946883
6886399
7489412
5302788
-8078297
6416728
7253760
-3811276
2989664
9857062
912553
-4782784
-4336701
7660092
-7347848
-6044780
-179914
-7275250
5564348
2183555
-510208
4749006
6849023
4584614
5545583
-1626360
6284826
6435221
1286026
75279
-3967655
6937854
3491774
-3886280
9695756
1963890
-2134425
9068601
-474408
-8343031
4345369
-3066276
-7679687
2046376
5503594
6558472
8142759
8073371
1694438
-5158046
-9875087
2137606
-2741477
-5847084
-4595866
4095758
8299324
-7970194
8471858
-2452929
8582606
1962802
7899476
-3641072
431186
6709444
3596786
1892940
5768634
-4585354
-3510287
2148917
-7151682
222841
5670438
5587248
-6719183
-3921277
8333385
-1531604
7029243
-6995435
-6918936
989395
7675950
-9729674
-9708920
-5718417
-2727199
5462901
4447965
-3413354
6276915
-3825146
549812
1729697
3601010
8392213
-2533014
9695070
-7783264
3584705
-7985219
327723
-8238298
-910715
-8203045
-1170434
3004928
-3132966
2040196
61002
6810597
7895447
6794140
9955897
-158262
-1523646
3541295
4405370
4904617
-8433737
7422996
-2597113
2394112
7091236
2450556
-2344075
8445294
2430186
-240471
195342
-5551981
-7420077
-5127684
-6226937
8320615
3123355
6637023
7901585
2020778
5676697
-5753826
-6458747
-6870627
-9651877
2624239
-6726549
-3768523
382006
-176773
1145200
-7529630
5688211
419259
-626830
5686619
-8433650
-926302
-278703
-8728529
4496479
-6663841
7294061
1154348
4285167
9824806
-806783
-5169292
1304237
-9611260
7960194
695500
-6587040
-9741668
9985318
3643032
8976725
-2347187
3631345
1765838
-9363382
-3376259
-5495735
9716294
4928011
2199858
8907769
3367668
8457476
-3708829
-7459862
-4831863
-5181069
-4485592
6184263
4919114
-3037820
6021986
-8758784
-7849065
-30214
8294480
4171501
9722658
1211611
3095186
6633747
-841115
-6935274
-7127257
6076066
1631690
6441428
1278404
7678750
9141354
-5748409
8727269
-7033645
-4059935
-7606918
-1904075
2415902
8565595
-4408243
1312729
5804727
-6743499
97406
3229740
7151627
8772456
2110247
-6878669
1003359
-8683633
-890429
-5154405
4347560
4819595
-8595499
-2369781
-5781560
9658906
8240317
6496255
6419644
8180629
6677227
-7340215
-5515747
299538
6184592
-9859217
627484
-1887015
-4876746
4658050
-5523378
3950511
6010760
-485796
970824
-5805169
-3683412
-8063931
9528619
8960026
-2169615
-1140661
-7201131
-3042168
1378154
-1137910
8270297
-7883723
-368398
-3452679
-1949813
9220224
-3181204
-8641885
5027343
2738763
489381
-6635268
3437540
-3711797
-5973023
7649104
-7521741
4306433
5102253
-8323122
-858180
5456924
-7774207
502102
7373798
8913510
-5105971
388981
-2778478
-4821562
-3580277
-78480
3126345
-6252211
29380
7072994
-499127
-7704333
-1071027
3396409
-1385668
-1820735
-6719670
-33915
9207030
4189170
-4136059
-8725735
-4025042
-479704
2715852
-2210529
5796324
-9830069
1498965
-771714
-8972146
-9432570
4714611
-3070478
-9153912
2784287
-4606511
3842072
-4170893
672220
5335992
-1585787
2837875
-9120498
-8927949
-7640913
8320361
-6815739
-5085508
-9775826
5147436
-5991052
-198467
-5736257
-7912995
-3417499
-597997
569496
9654942
-3039404
2225778
8878224
-1388965
-2033483
682001
-9787872
-2211429
-3055605
7144161
-3281686
3923264
-3131230
9211737
-808881
-5260958
-4255378
-3810239
6404981
-5380053
4554711
6504107
41752
4440977
4613517
6973971
-5595406
-3070994
9781585
6325211
-7958546
8683658
4907975
9623600
7686951
-5928122
7481435
3258377
8830290
-27939
-1081100
-3366634
-7010682
-9267278
3949614
5287787
-9810768
7273327
7241745
579418
7490034
2805532
-6302761
-2228662
4274301
8839670
7944237
9542914
-1359935
7701691
1690785
-3743327
-6057258
-2270345
-6488770
-8933298
-5718895
-9451589
-946846
7270916
6420514
5722512
832776
-8008676
-8814350
-1408328
4428292
9127083
-753833
103853
8022387
-9253742
7559618
6069543
4329161
9273560
449248
-5295356
1398782
-245678
-5151650
3857519
-1879612
9626851
-3185701
-9345726
-1422117
3775927
7018447
6846281
-160723
-7780188
-12351
6483175
1273344
8949532
-7424849
3267410
-7648397
-2348287
8218482
-6853667
6617535
-3174103
5528554
-11812
-4099183
-4137524
3399375
4852974
-1854708
3034372
-8606791
4662603
824308
2230469
4117066
9699738
2778255
9718952
7662500
-4441146
-7458259
-4410580
-139046
7236526
5704951
1194770
3952697
-7534087
-381890
-7739291
6779673
9755840
5804825
5045464
-1376720
-6632628
-3850479
3086309
-1009310
-9417651
7842608
-2706688
3622174
9581880
-1556664
1003587
204705
3151913
5113313
-672782
6417883
5389882
-2342766
7281687
6038193
-2152008
3614972
-1210594
5249140
-5339906
6966421
2835539
278225
-2343366
-7252494
1715315
8656023
4638734
6489439
-9680358
-7627246
-9387934
-2549175
9113854
-1756722
6500425
-1699031
-4685183
-108811
-6071909
-7284720
2542490
-3542118
2379595
2469039
8723284
8569609
-6220443
-3073615
829756
2499053
-8871502
1133656
6452110
-1891484
-26341
4188871
-4134398
8067751
-2994597
8946600
530139
-3866194
-956493
-575247
8715336
-8667710
-2729903
4095361
1190733
-1922215
-1877897
4386074
-8587334
5044363
6107105
-9082539
6909591
6072717
6841724
4426612
-980395
4999409
566846
6632428
1096895
-7994657
-5587034
3481515
7189571
1101866
-5061035
-5232439
-3183892
9305327
9887795
-5433028
3709946
-800248
8330910
8439339
9783616
-3348866
1043930
7695075
-3029777
1051320
-6590585
-6697775
-8948586
-6646653
-2267045
-332026
3987350
-744014
4388587
6116123
-1463892
-4444593
-9458193
-6801037
-2813995
-9879426
802903
-9683638
-2417630
-5087560
-5235229
9721216
9449241
-5087711
8149229
-9486253
3777810
2860780
-9171518
-6256152
1070821
8615719
-8068316
3904266
-5866712
5649521
-5903418
7516143
6251902
9930470
6892210
-3630452
-8578192
-3827785
-963985
8986188
-5700524
-507784
1214135
-9808368
5547389
-510577
-4912094
6635198
3508802
-1269448
-3791584
-5613616
-4453135
7806790
2807997
805222
-8045367
-9033332
-7483847
400073
-8815258
5119445
-4649149
-9750595
-8831316
-7432366
9397878
2775401
-275894
-4882852
928117
8924423
-1118867
340064
-3294309
6582825
9421756
1646914
381516
5220680
3159352
-3921415
4648177
4516505
-8603395
-7132265
5025662
2994717
4275320
-7059004
-1622936
-8937210
-1427001
1417311
740076
-5323202
-6969089
2462671
-621312
224937
-1915306
2315173
-9105354
-291508
4023598
8889542
-373278
5799024
1523481
-8459818
1898010
-5709538
6061410
-1815999
1035642
-9354202
-1037049
2566739
8363581
981383
8655478
3304742
3986945
-5956069
-4284203
5850798
-527221
-4586194
841985
-2717710
-1201507
-5579838
4098474
3170060
4813629
-3515827
-799904
-7450953
-2894390
1503829
-96583
-6437715
8944092
-4163931
1742582
-5646794
-7381464
-5254724
7198397
-4370564
9110895
-5887356
-145935
8440252
-302571
-2206865
8839241
-4267673
-7512510
7982638
6785175
-5384178
-5507032
-3909165
6785199
-5452509
-9400411
6506147
-3314641
7393683
5796002
-5522582
3855748
8391220
5470014
3140647
-7110027
-9680345
-3233623
688188
-7620192
1357437
-8782974
3772467
5776139
9333047
656703
5625461
-2347777
-1293456
8731283
-358931
-4137330
1202531
9531045
-73865
9396920
-1534146
5895728
3076598
2259405
-373092
8777994
2358180
3181792
4423968
-691980
-404022
289312
185939
-800890
9242161
8444484
1979490
-9171674
8984600
-1060482
-7607385
-1260114
1957128
9286941
-2274627
7003765
651226
4856821
-3718955
-8301898
9549021
1130220
-2902945
1329409
2391751
9219720
-321643
-789424
-7793784
-8220409
9915253
3094663
3592800
-9399951
3417149
6373925
3179958
-2964385
-9297470
1062010
8395867
-9080694
-1648947
-3690821
-5990423
9890325
-9622548
-7679579
3157181
6822473
7355689
-4885161
5935083
5179247
-3111359
520618
-7246009
2374595
1119750
6641253
6531483
681502
-9772306
5632416
2624163
-7978002
2864772
-561714
8354711
-5440491
3490017
-6030572
9535480
2178834
-6549214
-8529858
9936437
7423260
-6018557
3664554
-2037546
-7818205
-9741627
4139519
981785
-9425016
-5068088
3328019
-779133
-1322189
-507728
-2650025
-4361997
-4412199
-2854301
-2439791
5888902
2517658
-4654395
8349464
-8751230
3827423
-750307
2939314
-1315113
-4727286
-7314453
8442810
4079371
-4293927
-4823428
2546286
-9876323
-980007
6846139
-8887269
-3337891
1216484
-2045157
5834718
7058317
6395294
6655456
8629627
1370524
-6134283
-6695170
-7502876
-7855671
2640478
-2259063
-3500818
2413343
5664887
3180031
1142082
-8494999
-8509364
7401577
585326
-3350031
979347
-1872081
-1103715
9432627
-1159574
8849745
-8090051
-6654739
-7929823
4265900
-8783268
1981242
4104524
4488638
-9029910
9336728
4754300
2238694
7217220
8643902
-2329481
-9315137
-3670865
-5891589
3477684
-1394154
364059
5633961
2766122
-2898506
4688777
-386719
-4982856
-7670665
-1905203
2894199
6944666
6794281
1273397
816196
-7221983
-3057962
2442842
-5148775
-4974306
-8103533
-4964480
1766163
1479687
7424671
6867439
9050312
-5652441
9404753
-5629694
5287010
-3685265
3015579
5903681
3217698
-3651660
1881249
-5209463
-1208809
-3126428
2390602
7345791
1773584
-9345654
-6727472
-5894503
-4617258
-3362582
-9926418
2152437
6579048
-9529891
9653224
8881843
-3751572
-9195665
-2156161
4549471
-1785547
2191136
531343
1399344
367579
4637772
279845
1807517
-2416712
3336411
-9049988
-6047042
1339353
-4177918
7962840
-4161200
-5810197
3134538
-1415926
-8792697
2344684
2980664
-9170833
-9099951
-3492825
-1752348
9536646
3372510
-3565396
8839307
2475398
-4383900
-2917384
5216373
-4076895
7809648
2264831
-8373254
771957
7262364
3993198
-56026
-8165154
8898167
7236007
1174403
31500
-3064982
-6908588
7838740
-8976734
6261490
-5055614
-8192922
8649641
7582620
-9788720
-7162605
-4813318
628302
-6748324
2466237
3592242
-4298954
2516508
9146113
3829690
-943578
7007422
4716517
-440717
-2958815
4680185
-9798018
-9104886
3446320
-8510653
-665034
7026771
5822344
2816
3453016
8643705
-5193678
-4679896
19288
-7498740
-1966997
-6704866
-6756620
-4994850
-1437603
-8333510
-7403582
-2175862
8526483
2080555
-1746202
7406609
6327882
-8463329
2795465
-971421
-4170624
2305160
2079821
-1170841
6608946
9242341
1470358
-6576099
-5470777
6858983
-5991913
6700455
-5148001
-4242054
-8938495
1474199
3816861
8291484
7533762
9863070
8318442
4326276
9655687
-6639937
304613
8028260
5508037
8811187
-4897426
9044163
-2558955
9281135
-5007427
3350694
-4141404
-525807
-5938972
305726
-5273310
9992457
-5350775
-7772603
-8098955
-6488395
3360900
-8167117
4571136
4692976
4294801
-8308209
1949053
5998057
-879404
-8250584
-5360081
-9309623
2338604
7679521
-4778686
-8012193
-3976215
1922614
8228443
5713045
1911033
-5677395
9033427
-5298340
-5751483
-4620518
6420167
-1626340
8142602
6519030
954167
6788071
-536148
-5161449
-2288233
-6541218
-2686497
-1838643
6246659
9134570
-5883360
9217289
4471163
-2545721
5158708
764946
-1345848
-5993567
-436839
2191409
-8117411
-9372282
-3087968
-2254564
6959416
-7429685
5907815
1838441
-1964516
7410653
7668735
-3342900
8153553
-8171015
-7712498
6748567
7458019
-1997271
-3369510
5391596
-7388248
-5547818
5861623
-2498795
-7815670
6526473
6355054
6507716
-2802064
4870744
-4726020
-3305468
-1403486
-2143327
2296757
1160261
-7775842
-9675347
-8815780
-3026614
7418190
5918037
698429
8042274
6536632
2641342
3962821
7873913
7449987
-685602
-3384779
8353728
-4141087
-4555631
934887
8955394
2161207
7008717
8777574
6166728
3656999
2766387
2620783
-8191032
-9811583
-4803145
6448281
9166237
9949764
464201
-2396852
1195465
-7062100
-1737219
482996
-5889711
-5463321
-7003518
4681851
-9627664
8483095
-1070043
854531
-810973
7814495
4842565
9434033
127828
-862848
-8212046
-4883856
-679559
-9364770
5308235
-6206665
-8008315
-8219810
2759878
7911409
1479566
5068530
5825667
2099532
-5062331
-1819881
4634009
1191244
-4337357
6852406
-631785
186001
2475537
7317159
6628168
-199375
-1738960
-2402256
-91603
-7712810
-7000231
4427686
-369833
7771645
3896880
-9585320
-1022002
-2597076
5425809
5214139
-9787095
-9886843
-7551736
4819799
-7425046
-4676343
-4329419
5023087
-5084122
5315692
-9855908
7372891
1419837
1209434
-335692
4823713
8351142
-9329505
1635873
-2280289
4735012
-3292845
827280
-6039815
9885537
4164593
-5165574
1794986
-3312436
5365121
-9725985
8309453
9035614
-8108956
-2032697
-8902779
8948482
5473096
4547622
-5024116
-7919000
-639084
5684827
-1997636
-8323627
3435137
8248676
3092959
6768453
-7815447
-753238
408523
180650
5601141
-6039214
-1648525
-7915891
2858673
7373702
4822871
-3884404
9027014
-8786068
2496729
-9822286
6047989
-2829618
4931032
-6208832
-7593859
7600110
-8580299
8747841
5136526
-7466005
9787256
7171421
3220927
5733297
5041919
9797837
-5040769
8517580
3262577
1468583
-3261734
7192778
4174734
1977295
9329617
8177536
-8560673
-3633566
9635505
8923804
-7759366
5812477
-2482011
925541
-8973194
8295211
1737277
-2036380
-4011376
2573069
-4358963
-1577872
-4144728
972317
3901867
-6999764
-9133286
2194938
-1130193
837610
6780377
-5802408
-7373782
9826074
1614084
5922847
-4260412
7564362
6372779
-1743589
-1657711
1126964
-9425339
2753051
1283741
8083154
4727067
-4950264
7784584
-8565069
5956582
7450520
-4915390
7431419
-3903387
-1768419
8847737
-3299007
-1984963
2215434
-4688165
-6006581
928329
7609393
-8074791
-5693299
959070
9900283
-1965021
-4755500
8919053
5998439
-9178769
581241
241092
-6979231
1362301
-3447443
-578089
-6419590
-2135034
-1020500
-6233593
7327558
-3681440
1719971
9544331
-6645445
6805727
-5502979
1114090
2293441
-590860
-5792576
2833313
6449070
2749570
1927929
-7836427
-623727
9415706
-5704170
-2258600
-5723690
3374873
-8494456
9634011
-2545472
-7820381
6621360
-8137341
3118687
5310072
5799557
-1989900
-8965875
-5465489
-7269979
-4570750
6224422
7400880
1396709
-178061
-5033700
8811633
3428409
4599456
1368740
-1543975
-3997767
9307177
9662287
-2832518
6709875
3097875
-7292805
-5076372
-8940520
-8034369
7283776
-8143025
3842689
7310968
1186851
-7446290
3291507
-4458074
8312964
5257917
7220817
-9408114
6895336
-3553988
-5372654
5059477
-8550627
-7473492
7420792
2167464
8632367
1278725
1169201
-5662408
-8989471
-3126171
122705
-4830280
6696489
-4683745
1913404
-9717959
9628050
-395339
9878638
-7394102
1644481
2855563
3740562
1741942
-8923071
9953976
3630158
-284702
-4434417
2167610
5129632
-9776921
6768732
-6852049
2257120
-8514082
2151191
5677674
935406
-2466594
-2199392
2742098
-8673788
-5694644
-8048193
-5726384
1877224
6993302
-9679042
-4831996
5392963
7249753
-696868
-7692974
-5676671
2263431
-1603769
93571
-7176854
6667017
9998498
-6651213
9269947
2165231
1802670
6679552
750984
8808036
-6411212
3548744
-3968396
7915503
-8484551
3486165
-9739973
-84092
-2126916
-3258633
-3092173
8312252
712312
-4575954
-7979307
-8940103
9902459
4189567
-557450
-4490842
-4374568
1917497
-4849746
-145622
-122839
-5157174
-2892941
2406682
-8297487
3173391
1621161
8875865
112449
-5277906
7471692
6691794
-871370
1311731
-4534253
-7744842
3413
4655897
-6970966
-4751488
2116051
-7737330
1692473
-6061968
-2594036
2492370
5641211
4632328
3142522
2825823
9983818
-648178
5230845
-3154134
2523969
-8441061
-5065480
-4694653
8877704
2552
-6883701
-5352147
3039433
1320006
3986870
3415468
9558961
-9001829
1998907
1993939
9789964
-3862205
6724635
1778237
9261925
-9908006
-5710271
6925323
-5081841
-2319927
-484531
8744643
8773236
2371976
-6527578
5541042
301024
2600140
-7288490
4541050
8971733
6489342
-9664035
-8137420
5755477
5839187
-4188720
-5984209
-4432474
382427
-7543944
3576009
9176091
-8926155
2547477
-1464
-7509174
-1691530
-7729339
8535263
-4998773
-3033880
-6527230
-2617277
1809620
-7808698
-8718469
7725443
-5609759
-1699028
5264056
4164388
-1687346
-8686798
-1459828
-789186
7100943
7899977
-1889014
-7064615
-5157688
-1285799
-3972402
3123814
-5717375
8392679
-568815
-4691879
6062786
-2440733
-9673941
2816142
-184662
5686609
-8507803
2612567
-5676146
4083368
-6588483
6825511
4904816
-4167198
289300
8477820
1544707
-5443147
9870403
-133109
-829836
-8681841
701907
-4962143
-8909560
-9213496
1563713
-7125969
-5244195
728712
-9041689
-774859
-4374308
1576714
-3976864
5964347
-8235406
-190134
5066598
-8992668
3666936
-7618971
-1882651
5558752
-2025600
9658545
-1155241
1060748
-4871493
-9922072
-2609446
-341386
-6811157
5596484
-3762126
8570609
-67110
5935988
251053
-315720
766870
7892033
-3080609
-6482642
-8539881
-5942286
-664730
1213656
6670926
442513
-3666720
7794702
-6358277
-9228039
6975961
-4980086
-6354083
2152244
9375252
-1709168
2954526
2965039
-38587
-1969867
737999
7238229
-9733462
9766216
-3515853
1393164
8144944
3836880
8426255
1656209
-9359064
-8293369
-6858002
-7709195
1873583
1344238
6018656
3565041
-3322542
4873985
-654255
2755076
4110022
-122707
-5177804
9150226
8565295
3443637
-6585381
-1181150
-7932053
-7692266
-5316518
-8876527
127356
-7886304
-3192422
-3554278
9261745
-7987520
-8257462
7819147
2514408
1341494
-6199119
4000315
-3778395
8523388
1900515
7052796
-4043404
9009739
-1396995
3585433
-315184
-4905742
-2932860
4920504
-5871130
-7150655
9163233
8342474
3640857
-7581902
947753
-6127810
-3315165
-1119509
-9337996
-8352712
8120925
3022452
7834253
-3131265
7365106
-1534674
2084170
-8502723
-7906456
8930786
7643772
-4285505
5050590
2304646
-1736731
238955
-2080520
395603
-8197192
4357987
-7475142
7080515
4783248
7667774
7881965
-6081266
-7408757
1406079
6154571
6132043
3094187
6267690
-7436644
9398554
-9446608
-7311889
-7174249
3946761
-6697334
4257076
2944149
-2409962
-8897405
-9722551
-1069054
-2332560
9133189
7204091
-4390052
-8218917
9766400
-507484
334758
-6250564
9888332
7578731
-8238319
-8690956
8019821
-4230920
-2612927
5126243
934162
-1135199
-9255275
2979426
-8058892
5168532
-6486697
2938790
1195012
7610962
4346830
-702405
-145694
-4826219
6635523
-5521324
2551657
-7358946
-1769978
-6528323
3707670
8096741
1980017
-7571570
4419192
-5444240
2492415
-3495916
7673097
-6104828
9474050
5118786
-9134987
-6505214
-4215549
-7701851
427562
8815319
2401101
-5995393
-5086689
5740311
-3416467
-6293596
-9025533
7369014
-2715515
1250278
-6683552
9254756
-386011
-7927200
3202334
-2855454
-6924561
-5398195
-3535641
-5119766
-881007
-3978561
4432880
8955701
5657165
-6406456
-1138459
-6297363
5024546
9305309
-2693749
1570293
6087615
-1582627
2621220
9777973
-2298894
9363827
3820126
-1393983
-9352311
744062
565761
-139183
-768822
7511326
-1024705
5955134
-6827067
2919216
-6094241
688571
-1761723
-7359672
2129321
2975718
4422186
3934375
8547527
9122619
-7971233
2506769
3664159
4890963
6785153
-9644403
-8294844
-475291
-6743914
3982501
8664948
-7286041
6039568
6160990
-1528461
-6886506
1012179
-6387138
-8175708
-5646224
-9929677
-8844484
-6834251
-5490912
1372621
-4859923
-5437111
1350282
8940749
4473151
1910305
8334574
1940739
-7280236
5428956
1207363
7124202
5318524
-3030661
2231105
-9726308
1210445
-9873476
-8757816
1165842
-5942171
-4753592
9862627
-4664859
4038296
960183
-6072409
-170759
-9522135
6092038
-1965420
4813450
7180606
4022461
4130195
-6802765
-5142497
6295447
5897290
-9119214
-7554621
-1003309
1729410
-6703929
-3832460
-1934260
9652417
856177
8082496
3176951
-5912963
-8469948
-9620497
-3301402
851638
-127293
2113033
6755079
-3791122
9310597
-1488726
928921
7902044
-6183445
2877638
5777525
2841974
-4800487
9949819
2604086
-5613873
9850049
8572699
94595
-7331438
9101801
-1799213
-2183385
6094382
3576926
7736862
-6799491
2163786
3719012
-6450917
-2562611
5090621
-4186015
-8239564
-7694867
-4616890
288173
6670825
-5735431
3161056
3675699
-735434
-5067323
5517105
924568
961740
-9184537
5246251
7552367
-9696102
3408634
294422
8132390
7233044
5923776
-751232
5850730
-6064850
5444852
-3838203
-5952240
-1439025
4940334
-4854615
1718814
6737368
-4353841
-7346551
-9296226
6959698
1027296
-1640975
-5764621
2535390
-3043403
-9801421
-9355799
1483011
8832291
-1168412
3244524
-4270106
6862088
3541045
-7179521
-4953085
7857159
835622
7139439
9842916
395868
-8578463
-2308578
1496932
5175608
24441
6332258
6036238
-7496332
5805616
-7815382
7808606
6803508
8821319
4739417
3330973
9441318
-7434839
-6375922
-9475394
-521907
9236351
7838002
-6233253
2884646
41223
2768405
5876883
4800847
-2411504
-8437930
6666033
-1234421
6547127
-6994808
1273168
-7650740
6169695
-3746765
-8578142
9167689
-8776172
-1134643
-5153757
8975630
-4104943
-9600878
4850673
7113707
-4205875
3851613
-7729972
-5585606
860042
-6613280
-1620968
-2442217
7170938
8284666
-7281300
-7416418
-8730434
-4054817
3425098
-5084345
-793347
4280169
6510687
9524439
6944080
9641077
7294781
5296510
-8197059
-5141432
-7828766
-3132375
9327621
1640862
7110200
-3287877
8499549
-1841876
3904536
4555069
8432754
-444583
2032517
-8624817
3072971
9767968
-5764345
9324746
-7369840
8939363
-9745276
278466
-5756978
-738904
-9114565
-8439640
-1312932
3180077
9248220
-6196717
6705005
-3588143
4395224
3294851
-1684784
-9680309
5081068
-6305212
-9870429
4753833
-1243184
-6991646
-4844062
-7668742
5573378
126473
8524123
3354690
-4898910
-6062299
-6699202
-2587939
4443276
-5034640
820828
3625746
4340136
1639769
2433432
-8203738
145641
-2134111
7581283
-38622
1905188
8656399
8207599
-1075141
-4835740
-7279085
-7436748
8945843
3043328
-9180146
4144414
8365042
-2511458
4294472
3697962
-3735942
-6721730
3041301
-9925980
-8816912
5526046
6855351
4567286
219567
-5738070
5117916
-3835451
-5273943
8186279
-8398432
-2174656
2286010
3475547
3056593
9885115
-4708536
3251190
-1847516
2770235
8550435
-610747
1950426
8027804
6656578
8861049
9263581
-2894541
-8692665
871867
-6232806
-3432486
-7398918
-4957525
-67012
1710935
165872
-6647814
4108771
-8748279
5046647
-4430815
3140664
3240657
-9386095
4971364
-5646739
-8516776
-3366452
4648568
-9245419
-9496194
7083788
-9397028
4973326
-2806357
8116268
5458059
7830322
-8480412
5574810
3155389
-7666917
-3051693
-6074452
-5630673
-4920776
-9765706
-4666448
8003000
-983702
320093
4821767
3696171
-6270436
9063517
-2875797
-3517417
-7346001
-2894626
4188982
-3373030
-6881798
-1929868
-511528
-3344531
-7868844
9310834
7732286
-5044539
-3931097
2764947
7224751
7399116
-4014470
-9329200
-5462283
1566020
3479936
-3253511
128149
3082643
3578063
6628757
8829479
422438
8334710
3062930
-3959670
6684658
-998901
-780796
-9670032
-1433718
1803813
-1941577
9812954
-1437959
-1800285
5884378
2641318
-1323058
720568
-8330694
3989101
2648288
-5004883
-548588
4939194
1912569
9004386
2659307
8995285
-6892232
3383516
2417813
1002205
-4754242
186424
3946650
8837612
8513713
-9863235
-7759981
-1248544
-7141366
-2449238
-5163383
-3827763
8806594
7695835
9670733
-5012780
-2926663
9663753
2271158
-1296116
-7615527
-176730
-3134961
-2428321
-7833769
-313599
4945282
-7337696
-4018211
-8760784
-2539646
-2323639
4012740
1868201
6272756
-8257153
993942
-6605750
-6215168
5655395
1631796
5918273
-8311188
-4664174
5105535
2530048
8447896
6751485
-643860
-832435
1139458
6698607
-23301
7748549
-8680349
2889636
-710755
802952
5088443
8366280
-6728645
6362525
-1620205
-5362964
6386324
3313321
-2914806
620202
-5585065
9279558
9857878
1813782
-9143548
-357415
-5615885
-4585608
-9061468
-629466
6270307
687658
-4660809
-1630904
-835949
-7166340
-5116876
9238162
252868
9474561
-5831165
-7325988
-723190
-6409091
9208313
-9596934
89304
5418752
-2972023
6277603
-2822939
-1965927
-4967462
4531249
2180187
-9273431
7094061
-5275079
7473927
-4262515
-6079596
6124381
-3906833
5226609
7423403
8640628
-5702090
-6266647
-7808256
1982114
-9834607
6373973
8248025
1850458
1619889
6027710
-4923096
3337220
3728445
-6269747
6169248
-8203445
-951450
5390795
-5432505
-3051732
-9719117
735052
-9663836
1295861
6586980
-5909635
-8532114
1818815
-2297718
-1087368
-1643078
8768236
9562523
9720636
9469507
-4921171
1325886
-5280258
-6411809
7183336
3744902
9440524
4049382
3400275
5783418
-1805563
5972482
-1980677
-9293331
5320890
-8398784
-5395896
9450100
9594265
-3441920
-861444
-1714159
1526515
-4478518
7007722
-1195064
-6730887
3148279
-385313
-2831490
82126
311729
7129577
-7154641
-1278238
-2368381
4685328
-1362236
-8433284
6507931
-8057107
7332319
28168
3391932
6498195
3976155
1157074
-5692871
8480343
-4782595
-6014055
6060006
-7602967
3318737
-369643
41607
-5687211
-2008405
-96887
-4643417
-6043365
-3723683
4515568
1747297
-2293463
-343841
-3890622
1143228
6526242
8944422
-8568262
-6890113
-7143077
7564126
9098043
-7238319
-3371365
6586451
-8208120
-4888468
8845855
-754629
-8506933
2996336
-659621
6566223
-1108330
-6088854
-3860723
894487
-1265226
2184316
7302419
-6862762
-5396996
-8080405
7742475
7183894
-1463058
6721477
-712588
-6154559
-8318046
-4686763
1739563
7393693
-7578089
-3945514
-1729759
-3488642
5788655
1393117
-4562171
6854880
-3335426
-5936810
951581
2617594
3581652
-6890636
3496004
-3952598
-4665297
9153947
-6862846
-9378273
-9144586
468676
-4944198
-7632351
-1517150
-3440669
5572502
-6853322
-8560380
2353861
-3671704
8659807
-4902686
-5118749
833032
2286350
-2917673
3892039
1295223
-5896798
-9109279
-3235140
-3236185
-5128072
1061294
1861378
7920585
8197107
121076
-3658606
-4095124
3779424
-1504985
-3260585
-8979996
4471831
4743453
3190916
6912560
-1515399
8537549
-227617
2710603
-5944615
-658092
-1544692
8215984
7401746
-9076880
-9949863
-6944532
-2057362
8237439
3040239
-4435322
-5383433
-6597253
1578654
2932718
8677969
9279288
-9038310
-413230
9211981
-8535017
-9526672
-5531933
-9459750
2906851
-2658243
-9189867
4519812
4165824
-5874457
7550235
-617282
2202388
4557664
1572381
-1317638
-6721433
1667290
-4690451
-3179490
3897552
-4770751
5748896
3610396
-2449451
631971
8087477
-7612135
-2328680
-5684322
7020776
3149531
-5288646
5497741
-6674887
-2521664
3630412
-7207632
-6468062
5899179
4788381
-9215404
9097593
-8925079
5603571
-4035412
9927339
-3746838
6234418
-2100866
286215
4373923
1234941
-6016307
9113770
-3224601
3963753
5128271
1591528
7003990
-5532109
8529693
-1107031
6630711
6253497
7674638
4903646
3991941
-2950203
-9263238
-6872483
9416723
-1698961
-5923185
8510673
931841
-7391130
-3202801
3819802
9225109
7282408
-7870683
-8642806
-2018918
-5573672
2273310
-3498239
1915321
2255413
-1345575
8386165
-3167892
1976995
4721605
1949099
7529438
8316856
-3576901
8432259
5225806
-8607473
7472674
8620721
-4576553
3653461
-8965228
-7388549
-2225558
1129876
-8612290
-790492
-5471715
7061058
-4945532
2155910
2590826
684879
8557884
-6661987
-9309941
-1364171
-9809442
4518418
3372110
-1879679
3520411
7972213
2682076
-2303350
9244724
4457493
-4503498
-5418133
-4427403
-8940506
3483057
6156369
-2871071
8700233
1005330
9796576
-4944668
-3057660
-7444821
-4577882
-6971550
2485488
8386809
9205456
7212457
-4020583
4100891
-8014792
1783628
-2901647
1613865
-4377573
-8951650
5630569
7353236
5069914
8699055
4375005
9131873
7011035
-4219852
6455239
9372459
6373909
249070
6094003
2430780
6898582
954260
6441685
-1753287
8727661
3259556
2136970
-7587815
-733203
898357
327968
2109298
7262172
7477928
-4947616
3989152
-15234
7915930
7844259
-5084259
6207032
-3402225
-1528040
7618373
3143234
6321371
3972183
-9542330
-9587936
1361071
-2294496
6625517
-6535378
9040655
2597497
-3586649
9588759
489704
-8609651
5320739
3656814
2515222
-4054274
4981098
-5443148
950095
9067178
-5037896
-3933659
9215242
5299677
-45675
-4283873
-9333032
-6492645
4953165
-3550237
1024372
-4391395
7813432
3965561
-7521682
-8089435
-8335681
7794309
-6416653
4546053
-1335223
-6764798
9505163
-2265477
-1207479
-4668137
-808954
9174603
6191092
8456140
8284473
-8575824
-5297478
1828069
6905953
7079419
7093703
6115098
9944970
1903689
-2050152
-1635179
9822300
-1377285
3109190
-1139532
3582617
9759253
-6568740
4211190
-5343255
-9140260
-8313065
5727291
6177199
-781794
6932494
5137706
-622678
9122498
-876538
9468869
-9314300
-7972574
-6281790
-1030025
-2891982
9274745
-8801437
1593493
6622317
-6020916
8049957
-5384582
9740485
-1498523
8415872
8605596
-9492734
-6749649
-7625008
2503894
-8373652
7971440
-8919631
-1614512
2355153
2478728
-6004817
-4779097
4209453
-7537637
-5760031
-1102720
-5323967
8675302
3823512
-763535
2457780
-7329054
-9732093
3125441
-6343744
340765
5079664
-1154943
-9907864
4160366
6521434
5729266
9185607
-9484412
1113437
2345358
3565205
-9757493
-5684788
-4216682
5340841
-3154559
1663902
118366
-8386063
718280
-886208
-2115578
-308743
-4016950
-2950617
-2731134
2656577
8596323
-4969434
-6157073
-8876009
4259909
-7478718
9701592
-5909304
-2857945
-2052648
-9379486
9065797
-7446870
-3063606
-5268131
7218650
558833
8240699
-7135787
6542536
4419221
4040028
3071769
4937529
2397874
459045
4611262
-4924338
5222960
-8599875
-7166068
-6496021
9309513
-9695737
-1406084
2691328
-6155924
-9562139
-2148213
1760920
-3914172
5996066
6687705
-2616407
2838943
737991
-8931084
-3120627
-1353655
8151148
-3798703
-8299559
-527580
-9939363
-2390409
1222246
9583443
2386199
4171483
-4384913
1632399
-1655590
2350307
-1382010
209745
-9465721
-9516868
280340
5566318
488746
9783654
-2080567
1233465
7944905
-4383937
5118381
-6588143
-9225541
5087094
-3454993
7210037
-4306883
8463706
3378931
5267936
-4773188
-1634291
796480
-7642986
-8598833
-7579354
1969804
9786823
4765496
-6158883
-7276406
8337522
1943362
9420980
6529232
-2861014
2159468
1576112
3189539
-9724189
-3211451
6585875
7688497
-1350949
695298
-179579
5411624
-9811543
5008800
3653101
-4970481
2046480
-2430832
1762993
-3485184
4567
7863077
-4754213
6785853
258717
-5103833
-8820370
3786987
5983430
-914730
8071834
8729517
2747612
1943248
-4944426
339973
-6226631
-1261449
4040371
-584890
-3170597
2778935
147814
2329724
-3851915
-6606502
-3415596
-3154634
5209359
-5188300
4963279
-4318864
-857153
-8434268
-8681365
6168301
2787800
7905501
5154679
-6398723
-5912139
-7957343
1274782
-4832724
-1786348
4751447
-3259088
2474975
-3538864
5861036
3040787
372815
5502724
-6864609
7703770
-1944449
4651729
-1320599
750318
-9495467
-542067
-271471
-8547767
-6721300
4653989
-9526080
4930947
-753458
-8410973
-2667035
-5420256
-9274041
6971653
5070728
4919252
-8758995
3067401
-6194054
3533615
4847218
-2993312
-4811504
-8382172
2219262
5941169
8647777
-899519
9064498
-3757584
-8168967
-1370615
4813941
-9008815
5107468
-5136901
252951
-9823381
3485547
7292374
5488050
1719799
-4735213
6556427
1363416
-3700571
-391716
-954872
5567225
3539067
719294
-2303928
6461332
-9343711
7003289
6522792
2243886
3689000
-3415391
-81874
3368871
-1568948
-6549527
6121713
-989818
-7639925
1101251
-8949016
-8195443
-889245
298956
-7029041
9989765
1556948
-3278822
-7054654
-8013383
-4639224
1322944
-8134084
-399188
7245939
8526917
2427445
9355045
-884645
7876915
1789066
-5914871
-4605938
5307867
-7245396
-6135497
-2886753
-2462454
4628709
-3031491
-3463763
578523
-2009752
-2232848
-2752607
6213878
-3531628
705753
8859504
-7606304
-2192163
-18507
-708465
-7598901
-9749152
3113655
1835552
4590706
7652582
9073494
5582999
496027
-2046285
-6653042
-9738628
-7781111
2043198
4995502
-7049068
2733701
-7631744
-1219416
593634
-8866691
1397086
-1340598
7608659
4246448
-6123439
5786648
8339971
-981940
-6864341
-1107851
3730215
-6217817
2999097
2878280
9756197
-753777
8027613
-3476140
-7752051
4272182
8286220
-1381332
2434816
1263377
-6111447
2798651
-4089533
-3523584
3849457
8219584
8180292
-7603706
2461004
-6280599
8105171
-9497054
-6240497
-9859341
622451
-7300619
-8196750
1736688
-9706499
-9828214
-8808362
8076720
-8939794
7731614
349837
6117694
-7955750
-5027553
9552753
3123134
-6095865
-6807817
3027393
2938700
7777859
6092067
4295034
6596014
204817
-2026449
3465808
6578552
-6974136
-7388138
5759692
-6070405
3029245
3444043
4325956
-7874414
1032
-4808869
-7076314
-6679194
-48448
-4816755
3507759
-9763302
7072759
-7335078
-3625243
8396618
-5960263
-3085125
-6652482
1828796
-5720819
-4867146
-6327140
6490832
-5009782
2303947
7983927
8622116
9062368
-1005502
-6564072
9617873
2422485
8394101
-5734420
7348594
25286
6386733
87262
-4960631
-3098918
-4981148
-5321959
-2210038
-6943535
-5046675
7651119
4824078
-9382215
-5344368
-6764321
9451682
4184897
-5162768
-8155896
9808107
-3038843
9917137
6583165
-668589
-7399061
-660003
2641762
-3194502
9402183
7163878
1439589
7423613
-7944267
3682807
8624524
-4058554
7643110
-9031353
8099817
-798496
-2778578
443124
2399237
-9161190
8418532
3521438
-9958774
-5781522
410451
-3917280
3695104
-9988542
-104324
-1377158
-6023469
-5591330
6667920
-5522284
375366
-5390824
-3485746
-5827199
4069111
144101
-5759683
-1926487
9049486
8478547
-6303217
-1693715
9425980
-3897430
2235944
-9103624
4671999
-8738843
-7049227
4622238
-1173338
-5395379
-1393701
-8422275
2319941
6353885
-283872
-8607140
6927166
-7579729
-4347839
7967468
2723658
4905550
-8978316
-2625606
8567886
-856579
-3422617
-6419125
4601746
-2243535
4962209
-9336266
-5884484
9893658
-6035682
2552787
-4761615
-5649791
-1714791
6545879
-794773
-726097
1108959
-4872633
-2157958
-3002269
-5638460
-6308023
-4549049
7259359
3248309
-8610477
-4128580
3173199
3021540
-1052463
-7737442
-4369022
-9084150
-8089918
1237738
-8920597
9407824
7432332
6526051
-1130102
-3741985
-53161
9233640
-4720435
-9277894
-1539518
-8446838
-1722879
8997448
-2713738
-7111646
-5279482
5280258
1598003
-6605836
-1037152
193531
-4858552
7600092
8657931
-2526479
3248527
-6705251
9589487
-2636419
-8792771
-1075509
-2224934
9447636
-9274412
8253091
-7404325
4814392
-9458253
-3961524
-3310201
9718596
-9907735
-8972889
9341791
-8457392
-9308652
-1391099
-8939546
-3751588
4525780
-2826637
3603160
-2829762
1201792
-8879951
-3001775
6519164
6821681
-7360833
37685
3485633
-9231096
812977
-4923739
-1475088
-9405344
1056565
-6458177
7114155
7510437
6870879
8096876
-9958048
-5916745
-4612950
8468703
-4157322
7418608
4305524
6358534
8477280
-3690046
-6378756
-4999008
-6627988
9570764
-8711511
-6300891
-898371
-3266009
9842387
8377572
6063225
136303
-6650460
8920754
-1367269
2556007
1692469
458007
4793014
-7487985
3124925
2563047
-1416494
-6265338
-8717864
-580723
2939506
-6950323
5306942
3340926
4025276
-8363895
8348279
-960810
-1391262
-3484654
1525493
4356616
-3741919
4436889
-2268635
5217297
8699239
-1255201
2451283
-7326597
9855103
1508230
828484
-5448135
-5631389
-4613526
-7396418
-134693
-5702935
1515045
54657
-3985501
-6107214
409459
-5621870
575693
-4976701
7312747
-9275989
-8226477
-2203090
-3608035
-611277
-2327948
4508068
-2152125
2109423
-7139636
1640088
-666584
-8135731
-95829
-3311861
5359248
-8322627
8006175
956388
-7747180
-1133087
1780476
-4387717
-8722979
-2871063
-8809545
3060013
-5932716
-2612321
1056384
7812453
-3626480
3250205
-1608529
1084447
-491986
-8244644
-9491355
-8629966
3678033
-7585127
-1452048
-6565167
6763621
3655895
2715343
5148253
1213666
-8732487
6163346
1352682
2703557
-7508244
4800317
-984291
-9174805
-2639115
1678379
-6351182
6478032
-5535536
4577164
-8388337
4865614
-7965412
3128103
4971097
-3612869
-9281639
-1299524
-3570781
-3941869
-6353025
-273604
4546171
-7088353
3150560
-5152663
-1404831
3257765
5103094
-2365593
-5153734
692176
-6895976
-4978276
1953316
-8065383
-1555471
-9557123
-1831480
7839580
4012582
8112718
7572727
-7365924
-4594904
-3366232
2152554
-187744
7550652
5894210
392232
2690048
4543510
2775491
-1341922
558672
2610421
-6519362
7559810
-3396944
-1743088
4240439
7273421
9974301
9309172
7923051
-193065
-9845397
-5939104
8156243
-9377299
5994922
4526780
-907087
8341541
-9386881
-5345090
-3802884
8744002
-2288211
2380623
-5629459
4328605
470140
945445
-2986592
4205247
-8070034
2173934
-565247
-3135313
9216564
-1150952
3170722
-7859147
4561993
9706600
4010978
-2096294
-2236831
9914212
8003909
6037270
1431281
-9236869
6665087
-4384168
-3135256
-2188781
179063
-4703817
-8628906
9632962
5740442
3316885
-6267941
5327072
-6770988
8045608
-3181273
-1645569
-4206196
8131253
6781918
120290
-2492360
-5794519
-2871043
2455382
-1783068
-9251446
7123832
1028134
-77452
3749187
9364423
4469996
-2415947
-3288962
7873469
-2755910
-6523213
3090709
5939010
6665446
4394722
-5935236
7727395
-5965534
-922805
5731444
-8265936
-5744378
-4942654
3533267
4813018
5817142
8954261
1026824
3271782
-9789453
3937117
9105696
-7485378
-60723
7471385
-4842702
3580494
2785352
-1570148
-7996747
-5359327
-5035413
-6256256
5788851
4104534
5114337
2905406
-8145650
-573474
3402879
-8386912
-6350510
-89903
-1150623
6533584
-5241391
-8640268
2463004
-7782491
-2691524
-864792
-6544941
-4201635
1011608
1609369
-3717391
2853763
-3136601
-9847999
2470219
-7545574
4024653
7195077
-2779786
-309555
8298494
6992883
-3131582
4507076
-9786944
-8914740
8313535
-8428072
5281958
2111915
465447
2951249
3446616
-8996550
1016101
-7464101
-6585775
2960255
7999267
9341016
-3128175
4621205
-2703546
-4900374
-6996095
-2708270
7332710
7244989
7005348
2455656
-8986228
6058742
3950078
-5631625
-8904877
6012335
6752975
1485101
-3783492
-6550443
-5949566
-2055494
7413171
-2244489
-2917067
-292610
6692873
-900092
-2111525
-2179074
3194375
3329512
9123287
-8850475
-9382708
-5500985
-3015869
8134205
-8903483
5299220
-5470961
3658585
1635195
-1925656
96149
2372511
6614925
-7368565
7191027
5581513
-6806357
-8719863
6950910
2064205
-7801184
-4886773
-2456784
7625213
-9910184
-9665792
-9155293
7453360
-7985284
-3298230
9881159
2015765
7179968
-9034618
3550349
1752740
1805902
4855716
-7324589
7464036
-2800878
4344843
6987031
8041026
-2192981
-2772988
9671034
-9664344
-932071
-4873596
-8888488
-6235923
-5202572
7222707
4681537
7218846
-4696195
4231847
-2622108
-6338776
3167040
-5469941
-5740771
1577667
-2105353
648373
3643933
-4390167
-8131174
-6502556
8516277
-646069
-7337213
7586068
-6965040
-176565
-7416399
4221174
9013979
-839861
-9951524
-662208
9575267
9272388
-5640357
-966010
-31739
-8942762
2318539
-1118621
-4352920
-9647108
-8722812
-1155870
352689
-8479559
-5396645
-5621725
-8256083
-7462802
777107
3167867
6893264
7717085
-8399030
299171
510060
-8668759
8284891
9882614
6005369
-193045
-3495195
5690249
-3373285
-7034311
6607990
-6761732
-4619219
6806207
4598635
203736
-2638275
9647826
8187717
-4116017
-1624753
-2760597
-200408
3186161
6843635
-5188788
4575608
-4515712
-7348138
-9678179
-4204479
-4578655
6868939
-3523338
9773982
-5353544
4733252
5868388
-1017595
7791248
6252657
-5058473
-3855788
5408280
-8351155
4654310
1330406
-1933668
-1804814
-8233400
4226751
-5018056
7011574
237959
1887158
-5645425
-2070200
-450586
8750958
6472799
4495174
4618165
8667126
-4735608
-4605791
12462
5843244
-3765857
7531309
9630848
-8191993
-3810334
4881475
-1401915
767788
1850216
-749385
8465166
-5125772
-1032528
2590522
7414255
-9078095
-5997159
-9183353
855906
648958
6207756
-1429092
1957135
-4256730
6783295
3956125
3955446
-4596604
3078068
7491445
-1346088
5322764
2020267
4683716
-1852474
-7076519
7250767
-5030237
-1805368
8936710
7724455
9498918
-8810394
-4422743
-3470618
848293
-3350545
3999028
-2633264
-7083647
-7728987
7032666
846751
1989707
7988019
1944820
-2127041
3964823
-9345082
-9750804
-306173
3312890
-4530499
-8922130
8352663
456468
-6657183
4851283
-3716185
-5426992
5016257
-4896348
-2132431
372073
-1821976
1972563
7086729
-9230325
-8770479
-1776224
9110970
5567623
-4777330
-7443724
5450284
2406725
5405470
7602922
-4729393
2713014
-326126
2224657
-9503836
-1164068
7165449
-7251389
-403099
-7539519
4230750
6961454
3785380
857251
-1045196
6414327
-4009150
-2870551
-8043307
970965
-9716548
-3244870
-9527514
3220129
-974971
-1943721
5178245
-1833360
-1027228
5244169
6456852
4937671
-6336061
-7256409
780474
-3378937
8605541
-1737740
1516877
-214400
9229158
6199939
-3215767
1740116
7217737
-6209717
-8284139
7311839
7275745
62564
7841951
4157170
6080336
-5417052
-6950883
8236220
9646391
8614767
-4210121
-9190958
-4963300
7580560
-9153120
-2142968
-9184617
-3988560
-1213465
-1257604
498958
-9696212
-1285611
-2927525
-2879375
-9445874
8990247
6170242
-9009385
2845228
8354849
1985747
-2295238
7606286
843213
1479212
1173884
-3209305
4037026
-9799659
-1273407
-4777027
-7252080
2424046
6170508
1619040
9727351
6607770
1273043
-6517924
3179930
9724933
4015092
-9440127
568082
6934040
1440582
-1263014
-4939514
5462721
1785520
5344341
7476703
-9938593
-4598376
9300178
9945772
7660437
6870492
-7164175
-7794837
2041746
8135052
9418345
-8743501
-6463601
-1734632
1529682
-7892847
888471
5382894
-1671819
4993330
-9362726
-6703100
-9085498
3535158
-2694761
1713568
-2091595
-354604
5609231
9082377
-2545943
-1582979
-3210491
-2779306
1601959
5692386
-1064989
-6933650
-8258884
-409457
2194343
-3586898
-1423594
-9406423
2638490
-6502117
-6299543
9326836
3243199
5948039
8048682
-4153522
-9374296
5561898
1482519
6979095
-9845816
-5279591
-7602473
-8387006
2489777
347770
-6640917
2727344
-3767633
-3902882
2747814
895078
713935
-9368657
-1283437
7026027
9864435
7008284
5122929
6239503
-9785976
1070379
-2838249
-9893724
73457
4797356
8411184
-9324971
7154432
8863162
2997851
202458
-8537788
5913851
-1190579
8044282
-1480600
1256947
3669674
7703855
-4495447
3909587
8084951
6994853
7212350
7579082
4657351
1638786
-8239782
300999
5424033
-2774193
6436648
3271815
6277163
915370
115678
-7213319
-1727319
1435924
8244070
-5231642
-1038872
-612568
-5950927
3447465
9631723
9782464
5402719
-6144788
3635419
-938012
9484376
-935096
-102483
-2939753
654167
-6498902
-3648990
5441091
-9074570
8271895
1060290
-579100
-6935177
1421499
-5206707
-5113811
-434877
-2099755
-7958933
8772120
6106792
1272501
4173614
-3712749
588094
7072489
-3992755
5324844
6243094
-8457202
4157139
3522094
3306327
-3059561
8542100
2297828
9533606
-587625
566222
771092
-2946973
-7747136
-3712682
-7542417
3261498
-1719521
-1130275
-3154265
-5781694
-3337700
9917827
-2638959
3650422
-7986162
-707002
-9798517
-4820713
-6009821
-1337013
-6772849
6761919
679951
-5900938
-3875296
-2105379
-4297335
5078823
2388282
7977041
-9582058
3066962
-3662968
-8755633
-3041892
1107550
8296231
5109322
-9658301
-5337733
1029372
-6695306
5484825
7292594
8783460
9141707
4905897
-7116646
-8045472
9321632
-2146527
-711562
-7347362
835425
-7956907
-963692
-6564104
-2063701
-1184887
-3616456
7913897
2147406
5587549
-5876465
-3530051
9463225
5394098
2468388
3197373
6612202
7819647
84656
6609928
4663380
-7906903
1104507
3290444
-5303101
7494876
3903858
-3763494
4827376
2752296
-5776265
3292459
9737707
6531494
6030140
423439
4718918
-50387
375511
7526836
8630301
7263126
-8005063
1094005
4848972
-3546132
-8485891
-7591310
5505007
-8410601
8270366
165133
9563851
7433387
5261488
1933457
9457203
-9782024
-1044310
-5895466
3136844
3737124
-809111
-4779719
-2092426
-7378279
-871601
4609420
-2241185
-3039401
1149036
2359053
4856240
9234705
1384603
7706913
-4681236
-5793347
-2117672
3533840
5679032
3143362
-5387666
7800879
4248703
447812
2028517
-9152545
-2207212
-3036051
-3525926
840877
-6190427
-3938314
5868666
5296444
7862133
-206079
2400044
-8842336
4000738
2925047
4174973
2763579
936413
5291486
-8238712
-7364590
-1217661
8073839
8992540
3816767
4250044
1469894
7040310
25986
5069304
4749914
-483073
-2471544
-6464242
4586268
3588538
8226322
7170981
5410933
6790940
5490228
-3327457
380070
-4773218
2892702
-7430966
-8281175
-3898433
-6396261
8497288
-3499853
2796946
649339
8686276
2357062
5413443
-9339794
-4041967
5110134
3496174
8637999
4856885
5505039
-7088063
-8142467
2906530
8913426
-3936951
-2934904
-7997734
3121611
7940679
4813813
624817
2695997
4403308
-1779199
8502331
-7647238
-121645
-2733247
4226403
-7460876
-3900221
2386320
3366011
1037828
-1016183
-4503897
6296384
-1949016
1148169
918655
-267957
-5190183
6802657
5524318
-7661236
73565
2519910
3205749
-1195851
2468869
-980734
-7920961
-7202751
-1291308
-6381543
-5789746
2915127
8911079
3402138
1929137
2302933
4311949
5750360
4921785
-1328670
4813642
-4457997
948833
-3020832
4046116
304012
3003089
7458357
-9025209
9666219
2616550
-7397646
377954
788215
5015132
8718088
4326353
3519635
-4868060
-9625696
-2237681
7518904
-1646680
4677001
-9012271
2475229
5625975
-7197967
3945313
7146777
3206566
-8807995
-9602581
-9357322
-8936747
-4142235
192307
-6871156
2072903
5506766
9488804
-225668
2951184
4151905
-4852576
-701295
9275455
7659278
3337683
-6301571
-9565857
863488
-1237791
-3606640
-9186353
-7175891
-7998660
-6402463
-4850466
9858939
2836130
-7306533
6631686
-647446
-3629486
1977959
-1741407
8413976
-2732465
-3476672
-5463714
395311
8389157
-2977337
4870870
-405869
-8015852
1424363
8170416
-8192453
833685
687196
-7963871
3840998
7747163
1345438
8125755
9866112
3870552
5873605
5104811
-7269872
1715391
7835452
1710334
-5767078
8587021
-3914351
-1579238
-6437605
-9121810
-1629910
-9739804
2585697
-4357386
4629181
-5260969
8719994
-4085899
4474787
3798965
1913599
-3317536
-538905
-3619770
-9275118
3812056
-4169475
-4144670
-2932424
-3508264
9734001
-5669910
888049
-8208962
-8820405
1349862
-8342918
-3748429
-4024328
693174
-8856529
-5138877
5259702
6706671
4962402
-183794
-1608146
-9784945
-7142126
-8685831
1200806
-5403485
5245546
2869515
3001949
3303268
-5685562
7651156
-7213891
4616189
5753613
-7295908
-9577809
-7407391
8510362
-4368161
-1901018
9460990
8294634
3584951
-1537912
3421392
6932215
4354230
9266935
-4949870
-2456204
7981796
-365799
2527537
-771437
3071604
-8981626
-1730053
4643158
8057555
-7326743
4266305
6941780
-6756385
4950718
-7675178
93539
-8952177
5417145
-5978918
5830521
-5512289
2582889
-5210552
-9708065
4576405
-9085122
-5012372
-6024459
6345896
7672165
-8882414
1462416
-793635
-2518867
-3259473
-4694875
-3935404
1219779
5802635
4898460
7851015
6949427
9853927
9790584
-5968079
-2526285
9630922
2843174
5223601
2760012
8386718
-8968898
-8970873
-4713200
3922588
7458525
9596429
-5958643
-8470205
7962632
2167013
6622837
1775037
3317152
-6379733
995807
-6029340
-5879492
8269534
5081748
5108075
9797105
-1757696
-1691897
9997697
2255188
-6028805
-9991952
2980410
-3690928
-7149888
-4323987
4838616
9058953
-6099808
-8015683
-6851268
589873
9595996
9284810
-404245
2754652
-5268983
7556778
9410579
-7883954
3038325
2668995
9000772
-6764787
3310077
7515891
-7143353
-945735
2290265
418573
-1938725
3523054
2283064
6379709
6040060
3569765
3785939
-9224747
5921806
-1932080
-9013372
-4360425
-6708335
7100609
1067597
-1296423
9876994
1372274
-9937779
667348
3796789
-4070974
8227794
9567919
-7088669
-1289916
2560684
-1626503
7155174
-2630140
-2575820
-5161447
-3405519
7587586
413992
-3395815
-6217154
39382
-587904
-1982752
3106657
-541543
9541716
-3086609
8646744
-9512992
-458043
-9126305
9736780
-8312395
6478024
6060327
2328617
8170430
2845633
8763614
-6555166
-4186709
-5697628
-3371467
-4443082
4280836
4066943
290737
2119127
-940336
654862
6229501
-1542658
-3323035
5297088
4087593
-3730268
6816476
9858132
-6402431
-3880563
32072
-4976916
-8133473
-1641993
-6761780
9370771
-4986274
7225365
7443078
-8351399
-6462634
5073147
-226033
-7273120
-1737468
-8334143
-1730385
-531266
-5224085
1410671
-3015504
-4856271
-3101392
-5916284
8153129
3199017
-6654521
8500925
-7136787
-6798130
-4881069
-9666855
-4945768
9598384
8452937
-9633504
-1666225
386785
-2702009
4249257
7982887
-2014405
4247180
2293030
7747443
-2111253
-401863
-314666
-6020141
5372096
-4199888
-3462326
4592733
8900426
-8834104
910709
-6697700
9724159
1340934
3528315
-4300459
4241375
1253740
-2151829
8820103
-3248584
-3553406
-3798652
-8120824
3099607
1969717
1571358
7376478
475583
-6750251
55515
-1221255
7524230
8757652
-3429413
-4957532
1251369
3632818
-7439999
2650477
5068716
-9209408
1653907
-7863764
-1506323
-3872556
8522248
7352544
-3805341
6047147
-6855852
-2435639
-1259823
6088480
7169532
4179399
2740943
-7445913
8070422
-5754493
-881646
-3339169
865646
-1197252
2668523
861161
-3650813
1707592
-3344359
-4457867
-5290846
4979645
6834889
6619798
6987539
-648238
-9315750
4024658
-1359128
-5772969
-1222175
8108250
-7869431
-8918773
5540939
-6284693
-5815349
-8534746
-5069336
-5696382
875647
7133308
1247550
5962710
2171302
-4855511
5765863
-7307061
3536385
819482
2656053
5380799
-1690958
6029699
-3178492
-7456476
8931476
-2630995
-2574205
5149708
-2232847
-3549281
4610956
-3876016
-5833276
-8228081
-3220421
4430443
-4266056
-9348604
4577803
-6130017
4618145
5240095
7982134
-4595031
6905945
-8583273
7962421
-5877
-4807583
8798064
5819920
9964078
-2991795
-5068328
905909
-1288531
9875974
6367103
-8328170
-2889351
-3722705
-6365300
3247622
9854537
9701662
9125051
1830409
-9501692
9709458
-8424090
-2440199
-6324188
-8915221
4191791
-266460
-3026394
5100176
-2297514
-707885
9623344
-251675
5526035
-742488
-3511231
-8195529
2835688
-3955581
5713788
-2725545
-1322229
1412095
-6356493
9222980
-6928881
-8672287
-7522174
-4074233
3496189
8839583
388332
1698746
-7506980
-3641922
2161922
-9117147
-7377544
-6192984
8800100
-9143808
4207389
4923940
-9468638
7370375
1616991
-821063
9375593
-563648
1681335
4846333
-7589653
3910039
-3037987
7081581
2391306
-4656387
388261
-5014225
6296537
-5687042
-8024341
-9813179
-1221911
-9383758
5362592
8597848
6868363
9163733
3105854
-5663019
-5354399
-4622765
522223
-4960296
-3285720
-3692428
1680847
-7729453
-257730
-4071609
4232214
-3345628
-7328374
1510142
7008143
-6342848
9429376
3073526
4181521
7912544
5688398
6542705
6272345
-3307367
-8350660
-8648472
7465950
6042635
-1526779
-7902349
5010091
-3965268
2227341
-2324434
-5909270
-2977161
1016780
-2777719
-975371
-7899442
8219433
-6359039
4535117
2829847
-978696
-3328940
-2314985
-1283002
3720784
7337133
4659297
1219920
3945547
-4359888
3139571
7681885
3976038
-1880974
8658885
-1202767
8198625
712107
-2646764
7371535
6387191
-9043153
-8527161
5155127
-4731266
-6618700
-5593978
-3427260
-2051015
86234
-4824477
7946838
7226132
-9723348
5479855
8378683
4466819
-4838342
-6433312
4130516
1403337
-5790435
1545674
2041713
-9302497
-7786024
-4203285
2062858
-6263651
9766168
2322083
-7142275
-6917085
-6801298
-2983078
2591751
6178323
2175034
8477192
-7174431
8482528
3965151
-3003023
9216631
2270941
-2275436
932515
-3005101
6148329
3632825
5891998
-7067173
-4884623
9781760
5507274
6245333
3285023
-2780312
-3478734
4662978
6202710
-7914795
-5101183
-5905565
3037632
-7266624
9644069
-7553547
9144
-9813600
6180780
-84129
-7377451
4367147
6844452
-3390811
-7177625
-2413142
-5793587
-2371618
-7516365
-8293174
-3017170
-5134741
-8305362
-9533699
-5378932
-5040308
-7083747
4681822
3107719
-8866961
-1615335
9783759
757279
3125790
3471851
422382
-8550483
1562748
-9395165
3238001
-9150513
4085820
-4841298
-9737338
-1548671
-4662615
-9641483
-9962297
-1550788
4547968
6265479
-2602049
7913102
3224862
2060244
341947
-2773539
-1678050
-7677765
8890828
9395742
-39762
5520499
-4301298
7026074
2785620
8202403
4272239
-6265774
-951225
-9687184
-8024806
6651704
251260
-5231401
8066154
9821813
-433146
1002173
-5313177
-617741
7543687
3076298
-9061822
-8790037
4447015
-7591328
-5950572
1590455
853895
-7211668
7167391
-5175911
-7946052
-251943
-2892248
-9549735
-1813723
8700129
3588557
-407380
-9802733
-1860805
-4014724
1859606
3035591
5022328
-9561963
-750599
8416992
9355913
1330202
-3166572
-3493476
6472148
-7309163
-4437191
3123805
-8202307
-4037350
-2020921
-3782408
3975826
9400411
-4038241
-2061319
-2122509
3649204
-7494960
393343
8966754
-2391556
-7605675
-3160354
425313
5496204
9339574
3300825
5667387
-8631906
-7904364
-308320
4718139
-6588086
-4503243
6608152
-2663049
4731575
5372457
9884013
-6522057
5842802
-2769433
1338629
-3945622
1607152
963639
-660617
-5747545
463649
-6047892
6518955
1180712
431194
-1978218
-8985988
5081941
-2398176
2180191
-1683691
3376509
-9780114
-5690151
-6046332
1124825
-2236530
3998440
8594191
-9321396
-8699144
-2065207
479032
9717370
-8713822
-1300619
6534329
894388
-5119984
-4665708
-4077894
-362900
-1841936
-4040005
-2995101
-3046822
-4983501
-901086
977704
2681804
4418615
-6210366
2745829
-2814207
8278137
-6603843
7763615
-4915463
-8440428
-1651921
-9965623
-3594346
-8229486
-1071944
8664292
-6663193
6385160
5407725
1655742
-9924523
5414756
-2174387
1982082
9712917
-2889569
7809804
-3278672
2582624
7909288
5426912
-7954554
-6527268
-2552817
4956474
-6372831
-6135672
-4836096
7506387
4698107
-1575267
836878
-7656255
-9870677
-2243943
-7481869
2622860
147960
-2187725
-2328805
-56005
-1164687
-9238978
-415127
-6760909
-2414399
-8037578
615233
6290857
-3467722
-510627
7363709
-6785009
2582965
6598263
5411932
-5409582
-1291093
3998526
4288475
6037678
-2451002
7648143
5300723
7978221
6371129
5200255
6484373
5195134
-2578418
9330107
-9365687
-8789846
-6150696
5420616
8148339
6181219
-7165051
-7917044
4720501
-6804425
7998552
-6197343
-7074074
-9722028
-4223427
-5114921
5418820
4116305
-2949178
9843602
3940085
3851546
-5507096
9783986
-3740471
-6030640
-2116720
-2130590
-1087204
-9472990
-8379435
-4867961
-6536446
1684270
-3514301
56324
207616
-5283705
1790388
-7698149
8362467
1206056
-3148024
-9861719
-2536684
-2351671
4733249
5149380
-4246775
-7909137
-2117679
9613425
-6243596
-1034692
8203139
5880890
6302146
-9595604
9753402
-5804362
-4195594
1884492
-2646372
3897715
7872747
5430133
5390047
1228047
-2784025
8058484
9114181
5031949
637473
190750
5558092
-3887805
-4801136
5903562
-8144603
-1279147
4577014
5863249
-1826747
-2660656
5746665
-3044461
-3927739
477777
6898327
-1379528
535519
99386
-5068534
8049599
1274108
-8063881
9484813
-7456595
4598009
-9954555
-722882
-8129070
-9856445
-650738
-3086717
-480089
2567585
-7217069
9700666
-9349996
3096099
-6013648
7412728
2141746
-6015801
4735840
-8802829
7187378
8647814
3873271
-6116387
4029304
3881840
1568696
9090562
955915
336307
2197185
-3006041
3955856
6145010
1513318
-6449779
-1285010
978106
3807509
-9546174
-790239
2740859
-7238722
-66434
4441261
-1151916
5866681
9359839
5888480
-7536517
9213097
9836009
-1762682
8753521
4383032
-515707
-5148247
1089404
-121152
-9299590
-4478208
6664582
7494734
2531688
8945316
6520140
-105563
-4723239
-8166015
5669879
-218271
-1467568
-4879463
-9889557
4046121
1103374
-213335
-9722411
-1015159
-4680609
-1459550
-2955140
-2965629
-3179087
7312670
4038360
-5897339
-5738184
-7302079
2913426
4276980
451200
6410937
-886785
3229397
249700
2829182
-8814647
-2218829
1301143
7634744
9930547
2299996
3858250
8165745
3014755
3561720
7686707
5867439
4849685
-8958189
5343587
-2407122
6249602
6557533
-787126
8021881
-1958070
-9108582
-8038339
5571971
5626929
5120830
5996827
3010420
-5561482
424002
3888531
1763455
-1250330
8399613
1944562
9787054
-6628459
-8291943
5997185
-1178469
9777677
1171505
-8647260
-9778209
-5699823
-4894235
5989695
-970568
-671024
-88428
-7653887
-1423157
3583740
8807176
-8084197
3692679
-5348611
9881415
-759369
-9530137
5886565
5944705
4878992
-1571032
8872608
4614556
-5760469
-661317
-6989147
-4325357
-5129845
5023066
7307538
6426357
316952
-8049804
3563877
-2952097
894223
-6562253
2615346
-4442170
979782
7728067
-8556863
-7442951
-2310937
-4698910
-1641521
6515578
7148018
2664987
7673829
5600163
2346000
8512956
-6901726
8049409
-479724
5098939
2938686
-3073494
557557
-9511010
-1328634
4345187
7115313
-2749734
2903009
3193574
-5465251
684637
-7429257
3307323
-3398279
-877769
4033685
-3394308
8232011
-3109825
-5072161
7765890
-2995773
8267917
-3145441
947196
-7679076
9757771
9167794
7152
-4120485
4770808
-6120928
8428126
6452014
5617999
-4760680
-3754334
-4303636
-7058318
-7959851
-4774838
-3891812
-8257126
-8656373
6071740
927043
7559458
2163805
-4978460
-8852160
-2844871
3198206
-5906163
1585651
34551
3554608
-3842053
-4957678
-5925447
-5389937
-4021134
1301480
-8379217
-4734583
6813265
-7636244
5981452
4073318
-207277
-8086774
8777569
-310840
-6989547
1164672
-3345985
9546878
4211985
-1978773
3792296
3769832
151171
-4272061
2259034
7068665
492069
7864464
7631191
-1393198
7511605
7499892
-258594
-1973751
2482684
1372423
-3690356
4990673
-6601120
-9256817
-6909112
5682988
-8151503
6815894
-9310888
-6716345
-835968
5006459
-4797829
-8449396
5218295
-2082003
-6692369
4064833
2640967
-4947471
-6630560
9322552
5977928
9177426
286635
-8758882
-9292295
9176391
7618834
-6048490
-3999493
8643258
9907269
-8837935
-3863041
-8228965
8087642
3465744
1517020
-856267
6665489
4290703
-3356043
-3670782
710214
9242101
-1383813
7254268
-3785043
9690639
5155370
9107985
6369284
-2546778
-7445936
-1402121
-5849562
-7083519
-3277075
6381513
-3263531
-572155
5649896
5673165
3568562
5043069
-6923305
1452939
-1596595
-7029478
332828
9153212
7974181
2071386
6687270
-9572273
6434598
8865270
5226234
-9535006
-8190174
-4252640
7768441
230588
7748749
5051937
4707137
8420730
8608777
-5773035
-8593965
7996495
-9510521
-1971547
729494
-9847107
5391897
6614153
-2414150
5415587
-9906043
2971757
3394494
-2195824
9678361
5378489
5517434
6202474
-4610494
-8275279
9256922
5795136
3410577
639570
4777004
-3263399
-475207
-846390
8465228
2728512
931101
-8242217
7604189
-3763101
8792379
6543329
-7051258
-551462
6455177
-7463747
510673
-9389034
-6946035
9625314
2829277
-3437800
2268125
-7976884
1047132
5158891
2629401
-5168268
6062212
-1343030
3428785
-6630008
-400913
-5635433
9018024
2747454
2919140
-3732546
-1304244
3458261
-2836541
9563436
-4327484
5870526
-1185293
-6765958
2471188
-4045302
-7284133
9832436
-366354
3137497
-5864789
2855126
-4940438
-7616573
-1024724
4886756
-8695443
8290281
-5319347
-2501081
8926671
1698674
-8749836
-4760970
-3774914
4225911
-7469840
8470634
-3376174
8398815
-2266569
-3217068
2846718
-9854798
-7236126
-5117552
-5035934
5853650
8311812
9669085
-473738
-9984728
-4605378
-3996382
3998647
-4760680
5798132
-5213028
9691677
-8090385
1818717
120934
-824378
-7849246
-2910167
-955946
-1791103
4889982
-9252378
7180104
-6265724
1428052
-209875
-8525977
-4167968
-3985313
-8121019
7651049
-625910
3883841
-5509603
-2650306
3454756
2569894
-2736338
484144
-8473126
-5765077
7525875
-541656
-261149
-128628
374386
888191
6232352
9448417
2859318
-971146
-1415415
9253136
4629344
6493455
-8211503
8299254
-2988683
-2235860
6721007
-9624635
3167659
1380946
5533636
2783776
361438
951853
4242397
-1816741
-7449202
3288387
4000119
5702032
3937116
2879891
5682977
9881663
-2393254
9263750
-1462622
-851786
6404596
-8494865
6197313
-9920446
-5483151
-7644849
-3552526
-7740036
-7638616
8958763
-9068980
-8887603
2290147
1409470
6428294
6074340
6407943
4109647
-7247124
-2724334
-4730570
1249114
-6327775
-9849106
-6750042
-3283501
-3413013
6062422
-4443557
-8044570
-4117097
3304912
8076064
-7674343
-6515713
-2005067
2045846
-4739277
397007
3733456
-3498344
6092814
9644519
-1181580
-4365394
1424307
-9920158
-6151664
-8909617
-1115533
-6554068
-1308291
-1969517
-9678499
-5657431
9471032
-3465972
4126033
6372833
2947385
5015569
-5994477
-3827262
5241667
-3881671
-8300229
-3701533
-9518444
8232623
-9585095
1186771
9357718
4386063
8814845
757705
9913384
9793797
4952561
7491791
-9652667
-3670642
-1329714
-2301808
-8282365
-5403805
755901
-1078653
4795666
-5477630
-4590763
-4122648
-4636231
-4552176
-7934262
4180174
1942382
4654024
4559021
-4651320
-6641451
2118777
3397261
7568255
-4280383
3523793
3063757
5995816
6380366
-7278145
8089968
-7386273
-8364132
1591368
9656191
7042611
6289577
6182366
-1025125
9335366
2989146
3986370
6157848
2496505
-5091992
-9340662
-7565080
3587704
-165992
7613230
-4296264
3131251
-3152804
4762520
2103274
-2965148
9391067
-4691845
-7479904
-5223360
-9094430
-7195102
-3526007
9916305
7325350
5117175
4392331
-6260044
371189
-3478165
-2633164
2973511
8217767
-8171786
2717713
-1606263
-3603934
618511
616057
9387979
1255670
1710161
1097269
-8057695
-2609457
778592
4421456
-4671687
-3397152
9400593
9143167
-2320392
3329861
1907533
942876
-1068848
9087355
90484
-5418019
1642143
6906070
8281817
-7969058
8018757
519816
-9456205
656328
440277
9680200
-4114912
4738695
7081373
-1990444
6368750
-9298257
3986814
3200063
4577064
-3510785
1064873
4460352
-7046242
-7235117
5806810
6019286
-3381376
4584931
7440167
5651985
-3786892
-8278731
-8454191
9485566
7949990
6736326
5918226
-7081164
-4858143
7323582
1386246
5280362
8940048
-483944
-7085544
8939300
-8081723
6784163
9483503
-3386586
-1111791
8743477
8876183
-6263760
-6494153
306144
-6533936
-4959399
-5589319
5250129
1355601
-7035225
935066
-3223998
-1409559
-4856210
6573169
-9555072
1033370
-7350359
1009177
-5513622
1709455
-1861424
5143714
3181715
-8404706
49065
4533359
7082875
-1033379
-3682012
-5836011
7185900
-5585451
4482164
-785136
5296295
-7477602
2385895
1599963
275170
-1253882
-6068100
9879773
-3672792
9992602
8263355
3451019
-5529517
8309928
5049428
6936035
8414348
-2771017
-3263993
-7497759
-5280001
-617551
759549
1916468
-5586206
9132974
7693830
-3215362
-2563939
-1331681
5163671
4367360
3164494
7942571
411093
-8013512
-3056881
-2851694
-1973337
-6330600
-9966030
-6491142
-797499
-6715454
-128941
-8157512
-4273128
4208315
-6101455
-9818290
5233048
6263348
-7832570
3328314
7108820
9464207
-8509284
2813162
7741321
4394956
7484856
-7570787
1272832
3831385
-661052
8568456
8836013
-8258108
-2555623
-9514697
-5881281
3837261
-7242870
1967279
4302983
-5007557
8445878
5553516
1257056
-1975954
2809084
8665705
7800649
-3011084
3093648
9824274
9353706
-1720848
3135248
4914887
-8039424
-5416254
1996797
-456880
-4381111
-3566424
8607728
3106070
-8365591
-6998376
-4037242
-5792726
2381833
-9204048
-4146979
-5038400
1510907
-2576549
-9870578
35835
-4953874
-7035098
5379019
-258900
9145435
1767088
27834
-674990
9877947
4427101
11882
1737059
-1192403
-8633279
2928776
3636029
-9533627
6915493
-8306530
1703251
7699043
-9363194
-8154557
6354257
-999818
-6337958
-3222493
5224825
8707039
-9141334
3975713
1994614
5966738
-6345214
6232592
-5805614
1460439
4213933
1640297
2346204
-7010550
2474835
-8800862
4061867
4519703
6312499
-5222758
9236001
3514705
-4312804
4593884
-4909511
-8926147
-9621085
4081854
-3846230
6426348
819541
7437649
-9076711
8330122
-7533684
-1671440
2551571
-7620375
-2456860
-6489097
-8558330
-5455950
4858688
-4215320
5508446
-7979290
-2186831
-3187896
-9237252
-686053
-1857573
2507936
-3731400
7366767
3034903
-2889183
9110058
1745128
-8766122
-9544356
-1887270
-5269809
-1933197
-8462680
6254978
3327585
-4542411
2445795
-5547093
-3397200
6263968
-8431375
1645961
-365613
-5221620
-4571704
-5982255
-8728441
21364
9297373
-1479199
8779126
576598
-8433205
5538111
8081418
-4473152
598233
5993236
-9821716
1273930
3087079
-7193164
-5007244
8872116
-7159100
-6887766
-1427909
1560217
-8055148
-8193093
4058168
70481
-3564390
401545
875882
5944863
5730468
6699519
-6006153
-8388707
4216273
9653020
6492317
-441826
1083648
3911907
55386
-2271419
-5773407
-4182075
2176930
-7652041
4598592
5584013
56957
8782444
7752767
7161847
485705
225249
7173291
7032922
-8762028
-7706639
9083805
-2725867
477756
1576649
-5419301
4107141
-7379678
-4439203
896915
2795262
-8620832
1506869
2032531
5477344
-5688537
-1499277
-3201087
-5064053
-4617237
-7702913
9597905
-1469788
-7890108
-1701000
5239560
-7204904
6275014
-1812351
3226190
-2660784
7498114
-3703121
-677959
-3712718
-5744639
6376867
22749
-2893655
-2135951
-6819402
-6274300
2218471
6810890
9477241
1694717
6987836
3710961
66936
-580284
2879014
-3588093
-2655182
5476708
-8317506
-6072806
6045405
7422038
-6886703
3286050
769492
-6370889
-1108189
1297104
9439350
8953333
7270863
6947176
935761
9983355
-424057
937170
9114789
-9199509
5141954
5053801
2259039
-73140
-4878090
4434213
8520520
-3102905
-3511380
-5771770
9411552
-5126141
-2312670
9991980
-1361687
2668940
-7558851
-6715843
-71691
-4295691
-2384854
-7717879
-2414354
9677777
5965499
191704
-2361531
458989
-1124450
-5722267
-4857569
653948
3960658
-7873831
8979275
476010
-8301971
9829053
6958314
9877321
-4908955
1476435
-5952300
1550035
-270588
-7807992
-349854
6437448
2144681
-9208311
-4722096
6573198
-5725342
-8010044
-5921776
-9015268
-8345895
9053390
3512228
4947331
-4020206
-4409826
-9416111
-9191697
2624596
1733631
7265852
-3247129
341491
4653752
337494
-1209816
9225843
4188744
7045248
491266
6553871
-5235851
176834
-5361458
4406197
-1274994
-1515494
-2746162
7308524
9577807
-2480655
7088020
-143111
-7533165
-8357662
6888146
-4403219
4625020
-5234432
9481894
-7171101
4053484
8121838
7377235
6418795
-9656203
-8260604
-7923109
-8173746
8666946
-1596852
4694707
2599956
9512848
8388235
6090535
-4983054
8379368
-315272
3440884
-5067955
-8120967
9477010
-5758826
-5583535
-8451732
8707876
1010754
4661588
-9018069
376897
-6031824
4392087
-6150524
9113922
2192531
3695779
3798777
-6686771
-5178399
8464229
1802121
1806637
5958019
3280293
-6211876
4591124
-6980110
-3156341
5697825
-1934681
-6837701
7080034
-348439
-5084053
-693016
-9492582
-868348
5275926
-361303
5465230
-4193408
-6452267
5935591
5588969
2533831
-7729287
4205153
7514569
-7034957
-3473351
631488
9243306
4635012
-7716462
-7164209
8591197
-9668158
6314577
-2018387
-8799890
-3933301
-8162890
8360578
9901649
-673731
-2266345
-8098938
-8523317
9777216
9795771
-4729920
-8073368
6651555
5309815
-2602872
-3935002
-298495
-8612297
-9320704
7303890
-57411
3366090
-7561541
4173387
9368352
4953005
4607288
2414391
5642538
290615
4144341
-6507984
9207952
6914890
4293512
2824635
-7355221
-7078907
-298956
9042565
-7251891
-9269807
3100969
-4591254
-5176539
-2433188
-1113710
-5841317
-4851460
4779704
-6505554
1443628
-2215715
707939
149974
-9549291
9727113
-375520
-3925278
3233388
866727
-1774990
-7057294
-6440611
-508135
7694221
-9657550
-3086446
-9264306
5820708
14743
9739491
-9982257
-9622515
-9120111
5779572
-5024606
-7648716
-2459071
7895896
-1615278
-8319569
-5642827
-1675713
1807838
4800999
8351526
-9112714
5060446
1044309
5983709
-7481142
-1771949
-123188
-4110878
-5929586
-4530201
-6778037
-3043791
72697
-900524
4677609
6183272
-6929938
-1610842
6086657
6644189
-7867466
9272471
-3722311
978842
1436273
1966199
5059081
1231279
1188167
9870223
5990233
-1172358
8708261
-1816114
-9662911
-182664
4635560
-3732928
-4140091
908458
-4282985
5701514
-1741663
2763102
-3769146
5385590
-8700108
8761550
-7156012
-1579317
254314
-9630198
3379740
-7458392
-8237798
3837667
5942595
-4652613
3343916
-9540769
6534081
-2131301
-4171654
4438637
2148936
4999276
-3229886
2503933
2954087
-1253275
2922484
-42790
-2959976
-4640398
7173403
-3091925
9677340
-8351701
-8080928
3707329
5329226
-170713
3374646
2656295
8801195
9181214
1599074
315852
-9978351
-2908174
-2693764
-1638068
-6477277
-1622165
2258905
7453151
-7720015
-6015434
8011228
8655592
9515804
3378625
41457
1005820
9510623
262116
2284153
-4504789
7144397
6866024
-8724502
4000710
-6818593
622548
3844339
7082231
-9837968
1091041
-6856634
-4665361
-4583304
-3917909
1655285
283807
-3811853
9241583
8215078
4046015
-6045160
-9479528
-189956
6479261
6189209
8143052
9435751
-9219646
6605429
6753285
-9084031
9533662
-7871563
8713642
3595538
-3750200
-6567616
9922332
-5637208
943748
-7003338
6225553
89750
2603633
-4778608
7843844
4419079
-9345568
195781
-5493269
5973329
7061668
181028
8642691
1425574
9791669
1702771
3820769
-7578340
-7485206
-1740359
-7254171
-5461642
-3157133
1583216
-7192694
3968059
-9707892
2023012
-7736144
4778583
-1957501
-7389697
3349594
-3729045
-5483350
-8866337
3121782
-217996
3165691
2168722
-2712547
7306573
8301302
-4258918
-9788196
9542837
966626
8919353
-1804083
-2600539
8994052
7035833
-5804494
-1983237
6234193
-5066993
-8749708
3542748
-334004
8858437
-7636010
9345135
6256840
757609
-7434660
-2410078
9025176
5088750
4240593
3689274
8332535
1228190
8405184
2456142
-1137603
7644724
-2894716
-4807528
-74416
-2056202
-8805698
-5410968
1986761
4195075
-7307778
-2459476
-3278702
2799659
4754597
1950287
-2980325
-8729928
8864112
7173829
-9667860
7645322
-1356140
9867694
-7926700
-2788862
-2719583
7871679
1472462
-411226
-7856157
7236109
-696705
-3372554
4224079
5858242
-408131
-9790774
-2191745
5177910
-5301667
8818056
-7392267
8714385
-7440081
4491389
-8221802
-5521294
7951189
969723
8530969
-6085495
-7649606
7248376
9475428
-9910771
3034787
3932430
5715928
2771015
6687147
1514159
5087586
-1371500
-6614336
2692761
2772420
-9579243
-6312555
9663378
-757400
-7752176
-7540719
4900352
-5163541
-2042989
-1934897
5075521
3201931
-8578619
8587020
8572495
4658787
-6278322
1409362
-5170395
-9184468
2596577
9667328
-8308495
-1716817
9796499
-9418930
-1056589
4855464
-7071260
-3458218
-3854896
5968353
-7806313
-5302041
1318551
-7949637
-5799842
-6918653
441760
1096076
2551798
1344618
-9401884
5410195
-4629634
9411472
-9820626
-2381239
-1532467
3873245
-439868
4828790
-9303775
2469035
-7794007
3926443
-8760227
-7032659
7253527
7757007
-6296748
-5166233
-8931852
-9464196
2232691
-4650201
8042046
-6776311
3996373
4839574
4411903
-7051106
1876251
-4269897
-4949358
2130185
-6454359
-7074889
-6656563
-4871728
403711
3416665
5408803
9263677
-9854525
-7998874
8690206
-7576725
-3446722
-9361434
-8970794
6778075
-6595157
-6734758
-7306892
3884982
-1142996
-7477064
-6552851
5897579
-2111008
6430091
-2072331
4684350
-6938638
-3714402
1082227
6449540
-2022099
-7798842
-6205394
1965406
927420
5440080
-6527730
-2518507
932302
159122
4264955
4999152
-102107
-182961
4155451
8674963
-4680312
-4724808
-561113
7352008
-6678955
-532404
-9320
1212599
-9510492
-1789862
5719566
3269219
8915875
-9123635
6111341
2721017
-9152761
5877245
-4242213
2098552
-2562679
220839
695991
2628425
-1548044
-9827093
9719532
-9860455
1347457
-1657188
-3217857
6529166
-1101304
-4459074
-8838614
-1602658
4398371
1533147
-5234608
-7090208
1626478
9412608
6106803
-5371751
6723097
6917119
5888753
4483848
-7087871
7511205
3449912
-1010759
3096353
5639904
6674394
6529248
-9372237
-6900412
9127467
7983576
7370977
2037441
976583
-113320
-6210346
2508112
8492033
9715525
-2134769
-7664067
1300106
-6473567
-8241005
8806264
9959739
-311350
-7443578
-2229425
1517996
-4389796
-4069948
1995775
-3502861
6840938
-8472406
-9787936
9949083
6552711
-1758063
6899752
-8917634
568140
2046848
901811
9694657
3443804
-597938
109316
-5826274
279735
1119264
6501389
5248135
944260
-3260820
-956460
7837804
687359
-706691
-727119
-5000821
-1348891
3064833
-6299631
-787114
9519786
6353286
2081607
1433277
-9273242
8188495
-7383707
-8683692
3807287
-6027599
-9796113
4281207
-5295160
-7213022
5434642
-7695878
5881083
-5516543
-1821919
-660116
-4482154
1426172
-198411
8450276
3802666
-9382148
6934910
9672870
1958540
8040684
2550140
8257616
173741
8151158
-879453
-8798735
-1518537
-6810799
-8916365
-8022787
-3813954
-9489774
9570569
1218610
6855009
5488548
2592353
-7198589
-1965697
4069361
-6477267
-580436
-6945357
58890
-1044167
-7415613
-6387353
-7680500
7226075
3488391
8005126
-7929767
-4450796
9885783
-6841089
-6416763
-3009628
-624731
-3953131
-5568394
-2511114
9614765
-199402
-9367583
-5679099
-6676189
-7706744
2114520
-3706856
-2013242
-1505256
-3401422
999893
-9222643
-9684564
-9969406
-5972486
5796499
-9643693
3671949
-3181112
-831350
1252874
4175904
8958362
-7877913
-8177536
9995232
-2890101
-7605886
6420670
4139240
50697
-5064031
287276
3095301
5049721
8092884
1773260
4984552
2779448
-7430704
6262119
-9746140
787515
2926289
257055
-5633781
-698218
-1619090
-4375896
-2875594
3530188
5637278
2693317
6130207
3391590
6611322
9089076
-2780629
-8231662
792052
1669261
-8178655
2506527
942386
8030817
8534200
-9367662
4012872
-6208329
-3249634
8081506
9006370
-5981661
8882866
2234747
5568146
-4872314
5919957
698209
4020164
1598460
-1397478
-2814349
1605128
4910008
-756258
9815417
-6210362
3357112
2864979
-1358829
-2716728
-6110993
-2338825
9974863
-702677
-3680021
6617559
5598618
-1649834
-8255509
-8055221
7390448
-5581438
-435040
1425485
3269704
-8407711
6836760
-2247015
-2433728
8740632
-1646546
-8632566
-2599021
917808
8143373
-5822888
2899322
2741224
8862851
-1294302
6276677
7926606
-5228386
-5425028
3650875
4777749
-3415734
-2833804
7945562
-4671373
-4913993
2487827
9863118
-5355221
8685075
-7520991
-266649
6278188
-4498601
-1755477
-6193387
-6292095
-3254423
1623497
5288304
5004397
-6370058
-4663888
4582882
1454921
4960195
-6963524
-5845416
-6723389
-3734604
-3602619
2118757
-8547823
-7621847
-1638966
-7124130
-8472028
-3972582
2178192
-499019
-4748541
-4519451
-8276948
5361514
8297183
7262254
5915699
-110480
-7898589
-8075219
6414380
6130432
5061113
7484637
1934204
3344728
4772465
-4831012
8380107
-83902
-7326805
-3506379
-6743540
258804
5661781
6259549
-65729
3020511
-1148169
-9406216
7894942
-7240461
9278813
5444589
-4587100
-1234950
-3629017
-6925487
3679528
3194668
257287
2950970
1546226
9667272
2297550
-3629922
-3855265
5356778
-8270614
-3701802
6482336
1612949
-8391972
6749630
-3630322
-905550
-5319218
4921041
8178926
3997490
-2957403
8734854
-603652
4703916
-4068119
-2718337
2899042
1750706
-5553652
7432202
-8954711
1413451
6843097
-35753
-34994
-5806951
8850088
-1535204
601481
-8334669
-2343447
7787245
-6055924
-5850515
3242358
-3332515
3981258
8844118
-3912980
-796697
-9696797
7264672
9305223
566382
7778475
-8050332
-8674827
1956359
-6580077
-9175681
-3733141
9984966
-9604483
-8929565
5373558
-1487532
-2699726
9774857
6420853
-8414872
2327803
-7893241
-5387272
-881677
1074945
-6063058
-3510317
5437472
1653563
3917685
2217478
4304506
5786801
-5239884
-9160861
7630121
-8189315
-8926285
5484189
5915861
1180060
2864049
1182757
9748135
-8645151
7207016
115509
-4231359
-9380079
3823785
4151530
-4198172
9657125
-4483506
3613795
-5438988
-7186456
-1728975
2239760
-3094778
5220355
-7258985
8519811
-1302357
-6776163
-2084287
3084976
-6591033
7676809
4663023
-4443254
1645119
-2454176
5466812
3647724
-5917280
-9275337
-8376122
-7028935
-5644586
7487626
-2183028
9273621
-2709254
8368754
-3636229
234284
-5820374
-7055636
970582
4116321
9409737
-71312
-2147338
6395885
4297730
-8410466
8164015
-1912499
2632376
8438227
-3474103
-3769184
-7875911
3308457
9148417
-5839980
-2229020
-5515758
-8820451
6705638
7303913
6462588
-3513034
-8419684
-9771188
7037643
9531092
819263
7467261
6632725
5039454
-3055755
388410
5277136
-6073612
9269934
-4240358
7575274
-2204113
9416653
7690518
7222332
-5474232
4189291
-4987867
-4089993
-8321247
7890039
-2852349
-3613890
4657175
3068362
8540770
3135682
-9751770
-2261911
5044761
-1556926
6196067
-7078268
-940443
-9245824
8582186
-3791822
5279464
8523721
-6846359
-5048273
-4649417
2202909
6585365
-5826333
6229111
7240251
-2393685
6253035
-6237833
-2558467
-7194311
9337906
-3269050
5437482
5998924
-4074800
-7162819
-7305694
-3068309
-8214245
9231059
-8583078
-3285030
2902105
-7346679
-7987635
-9150120
-2660670
9187339
-2529452
8760521
-551629
-7598803
3132377
298934
-2695536
-9091380
-9879501
-3076075
-4558268
4972283
3574328
-3180981
4100791
8013309
6115859
-7472437
-4877838
8372382
-87396
-4152314
7311030
-4964868
-3094043
-6067053
-8906843
-5546571
725194
-3528059
1715823
3162722
-6804924
-6700009
-5561024
-213992
-2367468
-7953267
1014936
5414053
-1649934
-590164
200149
-7775062
-8825278
-9545134
-9543424
7123396
4861399
-5022757
4238671
-7737487
-8337977
-7810732
-1130051
3774014
-9830764
-37058
8833905
-3548216
-7298845
4471342
9970112
3925643
-1219046
4408154
3666703
-6244689
9335905
-268853
-1130633
6087724
8298754
-5845953
-6331887
-2971220
-38326
7044058
4683260
7696672
9624499
-6000050
-521867
7639354
-621762
2782945
-2302153
9771492
6656975
-5922462
460145
-9416745
-9705168
7026805
3180392
-4880661
5274592
-8721045
-4922523
-1227161
-1127815
-8898270
398158
5143476
-2638475
-4179108
-6187824
-5041345
5395167
5237201
-8868685
-6072942
-8341726
1517408
-838176
-6178887
1562120
4324113
8618884
2402919
1059173
-7085913
-237298
9985499
8374769
-4688218
9854195
-2584120
-9466126
-2902841
-5017666
1004844
-2041068
2699517
-6566714
-4129276
-1180510
-2383036
-6386194
5082698
-4997161
2763826
4459047
-1057605
9323561
5450074
-7501762
5500168
9240214
5742780
1205243
-5559302
9854818
-7246542
-2641167
3933921
-2815421
7273629
3958118
-3175534
2216836
273393
3078460
9618057
-9406716
-215979
5672121
4917974
3208617
-6597656
-7823893
-4376498
5791814
-775103
-3792589
5408330
-1512182
5342681
-8370758
-7729184
4320029
-5061111
-2065023
-2587001
-3969762
-4657054
1629392
-9855000
7718176
1602046
-5805490
-50595
-1013928
-7471107
-7780256
422940
-7688
-4672215
-8971623
8014055
7054628
2438291
-6742340
876131
3632624
135110
9369932
-5016660
-8184795
-6656705
1145725
955380
-1031711
7780529
1972186
4581227
-6762143
-2814953
666483
-4630622
-648274
-4115999
-4446006
8719014
-8534059
-142313
-7089567
-7044892
-4933210
9876869
5895389
6052663
-4303643
3328498
-3921073
4808026
-4748151
2225042
7146841
4424070
-8333580
-272423
-8640473
-2120002
-4598093
2283873
-4041349
5308976
-9165148
6424986
-5364163
-6424376
9823359
5076892
3683340
4965505
6278112
9687436
-5720031
5540875
-6385367
6111226
-59495
1637148
-7295562
-7211403
-8673633
-2565747
9370446
6649629
-1068157
-3778542
-7902802
6216413
-6083290
1181840
-5615727
-3581857
-1482670
-5016326
-1944058
-6751014
-3580260
9481822
7174309
-9245523
4344216
-5637575
270604
-5428722
3140851
-1655409
-5662407
6979273
-8447126
-23126
1095376
2554718
-3990803
5200596
-4437070
-6068251
-3256162
5258157
-3870361
-2684821
530187
9082122
9942456
-825528
5582516
6439339
9894939
7890759
-4142469
-8488056
-6547860
9099050
-6639318
8802836
-2736968
280810
4571869
7112633
-8754064
3131053
-5063076
4971054
9734317
8476400
-3670361
-4726748
-625234
-3658671
2873317
-7138314
1089918
-2739031
2494105
-5686123
7685272
-7351321
-6689975
-8123899
5972958
5218629
2979959
203178
-3160046
1813302
-3738103
8094947
9211817
-7957394
9476919
1195620
7959901
8643012
-1498395
-3401220
4256994
-1316973
192766
3794200
-6282818
5571527
-5986053
4831188
-7105313
-1534676
-5617269
1318171
3549023
-2815464
-6326977
382454
-8746927
-7815454
-5546291
-3860147
-4152419
2524076
-232158
-1448197
-6349945
2821115
-3057584
7216927
6540135
-9198477
6410338
8380909
-2763056
-6767577
-5672146
-4216118
-1016113
2862161
-5122187
5267623
4370056
929095
777732
-6070806
-2302477
-8986832
-7943659
6942484
-3126872
-4811312
-4437270
179692
-4467584
8404254
-141500
6198428
-8410994
8489496
5244750
-3289056
-8775961
-3331103
2656943
-1236889
-1819917
2062816
-2735059
-3148821
1480186
-4350880
6834247
3057244
-4840752
7947198
2902431
-7637376
1119645
1209375
6680412
3625460
-2564639
5003812
-7260499
-8058242
-7715141
-6515397
4703710
-4938749
2935271
-2459305
-365698
3218966
-6698139
1956066
3064436
-1291167
-4213146
-5470075
-2610233
5840800
-2995643
2115845
9424166
2272936
3910528
-2858663
3802469
1688380
1469226
758772
3772949
-1891964
-1398034
-2262368
-336117
-7372653
-8945869
5921639
7484495
5683510
-1126590
-9836011
8584048
1168469
7144642
1105600
-6913727
6589561
-8302023
-9707009
8609968
-6021711
-3592838
-4773097
-2342205
7721898
4251972
9407361
-679998
-5132526
-7497850
2982745
199204
-6307968
6121664
4781951
-5459290
3629782
7984335
8810653
6822333
-9451799
2134943
39726
-1415761
9627779
5422686
5427019
-6865252
-5978114
-9554638
9781270
-952047
-4617735
-1221963
4318761
-8497665
-7109040
9712532
2458237
5606018
1753173
-1347033
-8491569
-8509937
-1196719
-1495079
-9042872
-9023207
-2138928
-6288824
-516182
-6125201
-8811420
-8774339
3775920
8941201
226082
9813194
-4784179
4920084
9247825
-4280060
-6071915
1579303
-2036752
5696574
-1556506
-6493775
-2126205
4413736
-9057950
-5613456
6497789
5295366
-4496920
-841530
5641250
6290548
2245394
-7705780
410541
9368665
679707
-1404973
1724878
8637143
3611045
9362574
-5680457
3310640
-7726469
7864307
31495
-2580808
-261064
2563782
3160493
-7482906
-9573468
-749187
1556057
-1879883
2821053
2431857
-131875
8164194
3654849
-8031738
-1515681
4889556
-376963
-7400587
-2847244
9617889
3984508
2159746
-2351759
-2769504
-2742808
-7493446
9946948
-710856
-7462574
7529334
8621278
6332561
-7499574
3582417
8663135
4549075
2601569
-8681281
3509730
-711306
-8229797
662995
2921830
6026648
-1327442
8165883
-277557
-6519196
-7429471
-5545885
-4096491
-1264917
2563604
3414946
4479124
-4126552
1254484
-649098
-516820
2624530
-6196063
-3422352
7901572
1418687
-524691
9317788
-1584326
-3118196
-5380042
1566759
-6801544
5095473
4635488
-6364246
5219556
-8326718
-8625418
9323749
6047246
9918506
1215538
-6889875
-6625429
470754
-9486108
-8824912
6174886
-1124128
-2655278
3208165
-8556232
-7487849
-3716794
2195267
-2970613
-8855968
-5838626
-8469251
-1097146
-3247005
868751
-9763093
-8468322
2080507
4622422
-1113229
6043873
224688
6420871
3055621
-8475178
8154619
9176079
5837311
180853
9148323
-277735
-5431518
2369169
4598745
1289059
-1809382
3729899
9009614
-3100889
8559659
-8137846
8909938
1686111
-6309819
2330312
-8279804
7931174
-1012409
7165739
-7559828
-4715500
5844586
-4899661
2207162
-8655169
1636147
9493300
-5319338
-1321251
-6090946
6547380
6348184
2369272
-1929408
9658175
9231948
925661
-8919254
-9894626
-3354778
-9460461
-2466791
3093237
4816530
-329079
7061040
7505997
550846
-1562522
8130435
-3891691
5273911
9964524
3003989
-6247491
-4323244
7083880
8474509
6256196
9668905
-8924977
-7907607
5789841
-6362155
-3725395
6359031
-2491710
5664408
-3079834
6407573
5921067
-1522891
-3658978
-2008634
3284673
-5211351
-9319480
6156875
9587884
9177016
3506939
4801000
-1369264
4452357
-7427372
-751851
-977460
6965241
9255548
-6038867
974834
3291967
7075978
1679837
-874120
-3099640
6746894
9205757
-3190077
8267052
-5559447
-5772732
2413654
6062414
5592407
-4514386
7483526
-9626941
-686712
-4772718
8449966
-8750440
5834082
-2742767
-5031128
3143701
2318951
5462134
-9877110
-5080292
-2976450
-6947222
8274041
-9358433
-1616926
-1550124
-444943
8298962
1647404
2219017
-9414468
-2909927
376856
-4276775
2405386
3047915
7542636
-7032219
7595569
-7756248
6056173
-3476783
-8900123
-5688095
8500379
-6404359
7096853
-2225577
-2353462
-7524676
3316436
-2558727
5656674
-6606348
3345
1665863
-6644165
3205219
6660313
-3036181
1479038
5779648
-1853667
2008398
-5566849
2592053
-9077653
9398644
-2115107
2834680
5701761
-441707
715458
3146715
4231797
-3025909
-4059043
1087491
-4403384
2258681
-1369580
-2060051
8548714
1478064
-2260501
-585109
-482572
-8179067
-4683477
-2223450
-858365
-2626815
-1400538
6795813
9375847
-7738160
2192117
-5799447
-4224240
1428094
-7461605
-2974864
-9919276
4210952
7434322
5366602
6803022
-7910652
-8617633
3968964
-790547
1183720
-5719241
8779976
-1580393
7227204
-8241527
6790313
-3753054
7480477
1137422
-9552870
-9375313
876770
-718130
871286
6814282
-7289108
-1397743
-895135
3206697
-7785411
1341931
-5015515
-8335797
-816166
-314974
-2975113
834364
6679639
4103861
-8613589
1101449
6446995
1518979
5110578
-5933985
-3476391
-2931979
3673671
3187916
6726449
-2010320
8235349
-8620476
-9509698
-4156025
8779726
5887628
-3046903
-8531033
-8988716
4331431
-1541139
4863464
-4822987
-3626626
2922640
-7969844
7668421
5067541
5910915
-2093887
2327680
9100486
8525681
-496901
5823635
-7878804
-5632187
6267104
6253552
-6846655
571873
-4302967
-4196500
-2268573
8270877
6530040
1844401
-5222424
-2203175
-475955
-9862029
-9865726
-8076384
-2790318
4221868
4647137
5168584
7926194
7309568
5115490
-4105097
-8823073
-566594
6258593
6743697
5890534
-5381621
3211732
-1299575
-2548695
-833409
9718218
-7798295
9907606
-5572189
8340683
1909666
3429254
-6099412
5898640
2277531
-1157188
-8159190
-6057227
6546400
8866089
-3176037
-1187355
-5154634
5256059
8993272
-697809
9957873
1401609
-9322677
-5107440
9135882
6654982
-3836089
2617335
-4617449
7877522
-2263825
1844593
-6344123
-337190
-2104918
-8331825
-2354
6123073
6686452
-8953068
-5031634
8918821
8281696
-3868157
9319547
-1880551
-7994078
-5869843
7280967
-8148217
8666682
-452060
1753999
7438254
-9538940
-7570237
2534860
1226141
2054864
-2239838
6639402
9912792
-4627436
8581687
-3983768
-5388515
4483899
3119477
1294754
4773825
-4436689
6537160
1323737
-7130668
-3991398
3195274
801523
-6161209
-1400264
-8822747
5811390
6944012
4560666
-3141944
2496024
5055306
4610910
7629858
3279479
4214699
3001749
7470992
1353669
-9249380
-523319
-5293622
468098
5153921
3333731
-3843069
-721815
74946
-1496685
-6233469
-8731537
-7772716
7553222
-6001772
1289370
-2340856
3745182
-2933851
3148365
-77051
4250975
2463081
8453864
-4753546
8641027
4685927
424992
1448340
2520144
78758
1140223
-6431620
4319129
3276119
330212
6645361
-2135472
-2640017
-6300766
-9419423
-7902590
-965777
7788155
4216580
9171348
6366580
2879299
-4802139
2067549
-7794618
8786995
8102517
9730335
-1300620
-1171110
-1625101
3667720
1942098
-4140443
4934658
1736902
-8770996
-536837
8039692
1186854
-4651224
7400715
9766789
-3778941
-2866308
-876445
-1123450
-1804259
4340978
-9719499
-2076259
-49216
-927433
-1139769
-8700890
-2820528
8381205
-9188607
-360017
-4261950
-2208846
-1820313
5265213
986447
-5776985
5516829
5530926
-6471397
7591059
2920653
-6496647
4887792
-2949804
7021196
-5816243
216411
-1050587
-5708727
-7906588
6981710
-5454754
2370669
2327993
7924645
8197902
1392062
-8499391
-3019917
-7578578
-6195925
7667762
-6617175
8725176
-7840855
3666908
-5999995
-9121212
7419714
3250667
7588461
-1245794
-6586418
-9736276
-607538
-9326258
2649207
6650949
5890713
-5325533
-8920578
9575139
-7234312
-8292132
-577311
323770
466008
5797512
6861964
5805399
1936820
-2636927
-2796162
-7843805
-7283629
6668247
9195194
1189455
5366613
7682600
5303168
6391611
-8753099
7466529
1301176
-879876
3639561
9043533
-3260216
-1246633
8292591
6320532
3820858
182448
885691
308956
5511443
-8264516
4564885
-37692
2830206
-2601908
7736142
4961409
-5479642
-4734664
-6358918
7279287
6397549
-9118322
-7629746
-2317199
2456065
4416043
-335242
-7564763
899113
-8567423
-1798565
-8839032
9354929
2297262
-2569249
1421122
7838609
-2939048
-2712181
9558699
-2258546
5385679
3414212
2743115
-2823598
-3075739
-9916091
2955498
5104795
-9981632
-1710010
3177840
-147425
6824487
-6129253
-1505439
5638734
-4101362
3375993
-4041334
-1759359
3299820
2461110
1802730
-7717351
-2815230
5961679
-6221629
-6570162
3955691
-6010885
-7949486
937845
3276274
5650124
-7687984
-1146599
-9027003
6958319
3688482
5298879
9181389
-6972460
-5412153
-930974
506332
-9218161
-3498695
1318952
-286719
-4410206
-830359
4957063
1680392
-7610601
-7748953
5898975
8398454
3657380
-7602248
-5125624
-4002799
-6378715
-6020066
1981760
9520367
2389203
7915743
8428193
8586766
2986047
6719172
-442833
164587
8502093
-4026115
5544142
7527422
7960725
4349416
-1701309
8435062
-7237689
4161058
-2737159
2372574
-3000054
7320083
527570
-5092641
7651133
7364088
-2017300
4982207
527906
-6914611
6269052
6649430
7614293
3716814
3516892
7194081
5931501
-1670245
4417956
-7686102
4778212
-8992767
-2659124
137066
-6192056
5500388
4421437
-6661150
3921808
1591082
7704385
-8084268
-624227
2813178
-2273597
5437073
-8794763
-2004049
-2361842
-6268646
2053880
3709502
8206268
6733607
-5129843
2306663
6983501
4716132
9990177
9142631
9229851
-5960189
5477616
3650275
3885147
-869468
6773948
-4022108
-9373352
-2902317
9503158
3124232
1980114
-9038264
-1584333
1026029
-6924749
646156
-9319132
7856731
420964
1961331
800140
-6065811
741677
218013
2811300
2101887
-4810778
6594944
-4113576
4135893
-5487008
-5169224
9082809
-5541947
-7906155
3818069
-8397331
-6925187
8236812
315280
7657450
3605973
-9653417
-6144154
3477591
2523969
6194869
-5851845
5648317
-3502332
-2013849
578015
5053947
2600665
7815269
281653
6897259
-9363160
8596264
2564501
9076018
4644311
-907442
-8437643
3710169
9783016
-2491821
471039
7571377
1922201
6098030
-8634435
-7323902
1083415
-3957886
9710365
-9292292
-1385780
-7585970
4759127
9629580
3598509
-588534
-8131107
-1306936
3404673
-8840212
-3397600
-4989486
4331868
8962876
-4435560
8553464
-349543
502012
-9809870
1128285
-2032335
-1893068
3454351
6771995
-3001912
-1313972
-4349529
9576385
7194729
3365782
-9741464
7947336
5919966
-7602837
-3557808
6560612
-9028688
-7590810
5909206
8719541
-6780210
6950156
-4302846
-8238133
6876986
1479741
8473574
-6133950
-1179692
8532066
8684351
1514600
6571890
6026731
3058731
-1493583
-9641649
4452561
-4057646
9532562
-1353238
784981
-7968747
6526485
-8474022
1235565
7155938
9981363
-4761331
-4509076
1389884
2605340
-7639113
-8588644
-4477761
-6198120
8813527
-6267396
-5630468
-6236733
860356
-943872
-4204840
7236991
-3967928
3186804
-1690172
5133850
1004833
532878
9905608
3916215
8207070
5643785
1517232
-6515493
-9730745
276247
38859
-1096465
-6192960
-6303824
-5528926
3523421
-2323632
-4945285
-4925358
-5990659
-5686995
7634660
-65235
-2007726
-4940249
9889004
2963767
2982855
5798654
-11482
9364953
9945940
-5914134
-9269134
2520483
9289062
-4686147
-4065377
8768903
5919151
-7938348
2730367
-9488545
-8727858
-8505872
3081436
4941562
1026499
-4841460
2143740
8104876
-2521034
-4860020
6191626
9915546
606387
-7265844
4453081
3948416
7008118
-903507
6060032
2095147
-7120730
9760889
-3827958
1130335
-8299908
-1712234
7955217
-8985978
-1902347
-3419150
-6959425
-1475774
9349584
-2511297
-8214677
2816568
5091133
-8425925
-477083
7206520
9185194
-728682
-9343232
-1263423
4226558
4907802
-5899699
-7780790
833242
7507568
235888
5175109
6602297
7172299
-5818826
-7153690
2414825
9925132
2164786
1768334
528863
1812200
2495704
-2692547
2124279
-4420042
-5690652
-9258846
-2589400
7995808
8120056
-2310497
4686060
5967773
3166826
-680742
6800869
-8891034
-111666
-2943561
2961844
-2575292
9374609
6449997
8920845
4102558
-2326955
-7790442
-3311074
82727
5123222
-585484
-448685
-882205
7324917
-9404462
2336803
-6056198
5934052
-7274337
2825627
899450
-4881921
4086548
9203306
1065204
-2754509
734848
8791898
-603491
-1958350
-8959406
-2295940
-2370188
-5823635
-7165600
5754507
-4488314
-5761199
4248034
-9173977
8103896
843263
-1792359
6381312
-3475342
-4252734
5019886
3159360
-4452673
2766860
-4628726
5364378
755970
402901
7684670
4336027
737806
4899946
-823747
-5690894
-6848992
9802828
-6217706
3368455
4689401
5258171
9829651
1386491
-2810686
-2748636
9133184
9578413
-6354720
6795577
-6244531
-2926186
-891027
185598
-2988520
6296139
-7998930
5540631
7004194
8656084
-4414534
-2164563
-4777317
-377539
4192628
-9894230
53338
473848
904925
-1755531
6639312
8189029
-517041
-5167479
5075254
-5353337
-7184439
-1883443
7106705
-8498300
1555002
8848722
-8885236
-7082226
4178521
-8977459
6346373
-3203533
6723000
-2359148
-9476311
6842556
4768707
4199971
3975474
5576322
-8032110
-978981
4791266
-4419197
-1082205
-461806
-6503461
-7675238
4708793
-8497634
-1547574
-6924667
-6630668
2289156
-8090801
5423144
2618087
8702019
-287709
-6734749
457368
-3633050
8622017
7299658
5365358
-5172927
-2692466
1754112
4581388
9256225
8753007
4281848
2228235
-304628
-2394589
-6377833
-179459
-2322658
4625105
-7145294
-7998312
-4711123
2517500
4426125
-2079974
-788573
4365319
-3652743
-2787849
-9582015
6159799
6924685
1238137
2889820
4969216
6337882
4646459
5256296
-1244582
2097714
8858257
-4470720
-383367
147432
5038819
9379856
9089410
-6573064
1927510
-4227970
4841802
8264850
-8730200
2502102
-9877713
-9429374
1619906
-4823414
6557917
-6580392
-1625578
9763135
997684
9911498
2241071
5610406
-7142557
8817274
7177404
-6622758
-1395120
-8416199
143477
6608252
9524311
-5347006
4376075
-28974
-6287212
-5693977
6329525
5661924
3948357
3516167
3159328
6061716
-2024750
5572092
7239568
-9888994
7545507
-9083738
4606163
-9701908
-984604
9764913
-8510738
462239
-1543178
6930412
1982420
-1810990
-716082
765113
7977009
-5621573
81003
-1876623
-2862674
8973547
3225155
8617693
2808087
-665288
4755240
1208537
8906441
9231850
-788879
1721770
-7842241
-6199853
-1755412
1412189
9423563
-8376347
-7120037
-1305791
-9336074
-8780547
8865075
-7203835
5568541
5273569
1795530
5388391
9643347
-8961895
-7785159
-573215
1008190
1388331
8492098
-2936004
7987827
1603142
-4717293
-5684331
8326336
-5019826
2216460
-7716765
4728427
7625144
-1325274
-6885222
7379691
9308399
-162411
-2230963
5893271
7284317
7475539
3659722
-8662109
6737063
4455663
2338525
-286487
-1637412
-1885137
-996104
8028467
-9366865
-4586477
3552887
4965975
2792930
-7959358
9651
-9505790
495872
-3316431
-5447192
-7897979
9078213
-8003508
-406526
-7103975
561360
-402170
3053041
-1212986
-1828175
2707726
8158923
-1602764
-6513145
-2888956
-2482480
2989307
-7144369
3281337
-3810459
-1667752
-6883828
-2283296
-250604
-1649906
-6232215
-1207384
-910923
-7928397
-461452
-5083651
4828615
-1181765
-3866858
-6256485
1296229
-6013706
-8752289
6661723
-4905760
9256083
-3782393
-4432958
-4957109
-6781995
8313472
1309055
938403
-3738780
-4588458
-7072858
-7123462
-5699328
4302241
-542674
2817811
-1124997
367778
4373001
-1311523
3679101
6783969
7899912
8620793
1566336
1824138
-3234868
-5396823
-9388979
-8789117
-2626234
-1021894
4593824
6917342
-909738
3118891
-7310180
-9759253
-8488717
-3214092
7405062
6274887
-1509707
-596254
6576236
-9981471
1437962
8524061
1147994
-6384480
-3522392
-1438309
-8825121
6712768
5859725
-9396060
7538304
7716595
7635354
-308810
2619967
931731
-2787185
-4030418
7560737
-7482758
8321663
-2887161
-2773444
9116194
5134576
2013030
6057905
8048747
-9756182
-5070829
-3640821
-949479
-611127
197505
484282
-8518584
3291515
6888478
-1350081
-672174
-84538
8496873
4352179
-3931033
713801
8289134
-7764404
-1721337
9401366
-4533770
-8324065
-4056618
9400796
8679564
-5892175
-7445375
-8210633
-2014541
6686296
-1291559
2700360
9205081
-1985569
-2825127
-7669495
7325010
-1000995
943828
-1835594
-8059064
7646290
1492142
-2184167
9596053
-6259903
9984160
-2403442
779771
5466162
-4511578
-703215
-9693591
789036
-6407877
1032842
-9767109
-8405130
-8401821
-9814776
-3022591
7041676
-3655658
-4213321
-6451868
1506711
4187013
4990087
-9139397
-9656630
-6675748
-1105174
-6156226
-1529005
3619634
9894007
7475729
447462
-5825284
8523253
-2171790
1978844
-7178771
1346601
6426896
-4722692
8159094
-5711118
-3662332
1225511
-1387997
-8228881
7053950
7622498
-1314526
183721
-9230702
5621711
-8357987
-2929484
6599986
2643705
6979234
4365670
3182276
-4627913
9332690
5401816
-8516650
-5148286
8631240
3971156
-812764
-9652682
-4884587
-2542292
2819188
1245786
588675
-3691958
2690093
-8284535
5407038
653814
3105061
9351830
-7975208
-1327719
-1210348
-6480308
9545851
7545440
-785681
3433682
-1756054
-3041585
7984601
-4232009
-4225324
3938804
3695100
1987217
1354267
-9918281
6713104
-2073122
288732
-1722230
1708530
1968574
7439641
6499783
-1139346
-7076393
-1606211
-6094268
4779259
652470
-8038616
4487065
-9925560
-5866146
7969302
-2291908
1181650
-1678376
7314576
-1539243
-6507505
-2197384
-6884582
172297
3569767
3595846
-6454572
-4954516
-767361
2004913
1652317
-3852999
27265
360807
8779757
-9367433
-1445511
-6012507
-7016908
-1989576
-7319547
7189142
-2659471
-487821
-3501546
7560203
8456882
-2851112
-5788440
786126
-1565283
-6312897
-5850788
-8170306
6154833
6101384
2461474
-4653244
-4829107
1829052
1354549
-5707663
-6747014
-7756285
6051428
224959
-617936
5016143
5819699
-4623630
-7543134
9353125
2571582
-6141953
3017468
2734746
8859818
-7753218
-8797737
-5833506
-5931500
7379959
9879809
7914046
-9315502
1904866
9049765
-1635158
-841079
6699148
6271932
-7413924
-4298336
8746143
8178661
-246640
-2631715
378053
-3959993
2639549
-4314316
-5540092
-344809
6519678
9669784
-2631655
7175631
-607410
2446977
4812272
4260376
2150003
1468039
8464135
-6969453
3739946
-1600773
-2123791
-5539086
-5525763
-9995642
8053250
6742263
728725
-9613676
4674252
3660720
267145
-2886036
2744174
8022058
5922054
6416947
7386615
2639457
8601706
-8674704
3284953
3557030
9051915
4675724
7379522
6949486
294759
-8001645
8525681
-9792795
990418
-7895805
-779039
-7257963
9192524
2891073
9772498
-8569969
-1550254
-8716531
2509955
9556504
-2513973
-5960614
-1066781
-8136810
6242055
4079232
-307060
-7859037
-318814
2894650
-6635914
-4055932
-1990257
-2851712
-6564289
-2522993
-6421446
-6256712
2795151
-4077559
9533045
-8010028
7390709
7217136
2361493
-1395013
3999572
4803948
-1213725
8782579
-9777473
-602493
-9485473
9975181
4628614
4937171
9980401
-4921161
1517426
6927511
7300150
-1761639
-3906622
-3969282
-9854686
-7991775
-9644267
-3414858
5728291
4961340
-2313407
-7951878
-3544050
-5473933
-3612475
122096
-820291
-6881776
-2136832
-6797210
7375073
5712080
-583372
2472354
2966923
-2658334
9164561
-9667359
5263133
-250371
5720914
1240722
-6313647
9268247
7658206
-9704975
5125604
4474031
-3831722
5011195
9012770
1401751
-5566878
-2953936
4309491
683733
-1713574
790545
-3257738
4035096
7728923
-4353156
-1800267
-8829986
-5144364
1659110
921206
-3329055
4445360
603531
-7641936
9611119
7623087
-8611204
-9524747
4021988
-2444210
-9172947
2155301
-3977790
295055
-7794621
337635
-9716463
8385209
-3748853
-3001795
9419830
-8784943
-4582517
8364533
9065763
-335889
6318802
281388
-6058893
3000132
-811421
-51651
5801991
4858878
8131130
-2455399
-1496143
-8904118
-5792386
-8445813
5344249
8605389
8227423
1115279
-1931584
5563433
1155253
5712199
-4100688
5029346
7838993
-999674
2232674
573462
475089
-412766
-5138596
4463629
6598232
-8243573
9186006
-4843643
-2314333
-4859319
9515051
-6028025
-8646659
-1875846
-376794
-7675594
-8307923
-7596728
2893250
1127649
-6364702
-3843699
3874814
-6252705
-4606553
3917530
-7782261
-3958593
6120342
-3764408
3815917
2945736
-9352975
-5059848
4713785
4840015
-2561087
-6130641
9360826
661137
4299749
5749257
6491625
2119050
-7453188
-485922
3747328
-3028464
-6653997
7842836
-187741
-5574620
-8194910
-4305282
7945136
9559330
6587351
-4127627
-9805183
9815078
9628470
2131449
-4471901
3324000
7828924
-6103689
-7875295
6913140
-3953617
-3002311
-5347743
-3243252
2357560
-6048654
3989281
-4827106
-8201704
-4036017
-9338404
1450190
7672466
-6493618
-1968731
3549846
-9642411
-2666126
6101747
384986
1131109
-4706425
6737756
2611720
4372656
3872026
2305772
7714390
-2598473
-3876711
8029882
402855
8620323
1023114
6175342
2584467
2911811
-7041466
8269437
3292390
-5922549
2627736
6608406
9818219
-808486
3267769
-3191539
-1927617
-8558187
-1158380
-2329828
3893444
-4968902
4570485
-3815680
-3350146
2536787
3893100
-6017920
-515578
-8498915
-4312686
-5092328
-4274456
-1834491
4557911
-7237347
6359878
-7243698
-3874262
-2920781
-9843058
-7225367
-3499392
-2141221
-7219569
5944011
-4493004
-3477522
1728311
9579077
9073955
-2521867
-5557583
4441233
-8784976
3964405
5165637
-504652
-3289887
8261633
-8704024
-8430805
-2591851
-1673099
-3190169
-4431292
-6545815
6942867
-2076118
-1091065
124831
2187678
-9491909
-1039426
8745886
2715985
1668799
7254516
4690370
-4709076
1138899
2978589
-9102429
8028563
7207158
-8861471
-6988562
4468326
-9362006
-3822848
-3142661
1620413
-4817846
2861117
7287190
-7222366
1497565
884810
444631
-263952
2555229
9897092
-6260840
599644
7270894
8689437
8713537
-5246812
-7006737
-4242098
-1042806
-1288218
2798731
4998680
855606
-3298883
3736237
4848670
4063430
-3058030
5545855
1292970
8899450
1267129
1542267
-8427309
7177070
-6450643
-3799413
-761477
6292872
7440130
-8962329
-9578951
-2557694
4574306
5742228
-3059456
4522833
559141
-19034
6749795
-5886549
-8750325
-5249156
2350678
-2751778
9744322
-5846771
8596666
-8964055
-7485428
-1564961
17656
6637706
-6257816
-8831541
-9864488
8966067
-9978189
8184199
-4406055
5434108
-6221457
1765039
9595389
2573980
987335
1828383
-4642714
-9592124
6009781
-3864401
-2824476
-4758010
-7943492
-3874120
-9709632
236514
-6239522
4737053
5892422
1640222
-9375914
-4462343
9446899
-7362908
-3898191
6393829
-9175352
8552451
5276709
-9965757
-4139635
5057070
3757212
-3841492
4374698
2079925
7306753
225834
-298105
302720
4551978
835979
639940
863855
6993527
6163583
-4332190
5508628
-1896428
5565455
-5280824
7055726
-1146882
495658
2611089
4258748
-9294870
9122746
3993282
-979267
7637009
-2269041
-3958774
3732096
-173433
2171021
5152215
-2330336
919048
-8654481
2747924
4912432
-4592886
8141402
-7309321
809542
-3331242
4102252
1864568
1093664
-1077476
-9611110
-3941018
2238129
6786495
-1589891
9163796
-58082
-3725306
-5789455
-4826347
1432397
7110629
696991
-3519245
3192431
2146942
-6622523
623302
7880321
-441144
-9253922
-5805753
1426788
3177069
2615611
-8918871
-1321724
-88377
-1996536
3537958
-3749368
-849903
-4746301
8044191
2271055
3731898
-426343
8082905
6795374
9335266
3374902
8735763
-3910655
-9931722
566170
932460
3423868
-4756110
-9540468
-2448435
899465
8712147
-7615858
-9312337
5990572
-7808155
2167872
-923261
-3116847
2334546
6717952
-4337913
-283698
-3482008
4945993
1349922
-6017884
5951320
1934563
-1301454
1838704
5408277
-4885703
-4408744
-729761
8600447
-9720198
-8706308
2842751
6542316
-4092291
-8754692
9312326
9749482
-5208655
2237870
-5190705
968318
4878105
-5165060
1574910
4307021
-7222623
-5247538
-8651121
-9035981
4545138
-7132868
-5187918
5868610
966537
9267391
8140584
6845840
4240122
-3753583
7462318
-8525880
-9499193
8078508
-602805
544185
-2651660
9073925
7145439
474286
7634038
4529736
6893786
6916737
-2468895
3333124
4526457
-4219052
-759855
5705274
-6206615
2886697
-9465837
-5521839
-9806358
-556777
107776
3948239
5025515
-1704237
5693226
7673370
-8933459
1844683
-7200382
-5178946
7398189
-4927811
-3945682
8492161
7155987
-2822126
-8439753
9340277
5528936
-5380799
-1045307
9600023
-3623807
-5111959
1922045
1931443
-278169
1015914
-3838349
-2235910
-1624258
-3345187
2904186
-8730390
4046056
-2744249
-6971307
4768649
3344745
9153187
-4427278
6415926
-5746969
856070
8122372
2767477
6660030
-56391
1965698
166538
-5721436
-5370232
-2913197
-624174
9053866
-3125376
-8472487
-1582543
8202973
50746
6828282
2868353
-674282
-260468
9691891
-5168486
2225352
6295826
5301448
-6123952
-4553787
-5362725
5000517
3550447
1657216
574019
-6685808
4170904
8926618
4484142
-8892824
3946494
-5541833
4577482
-1139442
-4600218
6050189
7357305
-101967
9152609
6515444
-8211100
220409
5444275
8841740
7401416
5778298
-4558124
-5902720
-9859498
-8611860
-4601555
-521144
8058445
-456227
-3459947
4101614
6176491
-5244533
-5187383
2101854
-1794555
5363795
-7003915
-803119
-8820114
-9102517
-1024835
4841436
-3616388
5631426
5308526
-15611
-8975750
-7702516
-6839753
9785478
-1377949
-6161875
-9384263
8286816
-3341500
-2354613
-8061261
2412603
-8803611
4868660
9668272
8492759
2636164
-2655829
-5896655
-3944788
-6962854
3891630
2615904
7027348
9005954
1886803
-4383222
5215387
-6068301
5829219
-1542016
1038177
9771495
5875199
9887673
8044135
6166318
858482
-3596218
6393726
-9065386
7098314
9642538
4487270
-7769700
3514342
5290150
2103769
4450165
-940426
4239521
-1877515
66841
1765686
-4953048
7350143
5504231
6838343
9350752
7022950
-2516890
7559267
-8351117
-2524904
-7260560
-5529833
8189728
7811744
6569131
8825222
-9613012
9324164
-1699147
3287270
-1539625
5821793
-3027074
-8524053
7052750
4753958
-9656333
4068019
9158107
-5323195
-756204
-3348475
6373451
-2644488
2990205
-5135770
-6378467
-4434769
-4202348
9859844
8927753
6274522
-7467719
-6852961
-8236332
-4549699
-7302858
-9958998
-8646031
-2611268
7222672
8275909
7955383
969993
-3983503
-1396834
-1733561
-5489641
-9946403
1975202
-451879
-8023226
131495
7283980
1943637
-1766970
-1767603
5412457
-9109570
-8036152
8514378
-2657100
3844754
669566
6045884
-2373302
7313581
-6327969
8235081
-1777958
3959968
-4744465
-6994663
8667521
1723461
-6567913
6316750
-43745
5768512
4729664
-5366396
-8646351
1636776
8246947
-1901734
834615
-7460530
4834289
6346106
183250
4460735
-4309745
-4946830
8379219
-4481169
-7624449
2492643
-4775794
2035098
-5121146
-4529220
-4930517
444078
-8834010
1084710
2299929
-2228013
416518
4558411
-4656656
6027792
5313062
3120710
8985231
5425506
-4790825
-5262041
-1620769
8556444
4214564
-4566625
-1936757
1464248
-5609350
2522439
5073527
-1337649
2782126
9779749
8373103
5474563
-3231558
9650095
84081
-246680
2835409
2899791
-3071473
-1778450
279051
-2506096
-8314836
-9739878
7869913
7531316
-4110325
9793134
-1768245
8949581
4770390
-8621877
8761197
-3999216
131168
5448989
9837502
-4894721
7534391
3990170
6003653
-7671975
-7032286
3284281
9422751
2854108
7404317
8058673
-8006090
-9890498
8248848
1495371
4013916
-6622168
-678159
-1257867
-5608174
4690704
1109679
-7128686
7526453
5911039
-9560721
-8914747
9740254
-1430052
-2995435
-1248504
-7460147
-7790090
2370742
6895887
4573212
2821083
5663466
8605588
2541477
-4116078
5057857
3488382
-6588438
-8849185
-9244453
3487480
-3478659
9892082
6123275
-2722379
-843333
-6193445
-879044
8909161
4784450
9615642
-6635491
-9523741
-8401317
5788405
812651
4438904
8832239
2546875
7897414
-4527264
4314343
1638676
4034562
5964948
-2067307
4967689
9456441
3900355
4332324
3522146
-6480141
-3246101
-8654294
-5191445
178951
4859961
-1204054
1724297
-6690817
-6238914
-9092229
8468985
8676584
-788404
-9264791
9180472
-7826765
-8220749
7350943
9386565
63702
-1650954
4866355
-7493993
-4801862
-5089543
-817293
-5161943
-4552371
2067141
-4682808
5041556
-3402624
-2573719
9755035
4010155
6287783
6430154
-5211163
4271944
-9025653
1868207
-9856675
-177073
9848008
4446636
7421952
4738402
495103
5390240
-4768896
7100648
6564308
6435177
-2591405
9320601
-9634454
-6999647
6829166
-3944077
2770826
6216476
-7254148
8686904
4331099
6610727
-1815069
-2015400
6937320
-8739847
1513115
-1896893
2681736
5101877
-1965004
-2586648
5724468
-9480047
-1782372
183747
434539
6852089
487642
-4106082
-2201226
8960110
-1827966
-8970939
7139288
-6273890
-4254117
-2299157
900983
-4126450
6138460
-2109756
-5794735
8522340
-2607892
-5902688
-3426416
-5888510
-9179902
5953784
9710486
379685
6309170
-8285971
-6684481
-973178
-8652171
-4058126
512809
-6388002
4776319
2706941
1107246
-1702836
-1199819
1971286
-1734768
5900526
2817363
-6578617
-6752288
-936527
7064448
-6924170
9201131
7275092
-2512547
-8193950
7206837
7208765
-1175910
5645712
392685
6596677
6599325
3778021
-3995714
7995713
7723166
6718827
-2760193
2866985
-4222527
3336028
2573868
7262672
-3180528
-4377940
-6256721
-7168293
2157282
6662196
7642262
-554650
6369064
-5082072
3808857
-1993128
-5265888
7573707
7377893
6610537
8403155
-8658206
6167712
976483
6941758
4652945
-1147548
-1316214
-7103022
9636470
-1223693
-3260254
-9292676
6541662
6316882
4149667
9128852
8237752
4001663
-4124253
1605162
-3964958
-9593183
1891888
-5803537
-2814963
55564
-854205
-6478235
3975829
-4981185
923676
6845199
313070
-9471712
8900859
3794156
6709359
-6757009
8601526
5671814
-5658124
-3394883
-688826
-5988460
-3725909
-5021771
3660564
9507278
-9703964
-9747868
-1153357
157306
-7914436
3240043
4001873
-2262947
-3884011
6231284
5456118
-6819406
2371471
-2351071
-4217077
3966900
-7893307
954811
6745568
-484769
7016279
-7084009
8139597
6810857
603410
3627934
1097741
-708313
6804843
-3674126
-1006314
3118413
2901694
-3089836
-3825309
-3463670
-7568549
1056060
-9528161
7917378
-4858412
4533766
-6769421
-3795857
-757450
-7298253
143984
8557245
3922788
-996840
-6295150
6978001
-6840993
9761652
3365219
-363577
6520337
-108078
2969857
8195054
1138861
-8632709
6883402
7401364
1606491
7072884
6497080
-4880290
-5098829
2832458
-761483
8040151
-429717
-7109327
8451742
8002222
-4942533
-7912306
-9194075
-7522223
4706254
-7708262
1681549
861512
-6860960
-8599299
6941891
5643328
-243327
-2651711
9657879
-4773064
9310541
8461532
-8833295
-1390312
-4860337
-250757
-5319175
-107338
5282317
-1774609
887110
8618123
-4244131
-3411413
-5856322
-1917921
9312480
-7299716
-5209606
2448102
-212099
-319629
-3578869
1734798
2158704
-9114937
9043964
9864952
-7351679
8199779
-7091287
-3191510
8744171
9011891
-3504484
3121644
1194361
-1936546
-4223602
5044203
-6524904
-8895745
-2569058
2139162
4198399
-6571864
-1523965
-6694961
2785368
5482722
3449655
-3678217
7490199
-6393019
7807043
7999792
9359118
7499213
3529915
-5809470
-2150272
-6966309
-880512
6007527
-5799762
-266455
4331806
-4611199
3027652
-9561255
5179262
-1623382
2247168
5634860
-2986204
445687
-9923418
-7641779
4738974
3882581
4029673
-580284
6111310
1786462
-496309
-5633077
7691571
2100455
5907575
5561532
7376194
1778916
-2704340
-5936268
9743340
-6713365
-7482662
-6503015
-9700759
6563359
9648106
-8037678
727975
7492070
-1600403
9201607
6121596
9985646
5390558
-8819908
-3819743
974015
9424847
-3021264
5506458
-3697521
-7476818
8674539
7086541
1061109
-4869911
5254115
4941183
-6917165
-2782532
8550662
4143117
6202234
3978439
9638023
4602538
4567376
-9114818
143516
7278666
-3914789
1301919
5103681
-5667161
5593562
1498032
6170048
8535985
5171689
-2371030
-6769319
2227508
6496327
2731369
8213769
-5429032
-6404815
5886236
5772771
-2308726
-411306
-1638526
4729945
-1795155
5903778
-7607832
5421953
5394943
-9214183
-3572022
2770624
-9758710
2218866
-7254897
-712397
1737303
-3323362
-1447335
-6473614
7691380
5705835
-339556
4333011
-1484360
8498602
145443
9246200
-3513677
578898
-5329105
-6326097
9799168
4825579
754091
-8727928
-5176423
-8738738
-7033885
2439860
-4787034
-5221997
-559672
-1707995
-5117942
6046201
-7363829
475446
6426060
7317879
-4918291
-2484831
5626313
-4582852
3282223
1565660
-4962072
-1753768
8206780
-1938587
-4268460
-9344082
-3665043
-914251
6771702
7390592
535302
-7326036
6356444
9974186
7256586
8653647
-5391936
-8777653
5225036
1887140
8884764
-6788786
-2097326
-4237567
-4838563
4135226
6103814
-7701206
-7397860
-251318
-9412075
-8779238
8281410
-105075
7097152
9141185
-8713548
-2362416
7985871
-1842124
-3251796
-6648638
-2961890
4239756
132151
9101457
6855751
-4863194
5605831
6536085
-2982131
-4248358
-6402472
7140433
878151
-9980026
-8310544
-1420361
-2671862
1902606
-1596327
-9522548
-4429530
1812618
805364
-4586866
-3052474
-7054724
-6279444
9951152
9860502
-2084042
3287600
7300405
-5698868
7546243
3963148
2622522
-967518
-5136991
9778504
8623420
-1134522
2684581
-7449596
-2478868
-800592
4879255
-184989
5131881
763607
1547882
-5462638
3559148
-9071441
-9520642
8289699
-4459766
837056
-790586
6660445
7478298
-1939326
-1037064
-6790555
7512740
-7520315
-4407327
-8819575
4594922
6158754
9082678
6701916
6767934
-4164127
4857335
3656426
-5179194
-1435580
-9509191
-990978
-2619229
3687897
-3627448
-2482174
-8613343
-2737906
-4507064
-8458328
-8635954
-7390222
1901587
-518576
8344105
6792055
-5517098
2388658
-7366442
-7139264
4979398
-4592310
-634636
-3804000
-4758876
5577376
-1369247
-1617073
-233536
-5181789
8613300
-7046422
6850872
7437846
-2539676
-7393411
1983985
5692826
9557485
1924104
6341819
759359
5933969
2263845
2468342
-6416362
3779043
358446
-9204288
7043470
1773980
8802775
3035261
-6711871
-2586984
-7410095
2807110
8253519
7602543
3742616
2514634
-797730
2980800
5879164
-7074843
4394094
-7844316
6083212
3565751
4175286
-8911209
-8117170
-163746
4454505
844295
-4745332
505866
-2063993
-5030160
8909546
-1038800
-1518404
9399817
8319196
8454894
9709505
-3577268
24056
-7549315
-1954733
-328018
1267373
-5492017
9746933
-2860499
4059729
1334011
-7466099
-5954662
-9654570
-6548174
7855305
6474068
3184964
5184159
3466599
-2582642
-6590251
7369970
9563766
3496590
-9313554
9828984
-372003
-9845345
4275233
1527474
-7907199
-9648114
4080687
4408447
7716909
-1093109
-7858116
8059438
8419799
-2066172
-3159863
3037693
7859690
6842539
2689396
-3799609
7696321
-8640009
-6515381
-9062077
7697137
-7351186
3541093
-8637701
-4315565
5906770
-8745374
9896787
6017028
5790246
4437796
2630299
-272976
8239147
-8488827
-8361112
9201346
6869719
6337839
-4896173
524078
1698408
-1580297
-4160900
6635097
9961688
-8312293
-8948793
8106827
-3081551
5308266
287971
2167265
-2877704
4238214
-2014205
-2404012
2616570
-5010899
-3943221
-1119734
1895554
3727731
-5929836
-4355023
2776646
1782806
4536889
-1796662
-135794
577125
5987684
1452447
6930022
7708546
-3533876
-6971530
-7329858
-6313479
-3510796
4026558
4865163
-5752939
-220591
300431
-8528889
5640263
882819
-208236
2958477
9587425
6064900
7155060
814748
5267261
194374
2398758
9751830
-9749495
-225209
2619154
768736
-5972348
-4155839
-9505152
-3516390
-1365475
262567
5680196
8426548
-9095187
4808372
4618193
2199453
-7692879
6289351
2554557
1860004
-49193
9744997
-8879377
5985977
1162153
-6967315
-2628297
841088
1847824
-2450025
-2920632
-5034917
-6601954
-848258
2151527
4999850
813403
4416670
-5021716
-1628578
-6153195
979130
7594563
6966814
5524378
2493591
-871832
-2339185
-3268923
4202514
3429287
581374
9692821
-9235998
9123204
5975991
6981996
-116565
4610639
-830324
3579085
3287960
-1646841
8612197
-6454306
-995959
-6994817
5823125
-5145441
-1575819
3671635
-410085
-8273926
6662576
4045710
4706449
8423804
-8874939
-1558533
3072375
5375301
-3048369
-1460025
9099163
-7869345
5331205
1078683
-5377538
800175
6415017
4473737
829643
7463894
6978377
7995077
3834584
7511684
5886713
-5081673
-1593214
-2120006
3767798
-6637542
-6194790
6501896
-7955789
4913996
601758
5593372
2076246
9902104
-7630359
9058741
4140534
-6800799
5345449
574690
217510
-8327557
-2011445
-2215796
7058598
5875470
-8013686
6998778
-4701070
5737633
-380233
7009120
8617522
8883015
-7107852
-9950413
8279147
4086787
6914740
-9797732
-3236055
-2351444
-2560788
7457535
7324567
-5531920
3088704
5999918
-1787321
-6995396
-788309
-4474185
3039156
-9437912
-5230521
-2855329
4752873
4715671
7064870
5335938
-8076658
-5657872
4094383
6626595
6910398
-8253891
3498941
-5126130
-3712700
448189
-5860989
1483104
-4010639
-2737097
-4641485
5388646
9866485
2276059
-5083996
-7012519
542704
-9186098
2569576
-4587724
8345632
-3638063
-4332386
-3423700
-5559485
8451822
-5822863
1084041
8625483
-8351748
2621228
-3250825
5659734
6673842
8161673
7396569
9815659
-1701922
-927687
-8789620
8691664
2749370
7181486
-2081387
1675943
3143793
-198938
678945
-818920
-8241265
8973703
-8850380
8947731
-4513801
4855770
39913
-9879554
8428493
-5624446
-5918343
5593625
-2219197
-5450546
-3591776
3449666
1341814
-8350664
-784335
7712277
-4838692
-5174963
34519
4933261
5119567
-6397724
7452975
8051778
5040800
935014
-4026087
7484287
-3637134
-5610556
-7759809
-7286009
1356984
4338857
4662705
9109631
3072298
1101481
-8843023
-9809075
9433590
4878381
413426
-1802248
-3728467
9249495
-1731033
517961
-9848561
2826717
1866338
300431
-7070780
-9155427
3047305
1320446
-5597526
-2377100
-2034721
1776085
4509768
7194163
-8939058
-4134246
-1107675
4765799
-289573
-6187116
-3208326
9339307
65053
-941346
2129560
5832950
-3049383
1491009
-4745380
-6910276
112290
-9326661
1533586
-1913510
9056954
4402109
8904157
5799282
-5179011
9342704
8136371
9100263
-1106827
-2724442
-7429289
2477209
-880149
-1887817
5848412
-8782578
9027899
9940401
8063056
-2753338
594643
8266247
-2006194
-7567018
-2401379
-1003747
-6884389
-2350041
-5879636
-7036928
-5364511
4262793
-9541588
-679371
7406020
8132181
4026113
-9815767
6600657
-5769065
-9955621
8822343
-5162543
6505249
-8319183
9223571
-106809
9943957
-7510109
8502339
-6344838
7269994
-6238362
390538
-3174060
-3849836
5460959
-5954350
-3175677
9818374
9588942
-8359202
-2188820
-1885543
-2632684
-8024034
-5989138
-4944021
356895
2257711
-5111226
3293888
1696245
-2683173
-4100116
-5939228
-5539366
-1504333
-2499852
-3800900
-9496626
1417988
-9612158
5850968
-5100557
7420182
9020716
-5433287
2091048
1780728
7328978
-7315211
1112762
-4855112
-3400110
-2854708
7821496
-5637644
-348655
-8517166
-6401606
-2038900
7682708
-9884314
-1481959
-9458803
-4547308
6197159
6132474
7732151
75041
-2789669
-3194827
5209560
-5107239
-3961290
-740599
4397188
8518788
4675244
-1472040
-7122762
3736215
5110414
-2772575
2841082
9370984
-6385244
7863356
264628
-5547263
8171394
3246383
-4915914
208674
-400363
112562
6415877
5374115
-2870869
8156820
-5394767
-6068382
7213081
-1705421
-6814143
3895284
-6692961
5799526
-9468916
-5023954
7693320
-6236214
-6224550
-9488562
7388508
-7257572
5418680
288908
-6179297
8062063
8173728
6806457
-9539604
9126275
-7964441
1873929
-9392663
6962071
878597
-7624755
2158706
-8466119
-1684660
-5987413
-6624887
5180467
-5259107
4760283
-5931367
-346445
6413462
5696511
8500604
-4135664
5132598
-223943
1954281
4148183
-2321412
2295232
2387750
8977083
1646388
3647767
-4697542
1732376
6227442
3240957
4310930
4410242
-7802045
8296286
2239225
5484146
4083624
3938157
-3569584
-6144221
-9750960
-1635588
-7862350
8004445
-7102476
5648201
-7736150
3717907
-2978602
209080
1432447
5129309
-4284658
7973539
-3684432
6261572
9940675
-8090201
3708974
-8173407
-5565224
-8368675
2687466
-5460491
-3798274
-557100
9351729
-2925339
5882547
-1373820
-3103808
-1033527
2512625
8521695
-4371807
-2675497
1874708
-9827632
50236
4943306
7948560
-4447416
6428060
6906021
-1795329
1843198
-8280727
-3615558
2572016
4255753
3529572
-7994679
242787
-3529286
-4259306
-1694905
1847498
-9386031
12967
-3373457
-300771
-1852979
3095843
-709618
8742922
315172
-7851592
1240548
-2486108
-829196
4288234
-7856746
2328485
1292902
-3747746
-932739
2999199
-874600
-9696808
-1985124
-7251573
2879426
-5321142
-5408687
1019489
5382251
-386047
7148694
-3401839
6486685
-138266
-3474063
48550
8504291
-9891487
4988850
9237010
1283589
-9310409
9345995
4681874
-7698797
9054581
3922980
1897541
2440368
3463549
2423156
2417687
-4653097
-6409269
2875254
1807164
5087614
-6902176
3192378
2588424
6929969
-3677906
-2958320
9489067
3971085
6390811
-9381857
7358283
-2892629
6775757
-5149677
8179235
-678868
-9783946
-5917867
-6423980
569640
-2537922
-2494411
3412285
-7696758
9197090
-1120170
-7162919
8201070
-9643990
-3303106
8788408
-54060
940586
-1875465
6882056
-7528444
-7633349
5250315
-7316837
1007595
-3788696
-2248878
-5400572
-7681936
9339120
5250548
3616041
-810762
182589
3662935
-5603641
-9874020
-9339549
9348533
-640312
8931330
-740189
-2058738
-9312019
-3261800
-4937668
3022602
9540298
-4095396
-1553625
-9266055
3006814
5488183
-466796
1531867
3344834
-3209217
205591
-1874790
-5542605
1847188
-5709115
7840551
8560889
-6543481
7184618
2513550
-8763864
-1443904
3217778
2018364
-810144
-4943321
-4535185
-4546852
4753402
-2514556
-789900
852860
5876586
3118579
9052912
-4916701
4461049
-9819423
4862910
2814459
-1870492
-5465768
-4326152
1481109
-8227470
1509867
1292825
-7417022
-6654812
2535796
-1449158
-1663308
-3614568
5408125
-2275937
4515
-3938448
-4431399
6467629
-1205182
-2472387
-8177210
6931568
-3432478
8762776
-3967328
-4463118
-215075
3486611
-5533084
-3937554
3907790
6161944
-2894595
-835508
-3595143
-613747
-9766084
392031
676232
6919854
706835
-3092491
6457217
8025857
-5321480
5818
9199307
-2220049
-2292488
-7262254
-7038129
-4593712
-5471320
-9269299
4257068
3638822
5742705
-8587169
-6282157
-8114706
-8671981
-9718040
-5419740
-8332956
5284447
8086074
-4757971
-4652880
-2801527
-6862887
5730485
3976204
7345001
-2079340
-7465443
-303395
-142725
8633851
-937629
5128040
-3818545
-4546691
-2136034
-4351970
-8268483
-673152
9649567
-830785
3602710
-3774193
9961611
-2517506
-1153153
8321961
2628841
-9584160
7198151
-578761
8811725
-9459103
4745581
-659563
4640798
711000
-5091609
2734181
-8801825
-6513871
-108312
966876
-1628047
-7596570
2326608
-6044534
2498476
7054836
-2550511
-6041476
-3658427
7216302
1139688
-6655974
6920159
9048714
3034877
4874650
5543858
-7322408
7315106
-4529689
2854230
1137054
-2276425
-5259103
6536021
8304467
-1828977
7989573
8727530
7790393
-2313913
1485119
-346998
7477094
9825949
-6435318
-2033774
-6903952
2188116
2883600
8585059
-3496019
-1794764
-8137725
7089186
3451309
145953
8055469
-7863234
-7770059
7400515
2816673
1804537
-1504187
2460591
-3861729
-3672051
-9859877
-2053138
8960187
-4674891
-7051519
1952427
-975480
7659172
6004420
-6471436
-5701504
-8268930
4766996
-7436494
-3063851
8469797
8178437
-5566611
-8972971
4883300
4391285
3791256
4029613
5950214
1883373
-4772274
-2222548
3131466
5197870
-5722987
-1715353
-6636050
2813211
4669878
-4616057
7686371
-5760584
-6995374
4249470
-3879774
-5583893
-2532587
-2826161
8441891
-7446610
7498442
-2231660
-1805761
8249060
6470959
-1452139
7664196
6042259
8075672
7791023
-7883052
-5810029
-7240598
-9829126
-1637170
1992076
1204518
9662
6574514
6885042
-9705629
-8847018
-6121663
7591875
-3912388
2147088
7709382
8088435
-8595027
2790491
1451755
5643009
7217604
8884119
-904228
-2023362
-9984087
-4045714
6125433
7112161
-4795291
-117694
-7371881
-3440757
7023258
-2234965
1369444
7940093
-1134113
7728785
-9160513
-5837691
1415729
359944
-6908768
6215604
5857879
-7622392
1673437
4603430
3157928
4142616
-1442889
2414935
8807489
-7095268
5951751
7122077
8188647
-9643704
7902097
1551856
5801062
-3931713
-1350360
-829322
3728364
-7101983
-6595096
243140
6827554
6515687
4588338
-9132855
2594929
-2203547
-4920849
-1979594
1303182
8035070
2977635
8940426
9182879
-4296388
4504638
2348833
-5395613
-7246708
-5439707
-5832326
-4684245
-6056973
-4070961
2389959
-7081090
4142077
5562674
2595185
9348984
2841872
6214040
3934729
-9607484
-3553515
3077918
-4276808
4399860
-9117450
1648284
6886752
9010343
-841682
8320656
8401027
3437223
243655
-1936733
-1851562
-6144990
8807105
-253991
-7645606
9127464
-5476246
7035029
3818365
8568672
-4220146
-960837
-7160432
-1701313
9510089
8166447
9647245
1928346
4694248
-8920865
7440305
-4830860
3864249
9180882
-4591481
-5250111
-4850875
5162573
-4416871
166789
-2817232
6562975
-9174462
5253138
7337063
-1698984
1147023
-2357564
850611
-4134795
319872
-4605547
-7327488
-1752884
5211093
1368835
7375892
7155793
9408111
-8730472
2470016
691042
-8861268
-9452891
-9845630
-2996481
-1716063
9655663
-1006474
5953666
9531595
-997332
3690367
214169
-8091028
9844327
-7184800
8361309
-4806663
4145973
2156593
3330626
-6755827
-6431111
-7909150
3516517
-5503797
9455997
-5601394
-452214
-9582181
-898859
-2291790
9637137
-8813328
3006921
1920548
-7578139
3302874
7965529
-1970127
1389557
-4533111
-6428174
-7777240
2523479
4235838
8982062
-7669898
2664563
-5673545
-1072163
-9559311
-8964628
-2920771
-6914722
2396874
6205942
-9042475
1917998
2438722
1107025
-189537
-5425832
5559124
8066183
-7970925
6002553
-1634532
-6232814
5687696
-7822989
-3813339
-3886785
6304984
2569838
-6538731
3917209
-6979453
5020914
-4890290
-1988354
9969641
5817165
-7765726
-5286324
5517607
-3231143
-4828076
-3903395
4951248
-1468568
-5915557
3746765
469224
4233131
-3867801
2978864
-3098320
-3639176
-6456079
6846484
-4757734
-7378967
-2335496
-3444736
-7681792
-1786732
6910570
9414198
-5164112
2395140
-3056888
1055044
-756986
8963690
5470946
-7513367
-4407516
8143657
-3744392
9921050
502865
1270629
102758
-6626658
-9050553
-7923033
8781819
-8225266
-99411
3646138
3540244
6569322
-4863666
1060385
-9152953
8138896
-5392126
-7859191
-6091712
-1525015
2281171
9082395
596138
6794050
5206539
-8382201
-9777186
-3974870
7314242
-7364432
-2554509
-1756692
7976291
-9226858
-1431808
-9398034
475213
3501145
5258234
4794881
2853767
-2852775
-8795246
6558571
-5355758
3709871
2841682
-589930
-9023950
8675099
2801564
4139344
-1314708
2504535
9230374
-2867802
3861708
5337936
-2592751
-8426045
4387519
149852
-9818599
-4101888
3287856
-9765790
8588824
1235786
2761920
8050296
997668
-8273257
-2749929
2800159
-2157074
-5271426
5710293
-2895558
7315457
1994298
1759274
2285012
-9687289
1489114
-9657804
5329157
987197
8671562
2167072
4113878
-2616050
-9235968
1328643
-4352161
-1269019
1327720
5330196
-2425933
1346835
8117172
-8336150
-1006843
-7681324
7413310
5960413
-7680643
5426094
4846726
-9203836
7686210
2679188
-1859915
7608581
7517798
2855178
-5937040
7467425
-9782877
2382322
8757366
2571454
7710774
7690410
-4856906
-8135985
-7736377
7771016
-5924709
-6084911
3162104
-9135754
2998084
-2593325
3741025
3162147
9423687
8377455
9622764
1821506
9373118
6193306
5062416
8733509
-4629843
1222941
2582775
4323607
8635704
-7579743
-5927113
-3210664
1223331
-2974141
8176646
-1116626
-5718897
-9159386
-2271924
8566188
2412569
-773005
5309071
9995509
-266363
-8148864
-1047066
-1050253
4188628
-8427438
5767107
6159298
-5705001
-4794665
-2387631
-1655995
8123858
-7533274
6162022
-313670
-4712457
7441383
-3322697
-5494969
7263684
-3235477
-6347513
5193422
-4664893
-4247994
1764973
4520311
6101849
-6447482
-8542171
8762442
9056702
-4766344
-3929239
382178
-6323129
2247386
-6869891
3538567
-6131833
-5395010
-1010422
825859
2597036
4335423
-1787914
1391636
-2273137
3398530
-6932482
2802458
-599474
4289107
-1603091
-8286886
-9988978
1934942
-3629614
-6128043
9244522
-4570409
5427388
3200327
-6798365
-9413080
2598091
-9159794
-359491
-6688087
2510112
-8064986
2145046
-9896954
7377050
2004603
-8229137
3266980
-6889677
7043956
-967858
-8846102
8927447
-6802625
7182194
4784248
-6522125
-3206385
-8468174
-3758373
-2789129
-1764492
-7575893
7306586
-8891000
-9997864
-9549666
3119459
7126920
-5666940
4744381
2016684
3629613
-2392015
2819026
-7835073
-661176
-1971375
-8471660
9847940
2086748
261392
-676073
4381725
-3962057
9624278
88595
-1951788
-2677098
-2014891
-4275125
-9775534
-8210441
6722947
485933
394116
-4214355
-6953231
8124320
-6439599
-3450755
8475536
9183003
-7755004
-1407665
-1415568
-2658483
5416630
141756
-6456433
-5952368
6179683
4413574
-6017535
-925544
-9222620
-7790155
-5172704
4618341
-2319857
-451177
8216955
-3153001
2682360
-5493217
-3942963
5510967
-7881587
4560464
-443089
-8159220
2274888
-2956279
-9247519
8429745
-6611064
-7704510
355924
6213158
-6116261
-328280
-6354842
945408
6662936
-9625950
7853816
9194325
3041226
1144911
7957813
-3820322
-3328259
6542048
-3082175
8234509
3884029
-6188860
-1481719
8876401
-5729999
-4368611
4914118
-1285625
-5723246
9543224
-4445899
6665549
1739667
-6583996
479511
-3317546
-3707733
6835893
-9032877
6309671
-6873567
-7617007
8533225
-1265455
-2654089
-6603262
4141550
-1771853
3629047
-1393736
-7334400
-355527
-1168037
-1577104
8053625
-3740697
-9120927
3208418
3716249
6592416
-193201
-6575078
-2112808
5956308
-5998933
8939137
-6518450
-1670824
-4949673
1460596
1374147
8174526
-346745
-9235626
2271168
-252697
-4753982
5517214
4810372
8452778
-7914371
5595022
-9288112
2254770
-7466246
5316259
5065869
8239604
-2555301
4812829
5259396
329228
6008147
-6994071
-8708683
6405445
1848694
-9935423
-5281358
3371985
2580588
-9232709
4314059
-421398
-5581482
5651463
6463041
-9631161
1468118
8358200
8731665
5018471
5860695
-9743200
2385484
8077819
-3375701
-3350514
5081013
8601562
-1048455
-1761288
-2133901
-5015670
8038698
4572562
4316358
-251125
3706008
7321345
5119410
-6508230
-5767348
7774683
-2457019
-1949624
-2436208
-4199237
-4245557
-7903905
-3503560
-3719983
-9587151
-2971467
-4463381
3341064
-9511968
-2520954
-2877659
2103055
2931253
-2475154
4644979
772646
-7854010
-6170746
-6838410
4064280
-9945587
-3065305
-6215483
4178954
-3040990
4739843
-8929593
6787809
5449455
-5936336
-7485290
9477459
-5697831
7348592
1599351
-8270960
8851058
3873147
-2831927
3907269
-984129
1040460
6825250
433525
5022430
1826294
4950422
3844135
6704382
6273083
7563282
-15086
649542
-1764108
9086342
-1143826
4114797
-9160101
5934862
4886787
5634897
-2307353
1596676
-7254833
-240604
-7370332
-5498589
4876308
-107315
-3700689
4060911
4939245
4178372
8903383
9200483
2384837
-1073430
5358183
6269297
5565321
-5611076
-4262145
-3584913
-3645042
2870167
-8703571
-8879098
6725278
4648114
9983877
-8214428
2894054
-26870
204038
9460580
2155519
-4730342
175707
6931347
-6431457
3621087
-5574390
8160632
6122297
-3680382
-10396
9453360
3179640
-4562503
8352010
8024531
-375319
-1048821
-9935340
6786902
-240582
278809
5151249
-2713792
-7218892
2374965
9546676
5084622
-5322639
1440785
-9904596
-1313387
-3850441
8779033
7770902
-1786228
-3614154
-2933682
-9981202
379031
1403980
1830036
6940777
-1446318
9606072
6577244
2955586
-2370840
6784197
674122
-1818489
9015618
-3418299
-7531942
-1150110
4263019
-435030
3369996
2796983
-3263310
-8155564
-5988691
9478740
-9178867
-3546527
1092670
4134232
-5257182
-6131088
-3698280
-7642965
5614194
-7463191
8971813
-9776686
6299043
45298
7147148
-1169516
-9837886
-5460105
275796
-5045054
1424835
7985502
-3307929
-9586363
-8901152
3892872
4460233
-909568
-7194807
3817965
5194331
7071446
-1190020
8284346
-3137123
-8038942
-2862165
-6850653
6799867
3800018
9332223
3960154
-3102154
-3818903
-6483158
7406369
7429672
5019136
-559608
1013222
-4159371
-2107322
-8137518
5181240
846246
-7655329
-5909411
-6121806
7656294
-1919733
-2222212
2015158
-1026491
-1269547
3783962
4910822
6292171
-3759918
9001240
-4921490
-6232364
-5248621
3273017
7622335
5643762
-5324138
7095543
2577913
-4945261
7565196
24515
-1895241
-3009848
6350903
5980039
9085107
35413
1554241
8429175
-3296539
-5468517
7112891
3778035
-8861076
5390548
4172082
8213046
-2237694
5892826
3115421
7676315
-9107399
-9075483
-7440769
9619942
-6631533
-2190295
7120470
-5472107
1588617
-6225534
-3117024
4388781
-7641842
2429971
-3845376
1321210
3112811
9060992
-5365851
-2013029
-3611688
3639543
-316868
4174244
401338
7825050
-6550711
-4091868
-8355652
-2346651
-3554886
5201889
-8187460
-7773187
6517842
8375726
5988390
-5020649
1783320
-8692195
-4389145
-352298
1661025
6275429
7534872
1042615
5793429
-5010379
-6798871
-3085480
9921690
-5167081
9441286
1276569
-1925741
8132416
5705980
-8186080
-5441361
-3184461
989085
-5078890
2762746
7969254
-689830
-4925555
-1459937
2597888
-7861546
-9080097
1662170
-141266
-5461592
2836956
-8223908
-91303
31168
-2571875
-9395220
-2605988
2928184
-4519708
-4812244
-5014510
8104281
-561001
4101022
-8902958
6438261
6832121
1112451
8182752
-7323200
5150836
-8037116
7425826
4386472
-774292
1766433
-1999145
-1159428
-5842456
-6278979
2466850
-2870776
-6053696
-2745370
2398691
4115042
-5868808
9795406
6663087
-4964049
-4271389
-7311180
4380298
-4984081
8213862
6199790
721733
8224712
-9726787
4650202
-4741675
-2839541
5658657
-1407969
-9086602
5302000
9187435
8794785
7903118
-8895670
7472944
-1438682
9897729
7495019
-7989789
-2131368
-1077550
-4930749
888058
-3075303
6484843
2883702
2151424
9928829
2223662
-3122313
7611
-1468407
5533883
1225460
4584473
255310
2418095
8624642
445711
-9647674
5730142
7362769
2838834
6805285
1045070
9495714
-2082282
-8223384
8636556
8265073
-1144421
-7880296
1332633
-6312652
-3705383
3959169
-5220071
-9429830
-3084184
-1466370
1108852
-6322723
6783587
-6779504
7835337
6143980
-5904862
5906303
6355782
2457516
-2333739
-1747313
9764975
2959382
-1555211
8636054
-5901269
-4087612
2165672
6017594
8895601
7481287
1992526
-9393175
4232802
4248165
-9990439
-3222616
3119424
-7791345
-3481654
5366054
-6426404
8195536
284816
-2476803
-4786335
3389681
-1114022
1443865
8537656
2363918
5718661
8867796
3216955
790086
-6927888
591518
3576868
908654
1415038
764975
-2702916
-5478812
-6012623
-7300764
4152607
-6470978
-9630882
-5878350
5055198
-385034
-2896807
3358196
-5188826
5127643
-8607456
2342571
3684618
-3076146
1628795
9766939
1647536
-1882572
-5461533
6656270
4812450
9062814
8949831
3047902
-2195468
-6025659
-1673831
-7223034
7683093
-8299138
1613022
5703550
7470082
-1371483
4940126
5132068
9330882
5881908
448628
-7995720
2628101
7346683
3646775
7854102
3541
6405975
1130455
6958814
1447247
6557855
-3967745
-6039616
-1141967
8868287
756646
6204296
4651585
-4030231
-8492038
-1289825
4856648
1762760
-5747389
-7434877
9922907
3872030
1002858
2650984
-6866021
7687624
-9024800
6934485
-9234910
6672986
-5541256
4647979
5653269
2165620
-1092273
9468844
-7153021
-5545451
9474103
1170859
-2435410
-9807137
-5276218
2766199
22460
6722170
-3669462
-9122212
-3100666
8121135
1448583
-1276990
-315469
-6265672
-3093540
-993795
-6934510
-1395759
-8304813
-2309005
-1409093
3790821
7555408
-9226902
9784102
-6824214
-6466086
7096832
2903891
4282061
-4726042
1227703
-9310060
-7109870
-6237990
4628944
7497906
-2300347
7568187
-4079954
-3605416
4693800
-2099334
2968156
4945445
9241730
264805
-4075507
-5660727
5009593
9094252
1699837
2727147
-6909029
9323463
-5578829
-9079516
2318020
5981626
-2794400
8346699
9522772
-6739537
-8393261
-2183980
-274178
5342472
-4070855
-2138516
2800764
-9662107
3349052
9764692
-5992760
5042075
-8085354
4252297
7729144
-9011781
1026547
-9279163
-9370794
1410001
-7184251
7037442
6639679
-6123272
6830225
8724428
3452191
303623
-1756233
-5908926
-5034915
7636342
2526556
-4143150
-9682885
7791314
6416675
-4163715
-2409776
6893347
-6592880
-2304503
9053116
1278991
8683895
1843401
-8154767
877769
9260677
8389691
4509092
9040271
-2026264
1126445
1970997
-2174971
-7366936
1652798
-6207956
849850
9454797
-2248810
2300415
968952
1311171
-5013926
-1766314
9313266
-5551476
-8355483
-560779
-7803017
1236996
-375707
2213765
-493940
3426935
-5385291
3828725
7060159
-5969034
-5098273
4330616
-244985
7306439
5006349
4456291
7184490
-9682255
7873559
5742481
8631676
-7598135
-5676291
-2925954
-1165364
-1704862
5140225
6607475
929301
1690554
-7777410
9582652
-7916512
3535013
582758
9867452
2384242
6841588
5297965
7437290
3878584
9076246
-8114543
1252070
2778592
-2943312
6980221
5266574
6309019
9479793
-7054969
-5874372
2027564
2382645
-4872462
1108747
9630544
3688249
-1207151
1218929
4294777
9538149
5694152
-8329625
-17963
6982751
-2493310
-2219633
-4851256
8004945
3266386
7254715
-9718405
-4056626
2479394
3087781
1593225
8137602
-9149849
7189496
-586703
5362337
-341622
1072248
-8901421
3906957
688470
5875389
-4866387
-9391810
-3863507
-8832680
-8820526
-774587
6094437
-3685371
-6626379
-9715102
2843818
6666079
1391988
-2365116
5015823
-2845231
-5010788
5226337
5350178
-4622423
-9411851
4365941
-8243755
-4322579
6788827
3054401
-4552599
-6995684
-5909938
-2981682
-9246734
-5267656
5202308
5407326
-7630256
9326963
1902919
-3773961
-2677109
-8590117
5042875
7558929
-6172439
-9749650
2766324
-1275053
-5248153
-6450518
5229723
-8522751
-8990192
-7760861
4795779
-1866897
7564978
3708905
3433152
2357326
-4951
599500
8779345
-1016711
3934570
-3506725
3967616
-7894646
9097583
4851601
7031191
-92332
-1384691
8040561
-1684190
-9123587
357920
-6533972
-7949782
-1458760
8355088
-341825
261063
8529864
598894
4648679
2806458
1001912
-736139
-809888
-8417515
6728357
-4656944
-6588846
-1244324
6523737
7866386
5099570
8500072
-6039801
-2636741
8079071
-8802997
-9070466
5823328
2844822
-9033601
9270049
6435589
5735575
5652004
1327862
-4705856
-4014808
8237620
5962156
3024647
-9251816
-3301797
1532854
6939318
-1078398
-6657238
-5341602
-5772595
-8422067
5870060
6329342
-2877970
-6638137
9511649
4259014
-5706687
4328622
-9456023
-3645470
1334311
-6619618
3251749
2172234
-6802945
-7694144
-6798715
5954495
4447769
-3949207
8012650
-7966870
8722183
-628867
1656096
2991801
-3792725
6693142
6848803
9006733
8134667
278221
-6541174
-7100159
9729408
9899864
-8540452
-2094832
6544817
-1774040
-2797935
9095084
-1047631
3543271
-4594320
-8091187
4356479
4489305
-7515718
-334639
-7091665
4028813
-2678275
4636913
-409236
-8371181
-9344215
2047880
3255144
6861847
-5404843
3076690
3944084
-6085905
-712207
-8142729
-8220059
-8614060
-6692809
7958931
-4755203
2083208
443413
7715748
-3323636
1638821
541264
4855572
-8624937
-5701463
8087221
-2456684
3261115
-4533046
173264
5771189
6418165
5735586
-2029413
-9980284
2735620
138682
5711257
5411726
5321764
-7861363
-9380992
2635171
-6260725
7982957
-9321889
7402715
4338759
-1990391
5682539
-935118
7614356
4648093
-2769178
-8774043
5792480
-8923305
4557507
4561556
555918
-6140717
1370424
6989669
-4991894
5512582
796039
-6916017
-2220729
7547868
-9760649
5094075
6695125
-7483721
6783494
-7338847
4809993
-8408979
-8719010
6401345
9295902
-8558879
1575617
-4580736
4578525
1113777
-8081282
-7534917
-7688802
4382367
6768031
6394326
5985539
-2677643
-7270636
-2796312
-9627237
2953224
-712595
5507931
-2153715
-2372492
-1557041
9417794
-6113005
-1688778
3083948
3858287
8342572
-5029272
-990365
-5340431
-7193916
3538298
9294756
-3342551
2534968
1320807
-6105966
-6821436
7016162
-1941655
5194703
6009149
752206
2279130
-1211636
3777161
-8232565
-4386066
-9125413
5309048
9286141
-1620762
-1544576
-7216211
5929513
-4708762
6815096
-1928649
2554463
-1607813
-6298045
3757975
924028
-6221111
5602905
-3603625
-371990
-576686
-6346013
-6601719
-3281313
-5008779
87996
8591326
-8251183
4297139
2563499
-8314458
-1528558
-4376777
-6539114
-8035952
-7323166
1928627
803819
-369368
7598359
1535936
-5420976
7414592
4433412
-9902801
5583365
4806441
-5778777
1772663
-8901067
-7146684
-9505780
-3979831
6330691
-3376064
7909233
-3208129
7511188
-7534979
3690201
-6155795
-600823
2380162
781449
2576949
6899962
3532565
195986
-1095077
1820003
-6035833
2798948
2261810
-604637
3819326
5335675
-4950673
-8024072
-7171159
-3554995
-7554758
6531073
-877271
-5045133
4503237
6593698
-3447547
1265784
6638043
6740523
8157447
4116403
-776132
-9622135
7279540
7132678
-1593703
4143854
6090498
-12819
2055412
2785929
1571533
-5195269
6154223
996164
8480542
2867923
-8202957
-1458958
-4779335
1374425
-6250148
4638780
5095607
7304516
81540
1574333
7453092
657990
-6592370
-6816483
2360684
5904900
3376923
268757
8771123
6735040
-7491216
-4477013
-4494485
8766650
-2894128
7390466
-5782291
9890865
185106
-3831188
-8904706
7612559
3187506
-1033237
-3953608
-8386532
7868195
2433551
-2143593
4092305
-4827874
-6215722
7441068
7314894
-4962228
-2986662
-2547933
6323501
9549908
-5186663
-6414095
-2571327
8683616
8167055
4253050
-3053026
-8444977
726001
-9523728
3104466
4641012
-4497841
7798101
2456000
-3880312
9252472
3683608
1002390
8971
4199526
-220692
-8879505
-545260
5280333
-1092730
-4597929
-2433843
-2163654
9711472
-611272
-3238841
8505954
-3528272
-1151643
-7201558
-4138563
-9052118
-7131926
-2250184
-9276773
-4206364
-9711880
5241103
826939
-7083972
9713753
-4895195
-981897
-7687085
7216867
-8239521
4976249
8953595
-9824946
9752295
-1710355
5159562
2299157
4997468
-6983655
6695412
1878741
7669252
461090
2069946
3579034
-4364835
-6545394
646263
-7515074
-4354874
-7561644
539062
-8449879
-9372727
644774
-1232166
-5706630
-2466305
119546
8557874
787461
-7409450
-5456586
-7776618
-7590699
-4940360
92405
-1065811
7228358
8218891
-4983613
7438895
2460087
5376775
-3115925
-7919895
-8867147
5019105
-4306277
4668318
6788981
-4661874
6922355
5249798
7538833
-251633
2999605
-2822755
3322820
3595963
-8283972
-6306939
-3330456
-7523080
-8070066
5365733
3871658
3240715
-780411
8932230
-8181254
-7170759
-2508503
1367538
-5691893
-6573015
1212731
-6884562
990224
7801020
351482
-4260766
-7873040
-6915219
-4680365
1222083
2332207
6986691
2658511
3675070
-4320142
-847210
-5481984
-7478130
-8817393
-8724092
6271343
8122605
-1100102
2144053
4625949
-7694136
-6481763
8684084
7355366
-7319007
-9126331
6037798
1476725
-572162
-5160041
3051038
-4925566
4529055
5916200
-5588451
-4160422
4864406
-9673038
-6120203
-3639137
-6506739
-9441696
9417624
6480186
9815852
4487041
-6690023
8128452
8745372
-536452
-7233384
472639
-8222205
6976105
-1048658
-9599233
-8884752
-8867274
7754922
-1849066
3730535
6798952
-328874
5562019
6035853
-5002445
-2815526
3265045
-8915172
4215045
5766196
-4882230
-9447836
5542073
-8657322
-9362390
-6221092
5712662
-8936401
3238894
-1859143
-2482766
7949693
-8503616
-9821015
-8714142
-8656815
-5978981
-8244674
9668712
5343085
7380817
-6942342
-4576207
-6454201
-987185
-4295475
8796689
4112721
-3748984
-7807713
-8833370
-2835970
7401160
7289925
8969243
5720806
-6827711
-9904783
-6511843
-91015
2007862
-5235258
5989157
4866521
-6398985
-7013834
-129343
-1845835
-3801084
4630185
9910394
3789522
-4435783
-7627989
1955989
-5326309
-4811632
1765422
6383961
-582102
-4557146
-3287194
4773652
3713667
-7144953
9964883
-7345931
-698331
6589628
8298325
-190451
-5047894
2065315
-9068242
-4604131
-1954923
9846708
4158631
969324
-8536625
8745038
-1767863
2824457
6645987
852473
5636827
835723
-4955122
1204653
1539379
7687801
1773989
7239504
-2403662
415317
2074240
7763818
3766994
-1935402
9601844
4367781
-1019793
-5186004
-64066
-5495118
3915967
6738925
2589574
-9538392
-3820599
6226201
-6739520
4413376
-1597169
2805693
-6481184
8611206
9287343
7446607
-6061977
3363723
-5409226
-9401426
1055316
1374451
9766786
8416695
-2060049
-4562928
-7414959
-3945816
4598860
616356
-7864997
4818261
5545827
-4495000
8161454
-2698381
224858
9793563
-4127742
2045030
1622854
-4781196
-4079317
1480136
-2923530
8581801
-42996
-3255487
1740035
-6254745
-1282472
565032
1621621
-2197815
4808071
4440633
2148370
-9549730
6948216
-522172
-9469965
-6820023
-6697714
6988285
-4307712
-6777277
-7436557
-8435343
4938788
-7368637
-7692996
-7514051
1994951
-2690860
3552844
-1569214
8531160
-9625366
-4904589
7410033
-8857580
-6818692
-9566944
9185055
549357
9204899
-8778262
-119346
3189761
-2518949
-6468613
-6950009
-933554
6742944
-7218938
-1555450
-3879068
2557053
-6449857
-1766486
-6241999
-233997
-3974997
-7525392
3477386
6750416
8795508
-8437837
-4309738
6203008
-5609109
4795734
-2717479
647396
-8280260
-3447676
-8575592
5470607
49056
-5075755
1243214
-3611461
-7099261
7414384
6227619
7348266
-9379129
7679337
-7211196
4820252
-3126027
-8907611
-4817899
1689957
-1408076
5088522
2625540
-8561245
-1657078
9906111
-7428094
4735576
-2071287
-5522771
8967146
5436010
9676949
-4474340
-6463677
8065391
3284227
-8288554
-8158987
-6413585
3547623
-8431195
6339555
-4860895
-1561228
-5216762
-6952628
3305733
-9381549
9218097
4528876
-2887878
4300545
-9437581
-3583945
-9673513
-8401849
7824296
6915979
6676661
8977975
-1936959
-4358636
-1995101
-8890215
3277211
-2116889
314922
-4774590
-666325
-929878
-6263860
525259
-487596
-4061030
-9132185
69023
-2285297
-2900876
-9810066
4681610
-8524213
-6960081
8577220
9384934
4086425
-1138842
4896232
3207556
-7744994
-3578698
3682196
8329404
1478541
-5410278
-7836409
2878379
-4377646
4830597
5794136
-2765958
3964907
2613533
-4921726
-4852172
9585680
-7997733
6327451
6810173
5242388
883536
3840170
3921537
-6074573
3787319
-7809418
-4556364
8836713
-2927187
-5208746
8463859
-2598402
-4759314
1864374
-486446
699299
880254
-5515479
-5209297
-1737861
-1188186
6702952
-257789
-9031741
3218141
-6099186
-1250803
-3326833
-6199343
-5219683
-5844505
-8960425
2838050
-2453426
-6349310
1902577
552926
3284405
-3579492
-9473660
-9603091
-6853652
-6967364
-3817497
2526049
9190270
-8196853
6962839
-6591849
-1706962
9761972
7288958
-1290446
9448982
-1217018
7098461
2961659
2539989
-9355973
-8594938
9790697
2707935
-6435851
4371040
3674293
7023039
-1849205
-7176581
-2843841
5022217
-65276
5931784
5500385
9062953
6874278
-6325143
8603278
-6556588
-6558190
7980597
5261673
-4658446
-3854283
-3964235
1727280
2537023
-5238226
531688
-6769737
-8544316
3210100
-1559967
4800732
-4603399
-5104273
6527967
4236897
5466830
2456909
5479657
5534869
-8562647
-9571172
2117281
2153318
6650172
-4470057
9545138
-3245862
293309
9911758
-6595547
-7134831
-3596304
3687366
-7752214
-8859721
6797279
4365402
9065155
8975936
552963
-6806585
-2933370
-5456874
1343714
7786499
-8271456
-7407152
-7920831
-2571470
3140917
-6332760
1722177
-9182891
1836160
-2478055
-6765418
5652092
3591189
-9861410
781154
-8480126
-834082
5959360
8312212
-2752291
214689
1112585
-8098825
-9293732
2188308
4565379
-9969903
-7666389
-4450656
43210
1732635
9404656
6471814
-6220239
7020136
-1350845
-6291095
4785382
-6486914
-4952577
3466258
2534714
-6211241
2108490
-6995221
5951700
-761285
-9545555
-2553437
47552
4694256
-1325248
-772748
6670558
-2826603
4358276
-229490
3496721
7853573
-1159335
-7463596
673290
-1696876
9868462
-9121918
-891704
-324713
4270603
7422826
1060846
6452655
1383519
3529225
6651110
9635765
-6347074
-6570178
-6060763
-4857555
7173058
9858604
3642404
651176
7394573
-8423179
-3598421
-2033508
-3228567
-9532748
6497657
4554036
5018051
-5266134
9338071
5871734
4412343
5647273
8910417
-4488162
-7087336
3964278
3699290
-8198783
1991308
-5171698
-7833479
-9519410
2946199
-9916898
6930518
3008218
1742035
-303057
7937819
896953
6339484
-6148458
-1083339
-9741418
3759521
1641357
9616746
-6528606
-7555086
-4835816
5770341
6390883
-43336
3843821
8912135
-735846
3753963
-5117243
2063940
4031685
-9226050
-1770611
5220755
6157726
-5891766
-450162
-6013665
-11760
-776895
-8173303
-7505139
5141054
-5677249
5080350
-2266352
5803062
8632271
2135635
-9009281
6556324
837336
-8562916
1255536
995140
9160425
-3422504
-2707783
-1794140
-2926674
-6626010
6460593
1827332
-4780753
-6782026
-3406278
6538678
1740497
-239270
-7375222
-1448811
8149249
-6436250
-3480496
1355564
4198678
-2268933
6812762
8232642
-373239
3750064
4978089
-4018378
1880069
-7686628
3937532
-8549777
-9021979
3322815
-5307399
3180522
3901753
97757
-4895462
-7321264
-4368432
3314937
1331895
-9399646
-6866616
-5562817
8911967
-870101
1789173
-9867252
-3552282
-5655821
8412198
-5780796
1032241
4261613
5630305
-778922
3823049
-7662303
-837980
-8185587
-2257530
-6415492
-83112
7177385
-5267451
-4027752
-9968577
2286552
-8458807
-4439785
-6006312
2682432
8248219
1326566
7038030
1487680
-4589300
-1398579
6086583
-5802631
-1667039
-8138487
-2684714
588277
-428744
-9755346
-6190940
8856190
5766339
8916725
-2089995
-2598761
168301
9848065
1513161
-7616504
-8190689
-4373690
8994238
5256794
3057603
-7839899
8009645
7032968
-8724030
5714813
2489344
2849065
-6454566
457729
-2829949
-9751281
-3981188
-6709454
-9369288
7496947
8375028
-170751
-203141
2195143
2681917
-7253170
-9197468
1932451
-2580240
7339950
4482267
9249175
-3937910
-3412517
9025498
-4762295
7812895
2312453
2072419
-6998869
492020
5970497
3910274
4251371
2809574
-6960895
6040266
9803771
398870
3688888
-5424520
-2635244
7146133
-8055851
1107657
-2286561
4132139
-7463183
4704935
5608109
-1157063
-5309829
5421318
-6502903
14758
-3064965
-9891219
5335736
-6358385
2944463
-7491471
4717195
-6511390
-630169
-1345692
2097008
1250291
4589834
756351
-7894026
-2696129
-3585371
-3288406
7894057
3716616
-1791150
2786604
-2784765
6564608
-5098481
4813068
-9913509
-340799
9982154
-4400272
1596299
-2676333
5597386
4432489
-8798137
-412815
6766599
-4205584
-4392704
1639442
5410319
6647022
-1409872
815758
7881460
9555593
-6247542
4251461
9680506
7268367
-913124
8869486
-243608
-5019132
4008689
-8765047
-9308164
-1041554
3612041
-6703393
6390152
-5949841
5124482
3296753
-9345560
-8876241
7872781
1055574
-4080991
9554526
-7292426
-9457216
-6587764
-4441301
2053849
7999953
-1817714
-3001202
-2106084
8836468
-9483939
-8518828
5029544
-6058927
-275242
-6117822
-8705229
6793481
-9547332
-76513
-3506578
2320060
-5861469
2141712
784649
9797473
-7023368
-1677257
9016555
4544003
8082043
-8365898
-2360665
-1603293
-4798728
-6873470
-1765072
8211624
8785919
9149690
3608883
9160777
4011354
2813814
2296998
3621926
432786
714805
2667432
-7978325
-9581586
7122916
-9122057
-1351370
-3387199
-2440797
-909596
-7533909
-531024
5938310
7901735
-8900137
7186346
8414109
9143904
8157900
-4032486
6693388
-5679185
6753701
4606098
-8745133
-1712910
5911868
3792744
-3790192
7304351
5973885
-8192878
-1049961
5712056
7808453
9375255
-1315053
6136553
8094343
8618371
-8378430
3626130
-2976034
7817950
9590484
-5475840
-6560952
139576
5040941
8663385
-9976812
-7328369
6051546
-9283153
-8719122
-6322627
8696683
-2404887
9185076
5594349
-4582820
-6972626
-2679773
2785014
4206343
-1170559
2746583
-296782
-5034737
-3515119
-3598985
-7912214
1231675
4554642
-7978325
1337986
-2928842
4022016
670984
9742484
-7594009
1136780
5705035
3367735
8715704
-3829298
7666891
2980769
6113156
9942150
-8496560
-795182
-7008835
4945857
-5329350
-2232043
2345708
-7876709
-2647057
-2373080
-3704370
-7717675
-9566566
-8250662
-4893292
-789563
-9618242
1527495
-3606381
-9964095
4829038
-3941639
5672011
7864531
7564095
759801
-9672858
-4326977
6151651
-8765918
8754070
2176840
331618
-6910217
-2494369
4079871
-9704276
9636974
1232601
-9221794
4412011
9289221
-1256796
-692634
9132933
4385105
-1334662
4679116
-5458195
-5101039
4414916
-8858454
-8324568
-4329428
-3534523
-3879500
4701665
-669137
883369
-379373
3326687
-7765278
5086279
5975341
-1198384
-2180655
9866732
756755
8694746
2039928
3704282
-7852148
936922
-475913
-3106474
3583102
-2126613
-7316747
3953709
9797396
6115503
2321398
2413595
-5400934
5774326
-5003164
-6345147
-4473915
-6904359
-3718113
-5517160
-8995827
2663815
-8661990
5711479
1333822
-8076122
-482182
591553
-1473138
2135890
-9712814
7922078
6943780
-9316245
6389351
98062
8722979
1743504
3481036
4585981
-1265385
9194684
-1055076
-4827114
3186999
4705385
9803217
-8430090
-1920940
4979799
-9133805
-6212201
4837826
-244425
8670157
2951205
-9426995
7827902
6093708
4563480
-3118968
-3316304
-3714045
-5674138
-2076557
-7798776
-2554759
-7893051
-7096105
4350410
8727581
6691257
-1755775
-5041839
2410231
-7680209
4408350
8619425
-3501343
-3166204
3546306
-7465258
-7111208
-2458029
6380566
5811125
-4996945
-9116417
4097633
-1699833
3717215
1052783
-5849632
-8834368
-3415365
-2646482
-6802163
2161690
4042967
5825169
-5035472
8859157
7490789
-3928008
-6614451
-7623966
-9880472
-4916301
-9063983
615760
4967690
6111750
-5748690
9465763
3168346
-736557
-903894
-9741263
9500911
7677453
-2813886
7166427
7778839
-1775287
-3796743
1978753
5293237
9394607
-3567236
9594947
-8269928
-7733927
-9295397
7525079
-4441948
-6656931
3898309
-7577889
-4922458
-8457073
6788255
787250
-2180993
4868496
-1828142
-5175395
8201592
3604129
-9279653
-5845526
-8636372
-2563041
-711418
-6974389
-5672388
256130
-3845613
232022
6606506
148338
-2210625
7409441
-4892779
-9462585
-2989973
-7388084
2305909
-8534757
1230445
3228786
641113
2932144
715697
-723107
8547975
-2922852
1000136
5633821
-2199270
-1204347
5760352
-35553
80985
4612551
3237692
-6391103
-710122
-2237754
7395950
2389415
-8525876
4812901
-4541412
829375
-8781150
-285436
8995130
-3131428
-9115972
-3791006
9501245
9214006
9108552
3524242
4976552
6735608
3088337
-8513089
7926844
1180356
-1328553
-4120790
3628825
-9673734
-7851430
7388203
5004419
4380655
-5239622
-5330988
161818
-1268990
1644926
-962841
6275732
3675586
1973772
-1927707
-8123668
-662301
-7086921
8072365
-8798703
38843
-9671967
-9882974
-3122292
-7753548
-9645571
-6822108
-6244779
-5562470
-8859785
-2604059
2266103
2137315
8380484
4677271
-7211453
-1036257
-8421345
-345672
1459073
-2472876
4368346
-3103641
-1168765
-2278891
2101144
-4259774
-6217560
-1988578
-7660076
4236941
7626756
6947437
1792558
9255750
2543347
-9694771
2212737
-986060
-6999740
-6861776
2643259
4699150
-3405696
6424537
3428121
-1236606
-224305
2185776
9051043
2080645
7256632
8307353
-1753378
3895704
-3577536
-6151681
3670523
-5192643
-3038188
-3650227
-9559832
-656156
3218607
-9281653
-6062103
-2139307
-3928164
5135905
3780945
-2858213
788967
7726070
2867675
325102
258016
-6822208
-6975558
3243091
-4668445
8904955
2447859
9265631
-2236210
5150385
-7839262
-2265965
3364167
-2090225
3809606
4100738
4072033
4636105
-4831648
917798
-1062544
6546074
7249660
6116193
4433614
6971260
-879294
6849929
-2160841
99132
6887606
827395
-564111
7673989
-4010917
3463759
-1818834
8167150
4431506
-5788298
-2842862
4081583
5717276
2098332
-3821648
7685832
5073858
687536
7266915
9930924
-7778602
8110457
5396432
3304423
-1537798
7627022
1681012
9895769
-9815427
2279731
7601500
-9518862
-3423146
3278310
-2946350
-6557494
-4871142
2186204
6875843
5919140
2871131
-2035535
5118622
9924468
5818569
-8715600
-892892
-3671563
1391730
-5958991
-3983611
-786212
8003313
1009895
-5291839
591924
-5031906
-2300752
-3166274
8772838
-3331617
7500986
176587
8852859
-3062719
4065422
6101613
-8332180
4744538
-1636301
-5076337
7667652
-5090126
1710803
-6458450
9645532
3450810
-5382685
-5790341
1243658
-5245394
-4494651
-3861546
-7169396
-8408422
-4871717
5001563
-1778876
-5368690
2145945
-5927485
-9856896
-2234092
1407502
-7659242
7719074
7215393
6590447
-1329761
-6370384
-2369248
4139789
9689770
-3305115
-5879686
-6442107
-3711241
2585153
9409619
-8330513
-1783327
2470054
2704340
-5633402
-5017586
6978423
-5063254
-4721712
2507926
7556148
-1541845
-9834319
-1001618
-7329376
-8105341
2121868
-6916314
-8762831
5022543
-2858853
6548006
4054788
-7050439
8630155
9584892
-7533703
4443649
7094490
-4023475
-6990673
-4963363
-3609922
-8129890
5935761
5320477
-3663234
-5442160
-9968054
-9129576
5275145
5463136
-3573495
-8740552
-7582817
-9304229
-4514424
-3295743
-7448619
-9082015
9679444
7364347
5838587
133813
5783064
671855
-9305975
-8454788
-7468084
-448914
2772657
8939689
-7846554
8191558
-3774021
8064549
-3969068
231373
-1315648
-479102
8946691
-7615542
-9077637
-9984489
-2496653
-5443605
281947
2453224
7084902
3201868
-9726460
6343449
-9961240
-2721169
-902031
5385284
-3390851
4046542
333839
-4775093
-5241604
4396509
-261647
9468990
-3954953
-7715679
9754817
-2475981
478360
-7110569
5819539
7221157
-6112245
-293183
-3280221
5323511
-1898006
4642275
-1187620
1364308
2913684
2213213
-7528285
9645738
-1492139
6382423
-7366185
2898331
-162500
-6691837
-5988200
5788779
-3586630
-6099967
2854531
3489664
-7119430
6642167
-8625493
7139064
8536329
6840927
2896986
-2477696
-274033
-7773857
-5073791
7306610
7667207
8109800
7719509
5528204
1214571
1393186
5877667
-3594851
-2897006
-2268106
3759428
2231421
-5266620
3822759
870473
-4257597
3381783
-1423504
-9499671
-4181254
-4730290
5182094
-4151918
9693670
7210803
-1389493
9468033
4392125
8159865
-4417689
1378156
3085591
6436350
-6243001
4722721
468215
1361347
-3643760
9748942
6160063
5410447
-1108451
5091448
4350586
-7460088
-3199099
1808483
-8275821
9364868
1550727
-6852224
-9820950
495555
-2815630
-8188581
-7604239
-9278372
-8335029
1375871
-722117
2402032
-3045448
7086134
7545891
6391702
-8205125
-2452099
-7242493
-2544691
5027897
7140424
-4165663
-3343742
-1272309
-9747024
-5094670
-8000527
3016179
1942211
-3921045
-2395784
-7733425
-6165393
5153984
7924493
9386631
-9880139
3229495
3001750
-221082
-2469920
-3671485
890830
5387944
165488
5024803
1836972
5588140
5685202
-6163753
5824769
-3753723
-4374391
-6468129
5271867
-9723403
2586655
4860310
2521009
1041745
-5366824
-6973032
2664564
-8890225
-975148
2721396
-7876708
-269609
5636051
650438
-1171133
-952
-7760457
9713617
-2038676
-7265216
-1468603
-1838388
-8297259
-6588073
4507715
6572496
-4610295
-9586250
-408745
9232810
1342759
7043951
8602956
-160436
6858176
7640824
-8393305
-2596485
-6675635
2647941
4174410
3403959
1215086
131346
8907976
-4592687
-1477089
-3942940
-9583535
9458584
8751797
1114925
-7898815
-8974537
-960655
8447189
-7938854
-7135870
6475841
-9309433
9672124
-8081511
-7781176
594990
-1732817
9272964
-4747839
6339234
-6886865
6458811
-7138802
4979784
-9498310
-2310264
-1136004
6960501
-7782595
-9134740
4285986
7485103
8539288
-3207204
7064864
-9353548
144823
811574
5164594
-8490092
2880664
7994855
5313115
-4262008
6950071
-2358112
-6738060
5106618
-1094353
3961753
1662193
4223263
4952159
5116176
6418355
1117181
-4931833
2872933
1836468
7868357
-8571624
-7445403
5822381
-4092240
-5748078
8260415
2409532
3485957
-1190700
6355461
5230464
-7270446
6319833
6956193
3010366
-357746
-6660167
3300767
7857195
7744360
3035250
-2238141
-9707374
851324
-1227579
123957
4361890
-5895596
-1075338
2739513
-2132442
4037036
-1047870
2742684
9719029
840755
6748173
-2673445
-9337950
6759005
-6390822
-4312088
9218621
-2497150
-2478848
3827911
5969262
9892491
-6689584
-547359
5521388
6036590
5843708
-4301665
2741750
-7880577
-8233571
-1312419
-6067565
7040098
3525640
8267196
-4318233
-2795048
5440622
-6659975
462231
3999114
326742
-2173080
-5006438
695359
-3942052
-3341444
5978873
-1724445
-8280469
6999900
-1092461
-1879778
-29075
2960101
-8088101
-1717853
-5750422
1175779
-4863654
5677040
-6072177
-4924839
-457854
-6446756
-9729
-5950564
1508557
770647
-8078281
-3168530
-6033709
-1666238
-2480113
-842884
-1045871
8395420
-8091165
-1302788
8262005
4080230
-2368030
2194620
8155321
3460200
1716044
8373783
8475293
-9997948
-3892917
6605585
8129748
-9196209
5818922
7380624
2436127
9877849
-6284491
6599672
867872
4613420
3522202
3257624
-3336597
9096455
9903721
-8742658
-1949837
9560724
5385049
245384
4301707
8024854
7456730
-8679813
651048
7904047
6157048
2442751
8699904
1659675
4312354
-4348928
1115243
3156675
-498198
-9216444
5089357
9947253
-4989766
1155553
4536913
5269506
-2973603
7155274
-6210534
3962041
9712788
-7234293
4634800
1535644
-8037596
-8027299
-6301518
-84753
-1929059
9848064
-7042184
9615090
4587379
-2400758
-9294237
7781978
3289496
-8823184
8279934
-7679090
5326664
3258603
-8816896
7058996
6141381
-1032536
2827452
5720959
6197311
-7740359
2084155
6355946
-5217713
1921361
-5126319
-6720585
1068471
5408851
9006665
9875675
7216610
-188283
-1632117
-605030
435663
-9342572
5566418
8519905
-2153257
7046758
4685994
4880555
7053802
-7381437
-6642437
-3153928
-2220976
-6033307
9670780
5491331
-4015826
-3828935
-217302
1893475
-7851728
4211504
-9157237
9461130
-1881808
724017
-4091771
5820708
6712839
-1699471
2247399
-1657972
-2208710
3007891
-6384081
5629721
-3388916
8669158
6663892
9182339
6148263
-6597097
672262
8568153
4817875
6601218
9352619
23206
4348384
8424789
-87507
-1276232
-1757376
468505
-3997169
3596180
-7495303
6914250
-1527245
8745766
-3744973
-4129415
-8045552
2877180
1020382
-1809374
-7773331
-7693393
-6753582
-5433099
8782159
6476171
251906
6853292
1049119
9369382
3012303
-5045014
-3987675
-1740893
-2026289
-8100634
-8878376
6155752
5087600
-1846603
-8470773
6401977
-8550621
4804905
9054042
-8150517
8074130
5836507
-7286709
-4509356
2568080
-222048
9079795
-700338
8544965
-2650185
5597279
4610146
-7518970
-6465255
3196462
-6443787
4994582
3781580
-5896742
9255511
9817362
-5373134
-30372
-1713334
-6184909
5246473
-1016679
-717475
4814603
6766926
8586097
-5071481
5842090
-629040
1613996
-2193046
7363892
1524273
717329
8169871
-268887
-6264424
8566721
-1046594
7668332
7024664
3230392
529585
-6388270
-827366
3225715
-3779930
9079936
-9044371
764664
-6462887
6799997
9545265
-4834576
-1802896
-830514
7166955
-7967343
7912672
8483489
-8330486
4531319
8040558
5321462
4466653
871912
-9309399
7175722
-1079499
5346324
4850351
-6908762
7041495
2329324
4323955
4618452
1023737
5821660
5417068
282815
9998509
3050797
5528103
-6054458
-3460756
5489255
668986
7925825
-578369
4785128
94347
7899938
9481461
9824300
-5793395
1451976
1085571
2040544
2492135
9979798
-2848050
-7963183
-8999035
7952762
-2716511
-7546176
-3201320
823508
-5340295
7115210
8691818
-5434540
-1127405
-7368897
-356722
5869812
-5399486
1996388
7483831
-2567295
6015128
-4905851
-9166457
-9727693
1361450
-7927553
-4811688
293848
5525106
809156
-1060440
3957951
1167191
1976346
-2732892
-3494944
-9581068
-6684852
-2364639
6865446
-840108
1991253
200542
-9124004
-84717
-387235
-6923282
-5270864
-9501303
-8988754
5519593
6913759
-5867098
-3526389
-7013691
-8085413
-4819881
-7644009
7460993
-7173540
-1678633
6379612
-1466616
-3742445
9749367
-4423064
1529426
-8917674
-1256638
1557839
9254797
1211415
-5596651
3429958
7331673
7037615
-4668354
8639024
7275685
5083724
79768
4490346
6667599
-4873526
-444153
-2893684
299081
5539106
2913006
-9624262
-1803782
-7774409
1950455
-9714274
1489542
-4076254
-4811576
-4523244
-5728987
-5162296
177418
7093247
-4548232
-3794896
7569725
-468
-6689382
6507574
1240823
-2149040
8940995
2512665
-3986757
-4541682
9094532
2765313
-6711994
4052315
1804413
-4080069
-4924377
9243133
-992783
-3618664
-9827475
-1360744
7322119
-1903947
2484110
743943
6176642
-231703
4905299
2890168
-7830658
-254333
1666978
5054700
5781703
-4642642
8765989
3712784
-4415004
-8098690
180956
-7653884
-3331078
-6234589
6528517
4374777
7667740
3246322
6169029
-5845181
2312892
-4443362
-9684481
-5144542
-1264096
-7223005
5472358
1585052
4541081
-38070
7822546
-1920391
-6775927
-1875856
708846
-6811342
593889
38068
6648296
5133788
2731222
-9223124
-9070180
-8333085
7823851
3517021
9379630
-9945394
-6746545
-4652696
-8020932
-5700907
-8129263
-6705605
6779521
1435701
-4200510
4079093
-4687535
2695425
-7016760
-8641915
6351858
7547983
9424335
9187488
-5728419
-7676610
-2808152
7852368
-6825012
-5342768
-4575331
5571911
2327383
-9416458
-6581334
9337762
6635601
-1838915
-8728884
7517021
5732316
9204252
-8802804
8835994
-1853085
6014303
51936
-7340469
255812
-9378618
-9410380
-7296236
6975340
-7522551
-8369555
-617069
-3370588
-2563277
-3877865
-1737841
3884009
4722272
1912862
8425453
-1881061
-7770045
-9523878
2538316
-9423737
2137052
-6866780
3428142
-7198416
713071
-917233
2274935
-8427468
375629
-1965440
-4256271
-1192021
6100806
4017969
-2136319
8681856
-4158643
5969425
1380608
2113961
3352983
-1263863
-1928125
-7007446
-4887486
-2449820
-1179826
2258481
9419287
-9390746
-608194
-2450344
4497257
9630172
-4814765
-7722075
-9115172
9110377
-8341186
-7960423
1535514
4330128
853951
5284818
-5271900
-1346821
3798956
3230341
2746704
-1337877
8644261
-3029205
-5844878
6733143
1920947
-9669383
-3561371
3707802
7682960
-2521277
680380
9321939
6543098
1767151
-9518906
-9255146
6840075
-2532166
-4111021
-3473710
-2955362
-6607768
5745222
8434247
-2635609
-5295960
-6863081
-4391535
-2429985
-4767018
-3455274
6968254
-3184986
-4327667
-1740859
9372939
-766733
8086360
1174747
7972877
-9077856
-5060628
9788550
-7161175
7623793
8585301
6366269
1905193
-6791330
7950578
5801551
4818261
5428085
-7617947
-317534
4960792
-1953226
-417333
-4505315
-4789239
8465385
-9748940
2378063
-1648811
-8986663
6187284
-650180
-1179859
-8299269
-8791544
906837
-1098245
-2753649
3615992
-4790016
-3230106
4949853
8190559
-53318
-8100990
3248968
2323112
8758575
7409239
2360275
-5598172
-2704215
-1963303
-901764
-3652592
4017389
2776639
-5931051
5416586
1221304
-2681878
1222233
6179197
8881933
8050312
8645081
1867513
9112644
6168
-8033115
-494707
-8635685
-1376850
-2755318
4198288
830112
5785301
-1835005
-9415398
-2746001
8629603
-7749262
-3650753
-6539673
2335583
-207653
-8909061
2028013
-4398086
-3707733
-9304203
-8996960
-9428447
4229778
-9445720
-2221686
9323840
-6334064
-1383971
-8444145
3220249
-4234411
-1506906
-6431484
-8173086
2948207
4574679
9389124
9439732
-3029667
6773862
-2061616
101213
8608820
1189657
-4976390
4185371
7386166
-120747
9398136
-2688665
3109731
-230327
9850388
6075014
3086528
3199600
81599
-3925716
-4149084
5571689
6021578
150226
-3720002
138272
6562406
5152198
-5113535
8853060
-4205814
2267504
-5519827
-9760223
-858051
-8658375
6194013
-6297851
-8391064
4829997
-5839486
8013655
1636031
-4608236
-8306831
-5025122
8857243
1015793
-8135625
6172718
30169
-2643059
-7408358
5946343
-8980588
-7568844
436885
-1030187
-2025113
-7928895
-2170144
-6824296
1002038
7136400
-4668655
-6213664
-3533568
4728987
3702919
-7967281
-185115
4573554
-3627352
9843224
8769362
-8017824
8250113
3043828
420016
-6453130
5430860
-481518
3311977
2433579
3678335
1255239
6367657
9402940
8266945
6912802
-2719960
-4973890
8626224
-9763415
-1037549
-377589
-9163710
-5725183
7994356
2132475
-851496
-7263273
-9278344
7877542
-5417402
8490085
-5507560
8504659
9845407
-5293649
1183811
6857246
-9405926
1280931
-5787294
8652843
3150705
-5108621
2299696
-4354621
918852
539068
3176469
1589782
6030411
3696326
-8834370
602370
6754960
-5625268
7937604
4972911
5853766
-3145046
4932192
246243
2338775
-2801356
-8178309
-8619088
-2546213
-5369533
6735607
1580114
6288241
-7496975
695292
1573159
7332637
-1466861
1181182
-1523911
6659899
9564573
-7469307
9413262
4393490
9237337
1735836
-291287
-6267930
-8645012
7972128
-4345722
2870909
3106222
404400
-5510581
-6901233
4130421
-1963513
-7809861
932915
1783617
-6157128
-2126668
-5040565
2104444
9643335
-5885854
-2706587
2329331
1761949
-7812241
9244071
8945777
-9666115
1248737
4637807
4582485
4234831
5555919
5902056
-6976620
-6301841
1588565
-6338246
8110761
4409581
-4297032
7284231
-6282852
-9261968
183872
-5971948
4167192
2989850
1271073
-5795864
-7977579
9601107
2878869
4864012
-2028347
310619
9561475
9663658
-8065349
-111625
-8774435
-4700361
6086773
-2473853
3856374
-9407020
4824326
3743732
7966827
2727191
5969282
-3633050
2928543
-7829129
-8789100
2933186
8813950
7967412
-9169103
3905442
6691420
2093362
-4605019
-5250953
-4768153
6332743
-6609033
-3309288
-8754652
6479362
-4509662
8168735
7557077
-2488867
-500909
-2339537
3858356
1729179
1750406
4918090
3233099
5372449
1564842
-2751462
-1325724
4292838
-6675195
4532210
-663499
7393689
2276000
1946369
4473630
-5522930
7175720
9653490
-4812088
-2508890
5231464
-5810204
-4200288
-8628712
-3052805
6040133
5561091
50337
-5578063
-1269223
4817752
9319625
5137699
5550581
6145781
-8349353
-9501193
-3187054
1739898
-376632
-8439648
263102
-1388246
6973630
-4234927
-737318
-5261531
-3379491
3619772
-4326945
-4201765
-8825858
-1185366
6314668
-6658606
8626437
-9862763
-7348389
-7153221
8170674
3506085
1467657
-1968276
6094657
-9512943
430598
-5117833
-8426588
-8220166
-4288117
-9402553
6429483
-1589952
7827640
1119128
-6080437
-5117276
-7580414
6401733
7185188
-9893962
9902216
-5519026
4748724
40689
-217591
7428858
3573530
6328803
-3489475
-1741169
-129239
-3073838
4810203
2836854
-5932913
4919567
-7815239
-5446734
8644966
9897451
-2831019
6196330
9100856
7208145
-33604
-6587882
-2376858
375762
-5402447
-2143137
6332960
-363002
-4716807
8392041
9637339
9118359
-895903
-7213507
3001714
6496962
3333245
2839123
-1699010
9984486
-4477100
2045339
-7389485
-4143227
4134988
-4901846
7246584
461798
5526268
569191
266755
9855820
648575
-2185454
8293424
-5333765
-4731684
-2684404
-3452722
-9454367
2337972
-1448797
1702829
-2216272
2259859
3378180
5732692
-1917560
-5263984
-5824409
-5204809
187200
-9540735
-9203523
-2900437
1304543
5874394
4665123
-3728631
-5748765
-5420267
8910805
-2409521
-719493
-5211343
4438736
4821553
-408911
-473660
7109828
8805993
5418820
-1343839
-9017113
-3863400
-1591194
-3877671
6741169
-9692947
226484
8278895
9045224
-2921487
-6644315
5332770
-4467068
-2087923
-2562239
6189095
8728785
3257519
6065501
-3380536
4935920
1068416
6850998
2912410
-9397808
-1351472
5091355
-4065594
-9502836
1104240
23004
-8806705
5284653
-9286945
-529115
6454458
8967585
972500
-6665828
9330035
5532417
-3960719
2288298
9582016
-744979
5305105
4557213
-1417362
6993561
-4439596
65790
-1768058
-2887330
-7476508
4394589
2810302
-554160
7144043
7511734
9212428
-1950512
8376737
1778119
-8560488
621433
411022
2258528
2406842
-9389312
1685096
-8386723
-2125340
7728376
1505651
-1456357
5698813
-6375854
-5330620
-2472298
-4693476
-8481020
-6594073
-1817402
6272668
7413443
1822866
-5510414
-5608001
7119688
-7599170
5345205
-9212170
-1590434
7630152
1421041
6723703
6428531
-8715302
-6574155
-4565036
8640628
7389290
9398811
6060087
-261680
-4413761
-5868966
-4008055
-4240024
8837011
-985622
-5669971
6812366
856353
-8148980
8734898
-3736480
4385648
-56150
3382593
5752799
5233563
-2381535
-7324134
-5279086
9846041
357821
1189288
461678
-4362519
1336830
6617925
-7952160
-8350329
-7476214
-8950041
-6564981
5694827
-5111769
-4979927
7348361
-8862896
-6175710
-4438259
4698969
-3738540
-9343048
714295
-3906891
3996796
-1400278
9903075
3926435
6263457
7205863
-7795970
-8994332
1530524
-1573247
7933699
6502467
-1560359
8071748
2698235
8465818
-1736527
6954462
-5982737
1453261
5800461
-8736835
8162983
-7321270
-2713948
-6290841
9385759
-9275631
-7409000
-2837754
7941
7649681
6962939
-3269345
4050127
8610919
-9962861
8952020
635710
8934108
-8111234
8452438
4610693
-8343747
6114196
-3707017
-7226168
5724547
-5698849
-7584587
-9498488
-8302293
-7684304
4107635
9173372
-3025689
-7799846
-8137195
6333740
-5922049
-5996996
-7556191
-3416254
-2269919
-8766594
1821420
4881542
3554472
-3825007
1035142
-9822926
7975904
3747482
-1779789
-5551110
-2045784
6852171
-545982
-6534729
-6152037
-4367954
-3735244
4258645
-1029236
1954354
-8613055
-8259227
6782878
-3573473
-3795516
2631171
-5314107
7984575
8808438
-6962070
-1896459
9283640
-341846
7750252
4637263
3535820
-1895685
-9266046
7180489
-4459153
9142330
-9761910
-6080291
-9312126
4375787
-1584494
7012729
-4536576
-8864151
-7941381
7990550
-156703
3195368
8192803
-5284845
-6136641
1526354
5942281
-2147348
573044
-5469140
1663732
9848333
-7794701
4614999
-1573051
-3447837
4048443
-463720
7211465
3991811
-7080532
9275428
-2366809
-5345509
3670707
-6651988
9856539
-1618134
-6184849
7581106
9846456
-6496869
-1325395
9965843
4856029
-6835129
1319396
-6029503
-4641123
-6049171
-1010720
7400756
2148832
-6875675
-7550571
5828721
6540434
-9116084
-8360783
-6579358
1263029
2419318
-175198
949402
5482836
7834207
9476362
7918828
-3518105
-9610655
9139755
-4072327
-1400241
-5200994
-8810964
5534092
-5777342
-7289225
7754861
7532422
-4754886
-7771715
7261605
-4854090
6156839
7739985
-3833356
3507562
729023
-5545662
4853226
-7882672
-3625764
-6342950
4794570
-7171943
-5654037
-730041
-5994912
1731561
-1139041
8039723
6311671
6915171
5294699
5581025
-8098452
7124402
1312635
-7128836
2969676
-4246904
-1199482
-526542
6460738
-3278568
-902026
1535613
8856481
-6695396
2246018
7207680
4346744
-7863994
4721321
5012931
-4509483
7822013
4546165
-1423305
-8007758
-6607355
6675961
-572727
-121689
-3741447
-1825515
8668721
-511272
-2632980
5290652
-6991391
-4429692
6166179
-9684120
3843862
2990377
5925843
-6931795
5778188
2397425
4623117
2425867
2024324
-4755192
8180186
4818882
1792962
8810705
-2792075
-9850095
1886349
-883628
512111
1183741
4730264
4506916
-5586045
7709722
7717592
-8187528
-9908418
-2042735
-4227680
-8248085
-8758607
8280063
977101
2921489
-9103295
-765657
9864488
2143931
5033872
-7461447
-2167782
4269654
4663852
135324
4310829
3132796
-2321364
-7706276
-2752488
-8020577
2298446
-7366647
2291774
-5039602
-4854256
6486536
2335421
8785283
-5165534
-5641375
264783
-2660591
2582250
9827033
6368535
-2016849
-547174
-9154053
5933702
8992389
-5983051
2948766
-6781134
-1544890
7497312
5966094
2896807
7247814
1965484
-5559862
6793419
-6526881
4656266
-1003346
3972409
-1443130
-8254855
-4216320
-6830039
-6424601
4671488
-1266525
5903736
-7527336
3664491
7860340
8127041
-6463220
-8566110
6382431
2075093
8985536
8532326
2434659
-9767964
-8035794
-7360990
6971017
5234742
835463
-7518632
-6924694
2461834
-9779983
-6636680
-9281934
-1529517
-3378740
3192134
-577596
8892777
-8714023
2466085
-8796275
-9355033
2726681
-8190201
-4284509
5458138
-5983960
9183576
-5676225
-4432930
-959007
-9370011
-2976474
5312897
4557066
-2595238
8757608
-8038009
3515185
-2653181
-5698619
913838
-519027
3603858
-6395912
-7030215
3319639
-3153428
8118424
1492662
2803527
-3176886
-538010
-6160666
504849
-3170328
-4378922
-235769
-3596331
-8402443
2192259
7315985
9287621
2660500
-8731304
149491
3057310
-9867244
3054057
8261717
-2444857
3681921
-1256971
9500134
7650949
5981444
5747701
8666539
1613297
8382613
-956065
2428650
8287955
1359149
9964286
-1977933
9812399
-8039384
9152772
1951861
-9570033
5523617
4100194
1191747
-1461205
-3534624
-9348358
-7137499
-8580717
-1751769
-936787
-2083945
429347
-1287563
-6122627
2308705
7045071
9513254
1586748
7853354
3818762
-967731
-7674514
5465241
2308659
-5409555
2279775
7172718
5902785
-1228198
-9403695
3483525
-4184615
1502435
-7114420
-7048715
5887098
3960602
-7610403
6941713
-3443230
-4302869
-4692680
-7258478
7951939
3808947
6082942
217284
-8615241
6119953
-9756098
-6892372
-5464880
-9588038
7936350
-3621343
-6371658
-6591095
2524547
-1524830
983074
-839754
4396986
-7788887
-8653999
6317367
522008
-839186
9242529
6731463
8560202
-7425973
8708869
5736847
-5104583
-1703166
-9119137
570855
6277045
4361131
-6032623
-6915703
-8408165
-1837738
-5589349
-2082983
8165711
-3341334
1332328
3182934
-89180
-5326613
-2630706
-1571289
4721480
4845162
9180511
2672324
7684619
9363605
5879581
5788308
4530643
11112
-3879997
763410
-7111708
2395797
2238330
-3086515
-4199622
4887646
9863200
1371777
-8343914
5270667
-8772640
-1795534
-9075671
-3436612
-5782561
-3691172
6054983
-1876178
-1964784
5326732
-9611817
725437
4626449
-5470158
3676621
7972838
-7366580
-3153099
8602560
6062529
-610789
-7187692
-8360235
-8760056
-8605397
2780785
-4917213
-7387469
3612182
6476868
-9917540
3291287
4954888
6743620
3051399
-5392698
-8992357
6466165
8101551
4178052
-963189
-851290
-7124544
8469664
3956962
8297375
-1892992
-7630708
5245243
965217
5950434
-6217951
-7124230
-9734695
-3621657
-441689
8418146
3203055
4278173
24016
-5822789
8942493
-4493843
-3128691
3556436
-2781934
4853659
-8833267
8159971
-7492394
5251599
-4159744
7411837
4562165
-3662730
-1930516
8939334
-4255939
-7284592
-8023016
5858210
283079
-3487174
9850086
-4134725
9152445
-5961047
-8986097
-4132665
3511989
9504472
2269111
9475235
3729122
2602039
-799460
2149842
4930715
9273894
-5810512
-5448778
156781
-1091932
7321734
-3927282
-183993
-7256032
7356201
-7967182
3382225
4363188
-2553929
4795701
1509928
-5325884
6400279
8671560
-94251
-8730690
-598918
-7069293
2710869
-7040457
9812614
-9990699
6414164
1730781
5230024
-7623554
3204725
9629627
-1135693
-7075163
7996607
9149808
6027941
1744245
-8754698
1276996
-4104166
-4048889
8780455
-9125553
7248295
8062430
-6566149
-8035732
2108268
4444870
-7391519
7791623
6495065
9109042
3089019
2174123
-9272560
9383357
4732020
-1820677
3322499
-2200346
-6322887
-4043941
-4144416
-3791990
5731666
1151291
-4230618
-6157640
-9417188
1506031
6026159
3841377
6326703
6668342
-8304633
-4308524
7866631
1748656
1802717
9151206
-8666208
8526152
1497407
-4840571
2560246
-3066461
6551696
-4452540
1291992
9518927
-9690943
-5656934
1765641
-1168970
-8780778
7519711
388589
-5668273
2478570
7641422
8241630
-4725677
2743542
3934885
-953112
-2759605
-7239281
-3040210
-8903769
-2030263
3699422
-6364902
-6579717
5492544
2695431
9864
-4409144
-8661251
-5118499
-1112418
-2431388
9482678
2364233
-7411216
-2489691
8192945
-4356797
964788
-7263235
-7239962
2649200
920302
-6676897
286030
-1609385
6203693
4749787
-3449263
-3585537
-8792066
-9849934
-7799651
-9897577
-3870082
3356341
-4083919
5985500
9449690
-6465168
9584185
-8993921
9228379
1463796
-5752058
-8452309
5005877
5470086
5970012
-7518520
2739445
8066032
-7353571
-461352
5527590
-2735688
7598948
-8095122
-7493281
7629825
3596655
-1839112
-4051950
-9982749
-1325852
-7761867
-1453291
-1236794
-8821506
-6324233
1092170
-18068
9258808
2847733
7397096
9750146
2259498
-3096713
-8300382
8633100
-9548492
-7869211
-3842103
-8094854
6378022
8572678
8391353
-5054016
-6766982
-5913136
9269878
-2025568
-424982
7520430
2779746
3087790
7132750
-5755815
-6215659
-437780
-7123891
3463936
6412508
-3764540
-1182208
8095372
7510676
214018
-8550234
-8165020
-7447372
7276474
-6028330
-4789910
4138689
3063663
-508835
-7161662
3129816
-8251074
-1892108
8423984
-4834208
7341125
-5818638
-5715302
3492834
-7254722
-355960
-4951814
-5627136
6612245
785356
-8022414
-5776554
2811008
741671
-5658914
-7403415
-2868848
8670840
-1826034
-7369961
2597380
284334
-3235084
6002433
-5007092
2132752
-9226781
-711252
1800046
9936200
6486961
432326
805585
-5884861
-1731112
-7921694
-8058388
3133203
218805
589128
-1373934
8936590
7398705
7061245
-6857160
1337096
-1505085
5665414
-9086380
7546231
-2450688
-2762354
1017276
648798
-8762804
4456210
8254458
8458478
1286950
-8089874
7970804
-5666903
1023647
-3250987
2571784
2133921
7496068
5749079
5220185
-1812582
-8966017
9181778
9107688
-7334220
350372
-8413542
-7498162
4276208
851872
8950325
-2690726
-7942628
5136349
3905466
9251784
6432620
7646898
-4754741
-9333518
7419484
7271107
-2881009
-3350907
1146954
-481328
-4691528
-6448641
-355827
8740570
9204829
-3463451
240053
2241881
410351
-6085874
-139796
-2351421
-2068472
2711264
-8068706
9153886
-8636628
7299583
1911282
1254490
-6251852
-9602850
-8536874
-1209692
-4255264
-4316363
-2417182
9862767
-4365972
7428267
2331949
-8881426
-6916600
3474238
255994
458370
-2558509
9561154
-4688614
-2568717
1936396
-5948853
-1494909
-7266803
2911031
7789328
-6195702
-3748462
-7842608
9711720
-9982987
5698279
4806989
-2572627
-1569236
5614189
-361969
4951050
-5779501
5751592
-6112640
3166212
-48789
-9466706
2738983
-539490
-1575037
1031968
-8527452
4501616
5438478
-4984996
-2341434
-4596216
6967796
9622977
3699084
1910612
5351831
386016
-8297550
-8986861
6191271
-8659930
-5894301
-421919
5328279
-7359580
-8057608
-9935357
-5350728
6507482
-2588827
-2661800
-3917509
5126734
8190457
8906228
-5111274
-540679
922229
-6530110
-8171450
-1094494
5168499
-6055260
1887602
8803846
-7003355
1519736
9636362
9841267
-3977048
-4223232
6272872
6480896
-9197756
1873918
5852575
-1120413
8070049
3326083
6764793
-5553230
1685369
-6260412
-7006529
-9528899
1580722
-6820947
5619868
1988869
-8432812
8759492
2240170
107317
-2911781
-9682563
-9307026
2433877
4945215
7549195
9273892
1896595
5338233
4343447
-3402361
9623056
-7233317
-5820561
-9662341
-7887906
6761196
-2467997
3118646
-8772945
-6538728
-2476785
-1076323
140890
7761172
4151807
4857175
4411021
-536449
1255810
820496
-1834679
-4488199
9539036
8102240
-4945389
2337490
5734833
7861368
804325
-3158717
-3313195
146903
-5843432
3456500
4989762
5061409
5601582
-6779175
95015
-2160851
9098673
1461215
7881798
-9860786
6816859
1106363
-4894140
4546298
9379895
-8382481
5145887
-5909421
-4016803
6681600
-9505709
1048773
-7033943
-4443892
-9234757
7143536
6818996
2340799
8915070
-7131238
9877836
-5594900
-9450115
-4235237
4966338
-6315490
-7915524
7954237
239781
6154447
-4072826
-5432722
-3017001
-3548812
-9432482
-6218768
1996984
6272584
-6775722
-2217482
8633545
211142
-8615009
-1109733
6901536
9577720
-3017035
-396066
-2052559
-2039549
2005893
-8178220
-6653347
6191499
1299198
-6886772
37237
8653456
-996631
4012614
92119
1364541
1936494
1040108
5842319
5605419
5826230
-4463202
6999479
-5037335
1522938
-8093066
-9819452
9339914
-1222547
5684125
698692
-5662504
4907730
-9674799
-4544859
5134931
-3860437
6695209
-6231238
3196788
9242826
1161769
-8469817
-7440063
7213884
7248578
5543416
7160039
-7760806
815122
3428643
4516193
-6126748
2071429
-1847965
458048
2666279
4641810
8686533
-8957019
295647
-9129526
-4143344
-5277670
-8647205
2864667
7237772
-1400319
8968754
-3107302
-6524701
3177107
5370422
8874199
5807118
-9150906
-9018980
-2748592
-605627
-2461126
4899265
6261238
-807148
-4800672
-1621725
6291306
-362540
19813
3266493
991020
-5394931
7735015
-3037068
-5329075
-7735301
-5933660
-746424
-9764217
3805228
-5306717
6579435
786007
-7830113
-8661763
-1449980
-5635686
6360713
4854809
8677059
2451322
-1000463
-1353656
-6342642
1569549
-8516553
-2805770
-8839068
2116315
1595261
3024341
9189068
-9116944
5108763
-1300788
-1101917
-5552980
1136402
-3763525
721265
-100311
-9575769
-5799733
-7920185
9404010
6680762
-1620054
4746015
-2838618
-7538872
-3669658
9494684
2715626
9969187
6921927
3963216
8933356
6607604
-5623543
-3613086
5192678
8038973
8567807
-4780822
-9288355
-2109606
-9705546
9866623
9958512
-2040378
5983659
9813520
2749023
-8185037
8898629
-2271787
-3770907
-4943081
9435631
-5937535
3156594
-5788424
8934123
5144863
5209567
-810666
5922119
-7924049
3149748
3371000
9493418
-8277927
-2125281
-2472620
2420460
-5393203
7976342
6607032
-6690926
-7828311
5801042
-8010194
9446594
-7096288
-8305552
-626931
-8136605
5332099
7673167
-2763712
-2764408
6505426
-1723735
-3458035
-4423479
-6878193
4210623
-5931507
163357
5155557
-6211025
4471838
4942793
5489642
-1988029
8668682
86273
9259012
-1638737
-1248214
5421290
6875119
7258004
262926
5040177
7419187
9730619
-4263490
-6066759
1541635
3738062
-4968152
8190721
513238
-5261884
-8195564
-8127772
-4268129
-1995903
-844634
4530564
9584212
6850717
-6828097
7142448
-9010853
-9891404
2516315
-6168696
6108984
-9348314
-1385530
-8900967
-5901590
7476894
4149806
-4236319
-4313858
-4722486
-798793
9042391
-7446709
7483769
111300
9413356
9555661
-7289303
7143948
-3677487
560826
-2883419
-829148
-6463339
7174499
-4930968
4327096
-8583791
-9499157
1173184
-1866306
5091858
-9380588
-6406422
228224
7566767
6338290
685708
9282838
4943640
7969831
-3661079
2084014
9352258
-3519163
312313
8550187
-8542411
6638237
-3559696
-9519705
-1362234
9303348
-3197302
433371
-7381658
230912
-4233884
1600997
2082649
7933812
-5147236
-8255183
-6672655
4848918
3718650
9009393
5918939
-3001302
-6443952
-3461290
3294920
-4269603
-2185328
-6150330
9745172
-2545709
4917089
4014079
4935969
-3642451
4390973
-1291213
-4888456
3601065
-7547932
7495053
1752289
1799911
-707766
-6413691
-2605302
-8146807
1117267
8754975
-308140
-4640393
4807068
-8370396
5220620
8784984
5272101
-9036283
9328771
3353532
-9530691
-2436187
-6591910
-599446
-2640219
-1789237
8957768
2600171
5043672
-686869
-8529737
4954966
-7053638
-9483384
-848189
3015130
-4833741
5696654
4820763
-4880824
-5560730
-9311606
-1321588
4908228
8470623
1396552
3960730
4067157
-3151446
-4288954
2386080
-5779552
-1059707
4805173
-996010
1537501
194534
411118
7782634
-9679258
-3905440
9766084
-5728105
7715595
-7790186
9033888
-8765836
72714
-8417103
2837576
7205937
7696764
4687111
-8109167
8526373
-6618429
-6018486
-7961155
7618447
3163102
3817651
4135614
9659025
-665830
823192
-5609472
9219929
-8076438
-1195826
-7087180
8761426
729029
-3749801
4467736
3512770
5135937
9750610
1767809
6628467
-1410755
-5501185
6850925
3493042
424049
-429733
-9811613
2134134
5798125
-113542
4377051
-6055542
5484727
-4590128
3719268
6283926
-4204614
-6413406
-6793602
6478280
544270
-4495143
-2942538
7593958
3430730
-7140284
-2326423
-7062089
5801215
1336045
1434409
-5589526
-993597
-7255588
-2361030
4428001
-446761
5616983
5978130
5236779
-1947970
6150196
6492991
-6097136
4648670
2115584
2037763
-1316976
5872306
1715353
7231820
9528860
-7020493
-7156799
5753405
3434665
6986775
-631100
-2729155
7944123
-4687090
4828451
3707464
-1782953
-8791891
3296053
2875537
-3375121
-6299405
-4696224
7040996
8993197
6044182
-4344839
-8911465
-7276608
7021992
8229260
-4061582
4105844
-7554589
5006833
6771271
-6220046
-5475468
3379581
4011338
9021602
9642485
-761027
-1008845
5400286
341006
8566941
2554618
2727122
-3254179
2687792
5031160
2170400
8046803
5674111
-4170268
-5111350
-4922944
-895124
-8561034
-5076045
2138317
5644379
7418398
2165808
4271430
-9546325
-3208529
935721
-519873
-6958843
2871230
6864487
-4705339
2137592
-4017504
-3739735
-5525924
4726687
2833015
-9631346
4577645
6645768
7305839
7484302
967677
7537414
-2310091
2308657
-5241237
-9851142
7339483
-9718513
7678615
-797204
-6570517
-6159591
-2260995
-3934762
8395127
2174700
6322222
-9700650
7770870
-8750292
878902
919184
-854616
-356298
-5578037
9574502
-6902848
-1466548
7012707
1175618
7010073
-8766035
-4291224
-3270477
-5313929
-4159544
1171075
3154507
2884112
5135045
-4983814
-3541282
-8553238
6105497
-4056687
-8437778
523116
-8229882
-5738616
-7214088
1909944
-8144512
3492400
-651971
-9242450
-5104529
-2289348
5020594
6543284
-5555848
9564821
8576649
3601567
-4111283
8500363
6471035
-8788473
-1798102
1847931
3823993
4275747
-6759859
6217844
6836010
8838697
-3680811
-3794135
-4751304
4887958
9970776
-3151068
7296032
1193927
-323411
1011274
84685
4703983
3197150
-3851358
2243656
-5916435
-2108395
2373796
-6258651
7724293
719746
5531046
-277810
-5309845
9860665
1420566
-1573151
9744652
2163622
5117421
3263384
-9805008
738509
-5315740
255957
-9251309
-9654068
3221814
791887
2869736
9594314
-8923220
3220742
-1458803
-3038275
66900
9577654
1337392
-5348347
-6224764
4349892
9429502
-717982
2241928
2384112
-6282628
9368368
-9788213
-221460
6646485
848465
-406571
-3837210
-7068475
6421052
9098632
-6922912
9475103
5688480
-9154665
363803
5328534
-9985176
-6378810
9909652
-6222521
7521943
186343
-2544260
-4591054
3154127
9095461
3443207
7698859
2514824
-6174078
-8641103
9752607
770613
8216619
-6062534
-4445064
7439396
-2119992
-9688976
-7542348
8585017
3562680
9785834
762122
-2775789
-3547419
8390066
558726
9507448
-2023161
1996410
-18726
-4646729
2627750
-8388162
6646346
2310067
-5305237
-3089028
3526035
3482009
-7383443
-8104858
-3271936
-7821440
-4801473
-7389387
-4290329
2344289
-1049934
7106743
-765227
-9387067
-3740412
2153179
-2565341
-4977488
5070798
6529713
-2217711
5642414
5642499
-1904198
6532910
9247345
-497236
-4490819
8459965
7006019
7085273
929093
4989942
-9401503
-1832208
-9506722
-7072473
-7542419
1955026
7002343
-3855726
8096929
104009
-6800070
-9891121
2165322
7619952
1445934
4959200
8437204
-4377005
4904010
-9515882
7635139
7465351
-7981274
-9791867
-7746207
-7807594
3439848
-3477882
-3186910
9425821
6649169
7549177
-4279089
-9575851
8264115
8534741
-9041757
6995967
-9715033
6855667
-7070037
4395167
3500746
2380497
-4774957
3234977
-6901721
-8467783
-6026197
-5092027
9761272
9105277
-737463
-4761664
4680021
-784939
-7667035
5769422
-9287204
3999705
-6792025
-6803584
2395995
7289705
-6510701
9566708
5438606
8962327
-4393499
2000434
-7970129
-8359022
157717
-1055052
-6245739
-3620283
1008898
-5524384
9456534
2562028
179230
1711096
-9942650
4610850
-5529129
-3711574
9471382
1252367
9349370
-158169
-7952990
6890388
9710809
9128049
5589784
4637696
8825305
1478134
-8188512
-7779281
407067
-8391607
4940159
-4088903
-322654
2572989
7727575
-7590570
3630811
-1205021
7593614
2849368
-5619597
1943144
-1761564
-1515493
4127715
-4795891
-5702671
5521919
6888576
5133550
1883876
-74960
4639762
-9066964
1598258
-9930693
2033783
-605504
7815352
-9057220
-5757265
-1943231
-1300676
-9533812
-7537285
7969759
-2379920
1984562
-6479324
-1249631
9882754
2104851
6707903
6641266
-9721059
2067283
159126
-6451183
-357972
-636819
8030173
-8174415
-5013553
699414
-5260133
-3181235
-977531
170761
8767790
2573147
5355360
-5203664
3638401
1378443
-383437
-4470603
7134893
-8902354
-6406586
1490832
8311023
-693904
-2545253
-9735338
-1871123
-7136651
-3611536
-9386276
-9419968
-2182112
-9585861
2806466
8006364
2765868
-576987
-2231937
-3318051
9453192
4845934
-8316588
-3538097
-8519357
6412574
-1067042
6570148
-1850976
-868873
2961677
6878393
-1080942
-1511218
-341065
-6203670
5766524
-7763888
4079293
3003098
-4393371
-6443496
-9997374
-5289229
-9795134
-5871374
-830040
4395599
-8274576
5042021
-7712003
4685700
-9339599
-2731820
-2418851
7229940
-7885317
-5424864
-8344477
9835332
2414426
-1512346
-2438364
-797296
5961632
-4537620
-665119
850080
6647231
7086785
9106712
-2609108
-5947971
-1831425
3657298
-1307533
-1877210
1618177
3652075
6500800
-1992323
4414526
5733506
-1243531
-6445275
-5773054
6512443
4744999
5764726
1167332
-9253172
-7522923
3119255
-5667766
-8397647
-9964157
7346583
1918286
-9349360
4690331
-2339080
-6658825
6577442
-9419831
5590015
1230491
-7336206
-3135972
-9180690
-1364238
5525780
-3621264
2486628
-9260073
2607555
-576597
-4443590
3094776
386482
-3641628
2581611
9876403
-9547475
-587063
-8857155
9202397
1681335
3629199
8033837
-7830548
-7229748
7894535
8490621
-5984154
-7104688
-2049838
-3875654
-5690989
-2261816
-7235806
-5621158
-3586896
-5798117
1277191
-6929767
8493165
1511710
-5908550
5885075
6968200
6730438
-8364917
-7984116
-6178390
1465890
7708049
4001960
9840894
-7434862
5040481
3613968
6505057
657703
-6662888
1663871
-261891
9097603
709572
9634010
-2652066
-9477191
-8529007
-6372468
6563985
2701235
4178379
-2851272
-8536078
4418406
7258494
-6967147
8673124
-3395605
-2739634
-6947703
7770051
-1839355
-2078487
-4968889
8332369
1724863
3740943
2450360
-9521345
-9803175
-9288582
-727222
6941690
-5999247
-1471962
4614995
-4370829
-9637778
-6574108
-6513325
2879943
591835
751762
9486167
-5809549
-8980495
5193506
-7796326
2957713
1511505
1349099
8544017
-1310978
5487178
-4233376
1665343
9116730
9708259
-1549675
-4706246
9509830
-3403607
-7832563
2752893
-6162771
-7742243
4294583
2693037
2500578
1296996
-9137612
2790576
9382869
4961005
9699867
8143016
4230162
8398517
5089847
2006188
6313383
6074827
1079592
-2597877
2700886
-2882209
-7819650
8410797
-5643845
-6650597
-2720430
-6260851
-4071977
9377124
-4736202
-5254145
4933372
-5835594
-9847394
7931658
8382582
-8488312
-2398208
6979957
-5229494
-3005902
-4322567
-6946510
7379188
1741136
5147062
-5929202
-9166673
9960648
8497191
7132070
6935655
8570454
8107651
6291238
-7693392
-9882127
-2739716
7946622
3224998
8912705
3267803
4699001
-8864173
-1999902
8076178
9992374
-973900
-3436309
-5710751
3810011
-7363675
-8606547
7709957
-4637769
572752
3758853
349324
-6364593
-5906759
9918540
-634240
8887317
1322705
-2164027
-5567083
-8402963
7787519
-1399119
8288870
-6640159
1799361
1886038
5098112
7838089
3811946
9826981
212063
-7632121
9730335
-6789227
-631733
-1948222
-3172439
8467057
-1285582
8687580
-382181
-7298642
-5086177
-219874
320567
-9780609
2638716
8723979
8552518
2074238
7087530
5409744
7017729
9092543
4558347
-9025583
-4978997
-1319573
581870
6823504
7049445
5754671
8426641
-6550684
-3460244
-7437126
-2695789
2512383
739293
-9524156
557722
-1897796
3593011
-9878414
9056106
8244706
-951459
5131611
-854273
-4129180
-854305
-8965849
-7889801
-5062292
-9810391
1251926
-3337814
1047192
-2736134
915560
-9334683
-6051187
-8865986
-9437810
9856063
-6018245
3248362
-420142
-9347510
-7426871
2646550
2885319
-4365628
1729212
4532520
8181879
-6401613
6375083
6582871
-8430615
-9608361
-7295886
-4302161
6465420
-2992419
-8833249
-2488750
1551131
-797775
-1186010
-3407632
-7230848
-3544468
-1512570
5855202
2281853
1270870
-9514977
-5220057
5897216
-3706535
9337695
-6986440
1573114
2893856
-5879065
5823042
7444135
-2121605
-516714
2187497
-2545404
7054214
-5459143
4190275
-7815672
-3901832
2576711
-7780750
-7719731
931298
-3640214
-7505647
-1016663
-1423129
-7927388
-5226145
617435
4070849
2869866
-4284147
-3314672
2690242
-436485
1629584
5090226
5815333
-9041589
2649349
5151699
-1630306
7798276
8374083
9801095
-9041039
7944666
224504
8195165
529376
-6265729
-3504544
-7284772
-7025047
5402266
-4657166
1801490
-6330369
-5582576
-1827725
-8130664
9829718
-1970355
-991215
2380902
-2811537
-1141774
6863648
-4772948
-265157
-5903603
-971633
512896
4024750
-8733465
-5376687
-7075164
8364722
5766798
6572944
5354834
7146003
1563947
8578202
-3829768
9027936
331228
8874811
2087672
-9656709
-3884552
-7638173
5502682
7414471
-7906604
6510029
1862050
-5572521
1693703
-9561147
-6614722
1581366
8560889
-7394582
9758726
6464448
9653842
2135744
-9024611
-4000077
4223267
2648202
8858866
2076398
-3122856
7141995
-2496647
-1723755
586033
202185
7151704
8753085
7063848
-5032149
3327177
4464000
9318471
-532662
-5068673
9253009
8165087
7396922
7296558
-6596125
6604907
-2455476
-7427304
-4765693
4856142
7115659
-9480072
9132247
3051098
3156323
-3909706
-6223850
1865810
3857662
1112843
2866021
-3933988
-7367504
-6618883
-2857101
-346120
9052004
851922
-3691227
-6556406
-6601254
-3822894
2928535
-8373308
-2363701
-1631960
2890642
-8260803
-5446961
9073026
9773918
2560663
-8617809
-305644
-7523734
-3650972
1652026
-8183005
-4970336
9902883
-2322012
7138275
1485620
-6214303
-9059418
4760067
-380179
321602
-5872766
-3047217
1008564
-6139556
7296354
-3090935
-5973681
-5557031
-804865
-5898406
-3888677
-6323264
-8355548
5723256
5271801
4896615
2065751
5654264
2700466
-7281096
-4113557
6578372
6946744
4600454
3228319
-19823
3887236
5222622
-6774167
6952844
-219948
-1952757
8502116
7716747
-6499255
8758670
9766218
-9942552
3254907
-130047
-3248777
6013552
-7282521
-981044
3213216
9711275
8363235
7064833
-746315
3887517
660487
-2849586
3618586
312434
5982296
474697
8124606
-2939177
-7804928
-7530974
-547165
169758
7233918
5507777
-3691031
4394974
350929
-3863051
5440278
-2461391
-1452088
9131856
4400132
-2371503
2485819
2216970
-8456930
-2751514
6190818
6755651
-2923575
-1511281
7255927
-2066653
-4435430
8228995
-8442650
-1873529
-58183
-4189531
-2791446
-7127443
-448214
-6526628
2733937
-1547357
7189217
8417766
3147759
-4618898
1070275
924732
7151816
8556490
6161627
-5196204
9685581
4015434
4153999
1026014
-2895996
4810447
-5159709
-3242038
-6601365
4522742
4369495
-2311172
3806693
2851963
-1650404
-8181243
-2858226
-9972543
9007511
3866789
4832689
8679710
7712961
-6638350
2230730
9619497
-6324773
7651808
3928500
7235748
-6821342
-5792455
-5022770
-7539125
1861936
7995642
9276122
-3361750
9898151
257558
4189078
6177412
-1541606
-6389158
-5758592
597412
-7117302
5919493
-8843805
2090438
-414557
8612466
-4887879
5998390
7887466
8430804
-5794020
7708611
-2337517
4590609
9851044
-9599021
8652540
-1114231
-2499646
-6862176
-1240594
5865267
-3861556
-7698157
1018487
-3960209
-9987649
4217790
-3121164
-9411052
-2760211
-2922279
-1393269
-5932421
-2444219
-1634928
-700390
-3098743
-4321298
-2955021
5019449
7015864
-9280273
8347403
1753755
2421677
-2517548
3527224
5522321
8524006
518230
-5740953
-854983
-5700663
6373695
-2301226
-4442152
-4781899
5971363
7117825
3802602
-7739441
-9074118
-3948017
-7379830
-3275445
3936446
-1565459
1364992
9397768
1430050
5553638
-66782
-7582876
-6972532
-449718
-3016254
9868236
7199596
-5072156
-4852723
9187004
-6918357
3160501
8903274
-6966110
-6144819
7894637
-9202807
4844212
-1312774
-460606
1403555
9446600
-6247924
8050033
9026409
6483870
5120354
-3716104
7290983
7619386
290964
6219082
-797813
7064809
-1808638
263508
2383853
8999153
8751993
7350642
802845
7578766
7779906
-8141215
9114716
-427537
-7713460
-9525263
1589969
2000490
2035323
-7026740
-6240715
-5260280
-3887958
8970454
-121774
3854558
9343039
8348640
9662634
-6882561
-9051805
804589
-9934078
2564559
6783512
8524730
-6702060
342047
1469272
-5273170
9291391
-8113830
9738322
-5023125
822356
-5923063
1417092
2753011
-5458768
2067656
9824330
7992257
-2219330
-1463195
2602287
-8515619
-9267065
-9549230
-4697654
-8099009
8312790
-330872
556365
7006390
-109571
-3271591
3877519
7107061
8799753
-4637367
4304405
-864349
8453407
-1954777
3087475
-403965
-9458095
157430
-1608009
226303
-9589151
-4925497
9879821
1315909
9093708
2745299
-9557335
8882467
8814141
-5432168
6117974
-1052535
3134864
9402968
7602273
-8308914
-3328678
-6909683
2974739
9811433
-8271865
-6989382
1255085
9446857
-5427793
-4889474
3667801
6660647
3035201
-3634548
-6038444
-1710158
-2470276
-9247147
2386380
7690263
5314422
-3265344
-8492454
1761522
-9832494
2813197
-9553973
5325578
7091299
-7033409
-4906313
-2927674
4238694
2454196
9216327
-9568075
3530133
3846602
-6162266
5786169
-841012
-1131704
-6420603
4891253
8347440
5168190
5629661
4254603
9001963
3220685
-6576626
-2106389
3794253
-6274812
-4443592
-8384444
3777708
-2851414
-4457350
-4526725
-746447
-2046018
-7247768
-9196463
5515307
-5780290
-8090250
-9700819
1084520
-7189530
1748959
6907753
16771
-7085311
-2165869
6222497
-8338729
2888131
715980
630053
9009092
-3442560
-4886899
7452066
2123628
-2454138
5482152
3915476
-7444821
-5296664
5107138
-2918818
-9598453
-1420111
2789179
-1520219
4497318
-7229281
-8123713
9510170
2746311
-3793245
-3395290
2433839
8924252
-3456629
2244023
-5046423
-295893
-3407671
-3100384
-9750359
1358617
-5787691
-4975498
-2359858
5947442
-4832908
197133
-6814699
-1196854
-1245970
2645951
3636458
-9835601
9152658
40095
-6277513
-9520028
-7605268
-9922458
9795149
-1649137
-1374305
4608280
7521309
2526638
9027141
-7810090
-4147270
-2355844
57216
-1137551
-6335010
-8001814
-5354584
2625284
-6095870
1968925
7238649
-2547786
-7062266
8196153
8901091
-3240349
6827941
1311615
6149406
7946605
8063470
2653912
454166
4388503
3094457
-5775903
-297645
-8368105
1605661
9671098
611610
6728416
5428517
-4757195
-3628598
5175133
4739820
9939216
9744155
5060856
-9498036
-9268968
-3532648
-5597389
-2409631
3327155
-2964889
1568704
2081619
73024
-3762950
-4187832
-1143339
-1201470
2873605
2015063
4996676
6519631
9365889
5025585
-6127868
4403904
8555721
8268296
-5358631
769633
1201091
-3772460
-6753964
4582390
-908412
2201633
7533838
4459571
8599093
-5818810
6142045
9771816
9984792
6268917
-852279
501300
-5391229
1800537
8139302
4028658
-3527319
-9118056
7949766
7755543
4895585
-4527311
7560893
-1547981
2334913
4407140
6768465
-3789684
3045771
-7649237
809151
-2955380
-4189295
6186371
307893
7500478
5824621
-1438549
-1111065
-913052
-5788733
1602453
7851059
-7150172
-121937
-7491368
3676159
-9754153
2833614
4524455
-1313203
-3568171
-7779534
-3295328
9480432
-9428287
-2247581
-5455120
-2477910
-6850602
-4703467
-6697118
8848129
7120324
-3691670
3390198
-8780012
9269475
5144907
-5114823
-9563507
568380
-4505304
-7018096
1651555
6034743
5340182
-4063491
954154
-9988783
-3905564
-1844583
-325321
207485
-8562862
-8961051
-6978912
7494771
1169832
-5303572
8482849
-305491
-1776493
7276687
8049285
-2848413
1224358
-7382578
3362157
-6635802
-1164551
6434993
-7309806
2956976
-785135
9564985
-4072276
3117125
1610789
3746039
-5115172
2905007
-5967597
6514093
-1271003
1777262
6716739
935984
-7691626
4390233
-7214262
-5580474
3546992
-4867788
7438236
-2639281
3949734
7680336
-2950328
-8133328
-3312454
1849590
-3482828
4912330
-3747824
-9407567
-6621454
1108425
6269568
-2691272
9641356
-96206
7179263
8796363
-6432595
-3291013
4469647
-8068797
-1070297
911816
-6042316
1995566
5070610
-5747679
-6076274
8396752
5968679
5094950
-9175688
-259349
6214221
6370539
-5994157
8743126
3562188
-5390250
-7719299
-2750603
4533141
4372733
-2202865
4808309
-3073301
-250831
2037810
7317355
9290785
-1517247
-4722561
5619156
-4675059
1658671
9453854
-9492267
1807235
4123882
-7289819
250975
-2997644
-120016
374874
-4518436
119954
-9706305
-2112782
7283436
-4737077
3802742
6495101
6057869
-7219339
-3458261
2766958
-8639991
-1003484
-8024221
-2353903
-6579128
-7920848
2281950
8443960
1990599
8210359
-4619481
8891619
1149709
-4021926
4458144
-750192
6731609
6337771
245069
4626040
-9463899
2544920
-8637365
-513874
2428248
-8317362
1350097
-7886446
-7680734
-6531692
-4338102
2589576
-4980172
7786883
3739894
854785
-1375188
5543936
-1710962
-849731
-6540601
-7034544
2475889
1354133
2130525
6743835
-5144636
-1234965
435501
1337063
7740372
-8444484
-3112221
7945292
-1749836
-9918681
-6959610
-7281724
-3808764
6486229
-4283571
-7001835
420949
2525344
5267240
456980
-819410
-7298707
6827339
6096833
5054494
8081244
1000946
688972
9379815
3324983
-2793671
-1175412
-3712483
4305776
-3157345
-4898322
-7252846
-7376512
1528362
-6925718
-2105234
-1323805
4911278
6933813
-791195
6430828
5109427
-3340283
-653880
416746
-8509968
9943673
-1863617
-6970148
2510465
6493087
-4119457
-994494
-9149243
-3697520
8884276
-1087417
272075
-1135569
7374144
17929
-2114402
-7720178
-1398613
-1967039
314403
-8251827
-7420546
933843
-236249
8531778
-1941545
-6499096
9895065
-3017492
-663512
3564803
2714743
-1346943
-7485269
-4676925
-4284764
4390733
9996960
-4364054
-1136068
5611210
8945438
5444061
3482942
-7012700
4329285
9820141
150885
2579442
-8634661
-3244283
-6230694
-6684802
9999847
4236991
-4958845
7361168
-1703935
6111064
-1265327
1973712
9596008
-7456426
-8385723
7905368
9247841
-3202001
1985638
-1497776
-9096982
-6471694
8408560
-2320548
7041495
7717432
-8581020
2033693
-8175444
5651492
-2605570
-5805280
-9122221
-3697788
-8686955
-1588797
11172
124574
-8171701
1106798
-7168337
2027447
-2047375
-9622395
-3988446
4754644
-6215988
6385139
-6476426
-4948876
-1557803
4797870
3482480
4947175
1395018
3077096
6297063
-8919814
-7434908
7851024
-755481
5899417
9180939
6682336
118100
9646430
-4323547
4236943
-585806
-9116964
5672549
-3979140
8790845
-1164414
826239
7741432
-2506655
-5539908
4697084
-7767321
597497
-9661275
6097165
3811573
1259688
-4021211
-7941381
9430404
8935318
3930286
-2510803
5363387
9705936
-6007325
9765647
-6673886
241926
4374134
8827670
-8661142
7776454
-2716845
7829497
7184849
2683398
3818630
-7153171
-2884584
-6496906
-8581128
-9720648
9985481
9205693
3280569
-933530
1241433
-3486252
-2630944
6112109
6951656
2429630
3152623
6210612
-6538700
9406160
-2219940
-1790809
4174411
3910750
-9358729
5679838
-1441798
-3965490
-6610587
-9059826
8970188
-1367591
-8657910
3539830
7990288
2112015
3825161
-7159438
4463319
-4823932
7217961
-2405432
-7649722
-5950274
-1735911
1741264
-8031221
4839442
2944237
3418663
-8388051
5548395
3510637
-7846800
-9220187
-3269625
1793186
6439568
561575
-383908
-5560033
-5809630
4121865
1093446
-8236254
5828142
-6000544
8330794
-9137632
-5159938
3022642
5118117
-63142
9288737
4824389
-1817550
3433490
-6020871
7224885
-6086811
-2287681
-6290619
4824742
702079
-9289891
4381928
5776687
6495448
-7237267
-3626435
-7050156
3127982
2348279
-4198990
-4542488
-3249325
-1514169
864074
-4693572
750044
3891232
-522312
-4950390
4558789
-7538131
-2327704
95003
-2397468
7584029
3278377
-7851896
2426158
-8117299
5450494
-7191895
-3500329
6071770
9504063
-3455830
2322215
-7611542
-6611170
-6962837
5695343
-889547
4792842
-4286358
-5778260
-3258451
-2754722
-9585106
-6082472
-1957460
-821410
-3571246
-4481729
6470165
-8740857
849019
1066110
1969791
-3454569
-2553651
-8720186
7239375
2951747
9726582
173049
7586056
3885584
-4921720
5695800
72866
-3143300
1151405
-8847850
3985414
-4033077
-2150382
-5359257
2834375
-8368920
606949
7355128
8061266
-3159614
4359269
-2732695
-7915709
-5803386
-9189562
-6059696
5676713
-5192758
-8153948
-3500931
5040263
-2819758
-9365122
1009669
-1240976
4050076
-443689
3241990
-5948497
9406362
7793652
6155006
-5473809
-1063182
-4884564
-3761727
8904164
-9320116
6396820
-8239690
-6221563
-2646505
3664417
-3759703
6357549
-6112876
-6186130
-1431873
-1661700
7490074
2401302
-6816584
2675561
-3959874
2735844
4216724
2840305
-2262621
9065637
2931493
6412331
-1611584
8000549
6790165
-9634263
5315025
-2529692
9975939
8327070
4098541
-1321340
6664528
-9124082
-223419
-5828755
1170567
2802240
-3691949
-1587763
-7715186
6546807
-4398373
4662271
813399
-7248717
932958
-3133015
9246030
-9353401
7707875
-7926216
8196718
-6107992
-2226329
464697
-6005988
1440359
-3043368
4504162
7746392
7704679
-75251
-1748619
-622681
-9912451
-2731720
541896
6569347
8311907
9016305
5316735
-4031200
2647466
3407371
8463660
-5537944
-9053140
6403150
6842233
2843370
8380522
-7587417
3683635
-2075079
-7131674
6137551
6445226
5483102
1217773
-6109936
6987523
-7818740
-894618
-8909287
2474329
5647314
-1223321
-3651475
-2795790
-4779569
-6433406
2930808
-6393894
-5819454
-4983005
-9302193
-8070572
-9095970
4668248
-9640360
-1241026
-7385327
-705065
3597525
-6360126
369754
-7058520
6267541
-1911706
-6133263
6983271
3898902
-3784047
9384622
6440511
-4768990
5299242
5246590
-6332218
8735750
-8078082
-2621722
3467529
6183895
1112256
3007091
9860087
-1167780
-1068864
5800271
3012033
3175432
-8386955
-413659
4017790
5588932
-2127450
-8325855
-1856929
-7341948
-6238642
-9259530
7550444
-9702422
1912932
6442530
-2281677
-6804447
-1399289
-6037903
-7325037
-3290249
-6482836
9086061
-9031856
-7547925
-9728108
189295
-354501
-3737158
-9488458
4400224
-3004227
-5721321
1505485
9090948
-1981175
9682433
-5379619
4348961
-5367809
9127746
-8589582
-1114814
-665264
144417
-2741495
-1232649
8646581
7830275
8379441
7362892
-3277821
8034818
-2717933
-1928679
-4401849
-3105756
-1415891
-907440
8661148
-9994411
7993827
2054165
8937708
9413191
7396642
-4133300
8670295
-9282796
3272838
8153993
2126275
8131304
-693902
2553319
-5583865
6187066
1432110
-4446775
117323
-8073354
-6467589
-6609214
-5129934
-9882866
-9761406
6158469
-6477077
2970882
-2696178
-6157514
692911
-9716863
-3900037
-6377796
-1876185
953338
2088458
-7194856
-835375
-458063
-9037619
6067318
713334
91131
1660789
-5229196
-4892012
-6361682
915034
-4913676
7775093
-2676279
-3093809
-4953619
7387979
1171661
2785618
-1402356
3625277
5447290
-223201
2605176
-922215
-6764719
-311147
5972908
-40295
5104365
377102
8531533
8668490
-5988611
-5047674
-6541394
-373436
-9332462
2141027
-7363116
659797
-2367277
2974487
-4310137
2979801
7865420
707913
3048917
-1989237
-6711434
2423028
3488236
-7173994
2447623
-920747
9627550
-5066470
8230080
-7798322
-4488483
5037712
-1018531
3820593
-1888483
8389149
-7764771
-6710938
-4865504
9789155
-7878759
-3357358
209486
-1726416
-1575555
1496015
4729255
-5979373
6311275
1877366
-9442990
4249073
899217
417140
-8691747
-6239014
6202769
8925669
8881379
-4546934
-3562048
-4183972
6526733
-9318905
-6196383
-5406372
522943
-3651581
-2110117
4427525
6439169
4427918
3995447
-7959214
-3400712
-3583728
9387501
-7816962
-7736959
3388117
-5062932
9064349
6418317
-9372543
9953329
-9906891
9298410
191708
-3573388
9441247
-877023
8491292
-9346516
-9613660
-8193388
4715527
1546839
4691983
-2240783
1418272
6356157
-6947178
1304995
-5263936
6106386
-4537352
952501
-5326934
-7586219
9300580
-5828512
5891397
5669118
7074203
5174179
7982730
1335425
-5696294
2479732
6306458
8690646
9152510
7117186
2904105
-6662484
3115750
7126881
-928597
-5019847
-851029
-4137951
9018368
-4546333
1658967
8109999
-8241278
9803420
4580959
-9605383
-8515751
-1827871
1938092
-9729465
7500236
-9288364
9146647
-6157223
2352095
-8431545
-8543291
-4777303
-8568846
-2684096
2478888
9111953
-9311128
6472495
-4594486
9547375
4754131
1421744
3484207
-6188115
6175412
-5903955
-8333704
2347663
-7091246
-7454870
-3786560
1739226
-6152448
2227891
-5752308
-5610664
9254236
2724754
6558475
573651
-2747095
6083703
-7725590
5912724
3501689
7071265
-9607484
697712
-8953318
-8633365
-8564364
-6560125
9279850
3486242
-7734804
8149968
8352415
-1876722
3735737
-9169933
-1514126
-5914085
-610684
8252617
4223995
-6135618
-1100136
-5936958
-8509751
3384458
7999476
533750
1361923
1844457
-5113098
3968155
1915216
4831626
8282826
-5671647
-7115804
-1832040
-5587686
8359287
3604507
64752
5733526
-1049626
462928
-247444
-2900103
6154882
-7055670
8837016
-5222358
-4706094
2399343
-2671904
2527913
-808733
2061910
-8524774
-9813538
-3819174
-6634549
-1566000
-2014394
2438875
-9421759
-2321584
150105
-949663
-1231201
-4077132
-5874754
2377865
-7345176
-1514774
-3383996
9257471
-9808552
-2613232
426028
1956980
-3943440
4801066
8391637
-659521
6581914
7367426
-4745536
3781390
6248724
6646365
-4684700
6419187
-438261
-1669706
1926568
445827
-1127453
-3032655
-4084233
-4916562
3734204
-5216821
3045559
-9291069
9746543
7004965
-9209844
-879070
-7605630
-8044383
3576540
-4444720
-3685502
-8310937
-235874
2296852
4452990
-4805101
4148042
9762205
-5255777
-1078657
5906655
-4227066
-4760704
3300537
9440016
-3991658
4510283
-4757649
2991623
-5771871
-8298729
-9364913
6246894
7964297
7932273
6599562
-3656313
-9094272
5576725
-8825513
-8892722
1149346
8371797
-6633727
-8824292
-4861003
-9155656
7684098
5849290
8524537
967837
7033951
2602907
9136192
-9511367
4302303
2218277
-6909347
3404390
-7466454
7467446
-8483599
8817980
-4250218
9198889
1331389
8900524
3134396
7757286
-8133913
-8362437
8685099
-5659594
1238309
-8450558
-2516929
9500462
-9428951
4039047
-9304078
-6209921
-5288243
9772981
-7551998
-5889264
-829580
3727429
-6749083
7340995
5718579
-5285328
8064774
4961567
-557941
9976303
8215787
1012970
7957502
428655
-6846796
-1037467
-2453378
-5612218
-159515
-7965601
8938547
2681072
-5708550
-6375987
3252414
-8363777
-4729552
2895933
-3491880
1961199
65404
2559099
6328632
3549644
-7126622
-43291
624661
-5569138
3042630
-1303396
-5599073
7427868
303445
9812432
3629276
-9640758
1357898
3336606
-1308645
-2664674
-4255660
8935505
5253747
-6848726
5045418
-4075270
6545118
2198887
3706180
-1445090
8446951
1165447
-5748426
6839352
-3008321
4554666
1671972
6690903
-7578520
-1181589
7120240
1253022
3999697
-5774860
2386627
7538507
9790901
1715795
6029958
-6904940
4901528
-8632797
5688031
-7738050
6818838
-5127350
5443413
-4245041
-7247583
652613
-9321692
-8086807
4977373
6102686
2960696
-6092332
-1649590
8851724
7877862
-8338817
2281304
-8604719
-1787551
5445194
-3240873
-3938572
3488691
3864488
9744330
-9560054
-3826130
4922150
-9532459
-6939945
-5255291
-1221671
1544088
-7530791
-3460422
-6089111
6727953
-5428001
5036185
2960750
4325025
-5799192
3188758
484275
3524500
3372430
-9139473
-8333904
9034104
-5102330
8765581
-5968234
9672089
-6571406
5145813
-6384925
442666
8334252
-9851186
-6378557
-8954898
-7401739
7000286
751324
-3637459
837041
6685973
-954687
-8025706
1783142
-5747366
7310379
-1452191
7888193
7085256
2842069
-4720574
7042488
-763065
-4545892
-6922538
-6113539
-8722968
-1830371
6613723
-7487291
1129725
-3381176
-8514041
6388597
8974704
7752745
-876214
-6839665
-6534100
2624092
-4561097
5462768
654053
-8660100
6995786
-1424581
-1726152
-9759741
8417696
-8554732
-192288
-9588206
-186636
1781657
-6952838
1813805
-6393814
4191956
9411147
3707924
-9585771
8190047
7487830
9951094
-9637647
7400162
-9135623
1366347
7861911
9104046
-5515641
8044984
9659971
9875396
5352221
-2766253
6291778
-6221097
-8436593
-4173579
5068258
7860488
8792554
-8842508
-8423834
5498541
5787281
-698052
7542743
8962728
-3507615
-9904617
4618260
-7597271
9261871
-2375955
-4875408
-8158880
4880112
6281312
-2403700
-8234200
6252111
-7305657
-3862971
-3380393
-9381306
8691321
9325624
-4884842
3015436
-7483700
-9843542
-8780222
-9438751
-4871084
-5224443
-2169672
9206978
6923356
1153100
8777929
-7248811
842146
9094993
1967193
5647939
108436
-5322469
-9031881
982145
6359345
7627745
5348473
-6263951
2511774
5738181
6152540
-1802300
-2420801
7157798
-6316284
139696
-3500715
-5398813
-5024153
-431222
3626718
1010339
-9460153
636853
1495217
-6430671
-705842
4659812
8529921
-7303783
9161943
5002543
-9997441
-796428
8511831
5766915
-8915717
7855860
-3232831
-7766242
2309955
661576
514148
1762351
5481253
-9147354
-1445314
-860690
-1565096
455943
2198938
-1989418
-7456842
-8098456
3408188
9356007
4568648
4581795
7553679
1148093
-8497603
-6085092
8860153
6582213
6219678
-1766764
-514037
-6089739
-6670017
9364809
6168399
6253659
-3420132
-9067561
-7150433
4087921
-6215653
-2336446
5016898
9114929
-762937
8367659
8812540
6334966
-3892677
6616297
4471840
-3548550
-3712459
9452670
-8824567
4336730
-6111171
1917011
3821599
-2363512
9697755
9791703
-7581405
9042112
-728379
-2986980
-1342365
3508532
-2326242
-6734777
399902
-8253567
7250116
-2038818
-202630
-8741371
-3361538
-1121761
3636001
2162719
7489372
-8590000
-1340388
2386971
-8537060
-9448317
-7457905
6369996
6300624
-6429547
2443042
-7786298
2968710
2680606
7605783
-7163918
8594218
-3445254
8100417
1123601
7413585
-9000844
7142762
5349207
4354230
-4847484
-9889810
-2144541
7013524
-8231490
8144543
-8849097
-1899350
4557841
70681
-3811548
-5506207
-9030898
1609767
9227794
-2907568
5704974
-3089176
2638455
-6765531
-1122671
3460367
6517575
-8779736
-1114801
9617877
4531142
5407243
1898777
6155850
-5518567
-1753541
6328850
-7460833
3456306
4000086
1955572
1274507
-8474451
2275713
1403993
-6280897
7500776
5338226
7031021
5941459
-3696459
-5524685
266898
-201996
8031081
-3321597
-6849168
-4354107
6025154
-8169069
-4313866
-2664701
-2538614
9002217
3443501
-5875662
-5070290
-7250006
-7702485
3130193
-2889897
-1521220
-2608010
6200962
-870421
-7728057
-2891353
4869767
8562297
-7204667
8616012
-6379314
3678852
5982744
7712352
40346
4314458
-6712472
7000527
-8804381
4096775
6375694
2622602
-4743824
9184731
7332893
-1822216
9510278
8418825
-5414168
-4474062
6893908
1802906
5413805
5589574
5579466
4934346
5522436
-3451540
8429899
9568048
-8843955
-3055104
15491
8303385
8937343
-1381856
2762929
5967485
-6017628
3305809
-6831190
3647414
-9169425
-7921224
6376239
8342293
-1801996
6035677
7879325
-2931089
3200156
800785
1845348
-9635789
-7950802
-7582436
8654441
7030841
-3208572
4393717
-691560
-5596763
-6575904
-838472
517
-772559
5878191
5384573
6563105
-7054928
2579276
-6558417
-3819781
3619154
-4197788
3085719
-8368003
33009
1574534
974600
-850011
-4964781
-9967716
3473662
-3320245
8710430
1889960
1483638
-5842117
-3852661
8407051
82236
1340508
1355580
-5258250
-9092469
-9308947
7470757
7114795
1672741
2971655
2347156
-2477517
-2750154
-3173166
3464237
-425549
6394961
7651233
8204547
-3382074
-8304699
3701333
-6677526
7027029
2978462
6800531
-6022620
-9972603
265982
1851752
7138574
3320532
-9894530
3846408
1312132
517790
-839262
9133716
7712088
-7356972
8676893
-4601502
-6505724
-3404460
-4497396
-3213339
206832
4992987
3835822
-2540915
-8317379
6626789
-6190900
953007
-6969637
-5047569
-3746930
-2778003
8735800
2428176
-4559560
1975786
841772
2956425
-4381893
-7316475
414181
997385
-8459490
-2424701
2299185
-552219
3244607
675605
3063075
-7352277
9398467
-6737814
8815398
5889358
-6519974
-9409355
-8130010
2645214
4353960
-6234801
-7994838
163038
5863153
8048042
-82624
5458251
1129774
1610462
-1803132
-4559944
-9229176
-8253297
6419502
6707774
-6036221
6073961
1277924
4777847
-5985173
-1475740
-3408377
8004487
1198449
-6996268
879153
2457564
1609558
-5626078
-7456825
-4962184
-4471425
597256
9196472
-5528599
6391372
5877236
-9769176
-4676355
6583238
-532830
-8689135
-114064
-5262466
5008177
-7621797
6921410
-4388213
485101
-9005490
-6812093
3991322
510578
-5544902
7064072
-3748454
-772927
9308190
-804529
6542586
6671290
8507919
-7992440
7754944
-887903
3804913
-4319618
-7154673
8433161
-6710658
7873740
3303614
9380237
-2337709
2936808
932995
-5799381
-1160538
-3971335
5057099
-45440
-3952229
4823092
2893079
5945961
-6904016
-2880825
-352433
5418336
2630952
-1529683
-9590051
6122126
-3586297
6909604
5786154
-8802022
-7848933
732712
-5937274
-3229732
-2046083
2876748
-4647670
-3228313
-470338
7236302
7580855
6621006
-3765078
9410946
1391629
-6533642
8841670
4442983
1886121
-8293883
2534080
-1120533
917329
9768503
-1972467
-3157853
4827847
140543
-8286593
2113239
3376167
4997355
-7888398
2706302
1080153
8037381
1324217
4309824
-5089843
-6909331
9344401
111058
-501281
195231
-5867977
-3035742
4492332
-2732921
-2024713
-9850336
-6296046
-802646
4817267
-8187481
-4470177
-8361503
1573044
7553050
931538
-5226220
-5034684
-9164459
-1981103
9010999
-7773772
270981
-3627209
3206856
7078652
7183509
6757134
6991423
-6691020
4456365
-990181
-9505258
-4144217
608064
3361913
-8621836
-2766694
-1454536
528456
420620
-7089435
-9673032
-2641728
-1638820
-1885561
4938738
2929493
-5782125
-7585365
9774761
3215212
-8399558
6184238
6683047
104738
-7751337
5033129
-814446
-3477861
-7794835
-82193
2012993
-590745
2351760
1607990
911890
-5598842
4356861
6603596
6160668
-5370914
435244
8913275
4291958
-1624113
-5993316
-9896105
-7361144
-8083521
-1759276
-7825177
4417361
7882113
1040326
8126798
-5058299
2159140
-6183008
-5674480
851854
-9558298
7979334
-937166
-1622239
-8419776
-5939842
-5870220
5688150
439934
7797592
-7580702
1724399
-1932817
-3983939
-4824291
-3610367
-3811932
3536404
-4882397
1058608
1320675
2417554
4495913
-378590
-8751938
7587927
-6768110
9151329
-6606314
6621514
-1077365
2788813
3827786
8199866
-4752179
-2052585
-7968348
6233027
-3465978
4254408
-4311728
-7076179
-5007969
9693727
1072684
5045677
5591297
-4430459
-5804700
-4516511
-7922046
1182704
4979581
9135989
9595681
7088123
-2539556
-9084075
-3288380
4429818
2910147
-9776723
3132557
-3743110
3706016
-8062365
7203924
-7601973
7869830
5778681
1280016
-5167593
2393333
-9461980
-3665645
3044818
-991451
4256985
6928496
-7334309
-1156586
-5706191
5814523
-4531161
-6400535
5906503
-1464610
2857301
-294004
368182
5299826
-3618231
-34115
7407232
-7167719
7525660
5001028
756656
3478955
-8914427
7807586
-3890069
-1779387
-847365
-4579979
-8028849
4150832
2156377
-4473771
4578241
4604123
-4811494
4721138
9087874
665569
-4286619
-2555205
4155769
-1822707
-2964045
-7727358
5030556
7473772
6525101
-8956622
-3002477
3145173
1465166
-4720649
-4563785
-9310712
-2953265
7141747
-9509058
-4433145
4422859
-199458
3539457
-145964
4513421
868357
-5516938
9022724
2400352
-7615527
-1067631
2321695
8260481
7201910
-6625589
-6079398
1724982
-3379412
6761312
-7498410
6650274
-3849784
-42698
-3439128
4974628
-3155619
-3172267
2649629
4505311
37776
-6608006
6845733
5045561
-2619463
2543833
-627293
-5682543
-6382966
-1964626
-2767003
-6861440
-6798182
1055071
3826539
3685027
-6284500
-5324755
-9428813
7868340
-3842084
-7187805
1704408
-2289182
6559827
1164758
-826672
9543780
-9882125
-5818357
-5584697
-8456538
3683297
3764218
-3140671
5785590
6159312
-5053287
7346821
4442056
-4304937
-3247285
5808771
2553602
-1974636
-8388793
-1462343
-96341
-8855870
-2575192
-7936486
-1730337
-9311104
-3790252
4042996
5727647
-9218737
-9790284
-3296503
-9096035
-2719681
-8403402
3334191
2312310
-6693548
-4578033
6509733
3000423
9111437
7439813
9648366
4612542
-416353
3698256
9357674
-4229060
-7633835
-6386791
5014863
9541220
-3288613
-4192339
3242838
3135449
-2503969
-5829989
6319430
6955174
7394868
6941515
-9158013
-856433
-4692294
5655866
-2995350
-1485671
-1098248
-744458
8385913
-6777121
-7838102
-3157451
5208494
-8095693
-8222210
1280119
406257
-8775925
-2639174
-265673
-7939982
9741660
-6451068
-9832643
-7064386
4236056
-5108560
4994030
-2268525
3108122
3696404
285822
-5668649
25769
-1051614
8164911
-8902125
-4141386
9114761
591369
-4616170
-5261799
-3130792
2665101
3963175
-1340248
-8156336
-4445531
-6352530
-420748
-3149946
-5434491
1840492
8135593
7954341
4380172
-8361659
2371972
-3461205
-4772330
2612098
-2850369
2641290
-1577119
-8816632
8171617
-4229010
5523830
5746406
9842241
2499339
331630
-5640521
4430384
5266400
-5027965
-3672073
-5834169
4369990
-9036174
-4055186
6268744
-3723116
-344403
7115551
-9558448
1581181
-264416
5585847
-280660
-2609107
-3120960
5454831
770244
-9796593
-5827803
-7275572
4746567
-7827226
8221401
-4925343
5162796
-2523073
9965797
1219989
4085441
8036620
704620
8631444
1948438
-3098712
3094247
1486908
-6957501
9396896
4546099
4941310
-5853160
-1342810
-9007545
-2598836
-9756022
-8110120
9045654
-4896525
-3299925
-7587463
-5500310
-9242137
-1171786
6631580
7212006
9164978
-8363585
4080566
9511493
-7985583
7256678
8736901
5776501
2986170
-348845
8671265
-9778412
-2575714
5295094
3829035
3893491
8442629
-6167838
-8130309
-8196840
4964990
-8412879
6045330
-6631679
1136960
-5787478
-1859681
-7832898
1180683
-701262
9332955
-8916060
1760275
1586869
-5525609
-4746721
-6896807
-297966
4259511
5151445
-6365195
-7726979
-1712829
-733959
3135496
-6755921
601384
-641553
-9316793
-7714801
8273384
4039158
-398152
7327168
5184827
-859192
2948631
-7163634
4419000
231859
5067054
3945706
-5292526
-145032
886786
-1656865
-9023919
-8178647
892656
8295071
6922771
2591133
-4532031
6619545
6368390
7184461
-8944792
6510969
9027907
-9111592
6281137
-6738957
9353687
818055
-6313393
-9464440
1844449
4999624
1103968
-5979388
-2481059
7135722
-4625431
-7425820
-5636235
7048107
-3507788
-5464297
-1414283
1299516
6277411
-3127468
3052533
-1485476
8257598
2146027
3110737
-465470
13083
6012564
7360056
-5918097
8701308
4300221
-578513
-2505488
-5441659
7814855
-8255661
386453
8823013
8161983
-5593495
1579991
9043867
2927227
1063830
-9095160
-6983697
-2819505
-8071290
-3677773
-4815641
4066051
-3907586
-6249343
9992833
-919922
4031937
-5135598
916631
-8796884
6462812
-2295957
-2159121
-1813214
5355868
7035589
4816675
-4706923
-5325472
-1619482
9772338
2157221
4373196
-5619497
-4724726
3687298
7744056
-1504497
6789627
6360422
8417489
-274906
7368588
5894967
3126874
-6652988
2687275
637858
-1150315
-6624874
-7842131
5547588
9383059
9678731
-6044557
8398740
-5134091
9601568
-4847035
9861522
-9802921
8494181
148383
2090924
6522116
-8994048
8317850
-8905376
-9485001
9938039
8366012
-1825621
7633214
3374815
-5661942
9198228
1643238
-2492895
4593589
5350713
4781076
-3544773
-8399139
-2600891
7841533
7981637
9883939
-2981184
-4935341
-1903300
-2098390
8845
-5427329
-2369727
3346917
-4400708
-304680
-9149323
-3263794
1351263
4901734
7381784
-2620427
-8737635
-8229636
3047710
-9487551
-298614
8613631
-4116101
4617951
-4836081
-5096111
4014938
2268282
622113
8618232
-785370
3840941
1524756
5300221
-2843401
8530179
-8051339
8865198
-5233593
445642
8658038
8405793
-2913606
1469345
1975076
9651101
-4963646
1266257
-7993957
-1279595
-3592232
-725791
8449543
7903435
4459963
-4828430
-9622858
-8281473
-6509059
-6687691
3983482
8666660
-477090
-8651402
-4364068
-3571948
-8837284
3676470
8451014
6199084
-1935349
3998226
-6386390
1635854
-4502055
-770340
8627324
3224345
5956517
4475982
-2770744
-2658320
-4047642
6356395
-7649280
-8712290
-5243261
-9585696
1402867
-2227446
-5117130
-5419884
2934284
-5761955
-9288695
8389180
-4591999
8210177
2572468
8608881
6606049
-5967201
6751712
-2385884
4460488
5835619
-8402796
-7266082
9346146
2037050
5741872
-5757574
8823918
-5409277
-7350616
-2016654
-2937163
-1593406
-3614088
-1456790
1100373
-7176550
973251
-9119492
5507060
-453846
-26249
-8361071
7645912
-6625579
-2102607
9458078
-587672
-9534999
4523328
-221856
-9511221
-7520599
-5838357
-1283005
-9964457
-441437
-8960980
-3338832
6286721
-8693243
5504056
1560015
6204182
-4266500
-2819784
1242201
-8986226
-7159470
-754475
1320108
6944392
1964842
-2363832
-5808669
-3017758
-1838774
1859065
-8202900
-34883
622344
-2792159
-6182044
4973000
4497010
-569042
-8967475
8214623
-3953732
959493
-1788705
-1935380
4658350
8578065
-3832645
147001
3697328
100339
-9549925
-1095465
-2806822
9917993
-4217525
-1008074
-3153800
4928841
-1991623
-9568632
3396215
6076688
6986971
-5518314
-8683633
-8571014
9759090
-916954
-7028599
8376693
6945730
4671051
6087527
6451311
-7415116
-1422064
-4433
-3155614
-2366027
2683705
-5252427
6330790
2297847
-3586983
1173321
-6177803
5686248
-6417265
-2106236
-9798811
4934154
1861281
1646520
4201374
2636251
4856161
7034703
6191998
8650428
-1854852
-6662730
2426479
9197214
-3305263
1881843
-2481390
2906677
5709018
-6597874
5054228
-9284407
-7214328
-1685023
-85883
-1784632
1677242
-463231
3535087
7766458
4577501
-7229234
6863565
7433058
5853834
-5194587
-9590170
-3670444
9997612
-4288393
-2288409
-3692852
-1027649
1431465
-1302993
-8830976
6692989
-2491613
-180656
-207558
3952140
-8008752
-5446454
3931759
-6516798
9574443
7790410
-8373093
-3228804
1426246
-4617303
3276368
-3091516
-9106513
-6236877
-2622811
4533446
-3478008
7161344
5083525
9663441
-8370803
9299631
-1433611
-2402508
-266711
-4576601
4738237
-1941056
78541
-173886
-189722
1119404
5332539
1440091
-7219545
53519
8807300
-6642590
-1474872
-9494260
2147885
282835
-1096534
2694843
-7785239
-5316358
-7722727
2120632
-7573316
1042240
7474436
9616426
1277062
405410
-2440681
7218059
-7490534
-5729023
-3419355
-1378268
4695593
3261819
6179569
4516908
9816753
-8511409
-4828988
-2292517
-3249615
3323323
2887871
1557907
5818295
5117441
4787860
7934969
8300060
-1780792
-4863320
779808
6092963
8764779
-3117326
7469429
4603372
5794902
-1991359
5698007
-3119306
-8165182
-2423491
-7323427
5814919
-1756895
-6257846
-3771110
1508200
-4444424
-954473
7211161
-3620591
5365985
5620919
7038418
-2684378
-609742
3436206
-3975050
9304417
9648904
-4405444
-88566
8172872
-769467
2568117
8942277
3528276
-6194550
-3514522
-734114
-5669330
7733919
-8087181
3073605
-4898343
-1386860
-1239679
-1188821
-4790578
6110087
-5332398
545706
4559387
-1626369
7758168
6294164
9045277
-7047579
875251
-8291874
7293749
4485371
-1123295
-3993902
-3701582
6512945
3104775
4959493
-4208486
-5253358
-7277768
-3268416
-1825470
-8935285
-3460513
-9260552
-5108193
-6148709
-8182482
-1374488
6208371
1588702
-4901404
-1700312
4003658
-7108628
-789266
3901385
5928757
1841724
5320999
8980325
-6436466
1674186
257040
-775809
5372409
-9214856
-4844855
6909121
8809504
2369771
3431338
3703521
-1978155
3277171
7426706
1601256
6806577
6402250
-9082945
-8459721
2187947
9529994
-4477750
-2886102
1929428
-8955178
-6779165
7287730
-8805565
1672489
6041233
-3442240
-8108991
8169220
-2918182
9498985
-1659793
-2090504
-2049120
-7581217
3691224
2838691
-7538443
6979371
-4419498
1232942
-1113901
2672253
6315303
5868121
-5788846
8287010
-9346921
-6156121
9722010
-3334152
-7132957
9438927
-4272452
-6443563
-5648276
2615847
-9941280
7601121
7176153
9355357
-1749356
-4597998
400103
7943057
9740827
3865778
-45817
-7673540
-2732249
5032389
-5193953
299938
-7123346
581298
-3815909
7116006
-9351929
6772107
9204464
2840264
-3298423
7960014
-451815
-9503399
9051689
259908
2981258
9733346
4286900
-7262726
-4153426
-1637173
-6669580
-2501041
-4685454
-7477861
3672947
4422014
7978113
9237649
-7038641
-2696972
-3087430
1462963
5392139
-9824866
-3441485
8128483
31649
5823637
-8930388
1772308
8049047
8826920
-9718956
-6380139
-4069918
-3398709
-2537739
2664139
8195160
1705010
7593600
-902034
766871
6330308
-9693038
5005267
-9610413
2130899
-2052129
-7601539
1492222
-3152223
-5241251
-8521985
-6776948
-444021
-5933437
9070376
9400710
4206191
-1434301
4783610
6294022
-5623887
279269
-6352405
-8857231
-7202339
777040
6589403
-1724706
5317809
3217415
5917793
-7209838
-9092034
-5103138
5927399
9404536
9576987
-3139238
6351063
5816651
-8423554
5723989
-3149174
7943438
-1231168
9244587
-3291919
6190737
-4988367
-48666
2258445
3506861
8219206
-8936635
-6045137
7319724
2327770
-6977942
-6865866
-591535
3630680
-8436462
7737223
-4336473
-962890
-5825540
5202478
8277513
7617153
31435
-9819387
-8815240
-1330055
-9307778
1992503
-6193935
-2395478
1675319
101114
-5609846
5539386
2474598
6198043
7249762
3275260
-1127933
-8019957
-6638179
7864651
532978
8521072
-4473584
6101714
-8763684
-9497098
5420352
-281651
-9856010
-3435796
3518233
6364696
4673070
4870423
2212833
-3340521
-6279383
-4557933
-6821999
-7229629
-3154676
-4221875
9639402
8990549
-9080912
-3555895
5725699
2684609
4503638
-2541529
-9020851
8381714
-8311059
-4446599
-3836216
-9665118
-8338860
-429522
2488220
355893
-4666377
2051046
-6526060
-7948414
-6129801
2184687
1787108
-2663896
-2953048
4436834
734017
1295034
1182251
-8556749
5397047
-9742345
-2464510
6607384
2800539
2321824
2728310
3780487
-9772412
1839401
-1737363
4299967
-2965431
7572844
-1747395
-4141489
-2214985
9321131
-4995760
-2006236
5730715
1657723
-9122518
-1510890
-2175642
-7100166
4458487
-2719979
-1256238
-7805391
2029897
566937
-6437842
-897711
-4351215
-7690693
-186192
-8228923
4704070
-7698721
4065346
-2341648
2108577
-5806674
3494526
6405037
2937958
-1227297
4852217
-9822008
-7256254
-9124404
4890072
-5932995
1041346
1386482
3385396
6273685
-4186642
-3933329
-3689509
7226323
-3057691
-6381956
6757383
257093
-7176306
-8662185
-7830170
-792352
4805963
-2227497
-7318426
-287307
932333
-5023518
2310562
-3392454
8744297
7302995
-3858866
-5746246
-8220851
3729933
-6115237
1988412
8287549
3373871
-5600687
-1908891
-750967
1646291
-8680472
2940096
-4771540
-4622774
-6294928
9051234
-2320145
-7908682
-6526719
8619694
6948359
-9000008
1283889
-6698376
-3576379
4189219
-978274
-6415847
-4873762
-2618544
6919032
1864762
-5053711
6613560
-1085528
-5908932
1125562
-6568097
-8176773
-6579988
436009
740836
4921492
-2103114
347305
-8259004
-2292230
-6148947
-2601849
-8675385
-9643026
-6905738
-5368158
-7817683
-6330524
3295712
-9918060
9495166
-1775026
7243655
-2179367
-9507140
954777
3145813
-756076
-283099
7770350
-2987077
-9801796
4459391
9696117
-7284497
4100871
357172
4486862
7666700
9958956
-1124964
7245861
-5993542
-6412090
-7680811
-9041429
7604367
-9755849
-4436067
-8395088
-7083585
3812217
-9644189
-5926306
-1468065
1449430
1795500
-7608006
-5961978
-3674695
-6930305
-8365554
2937048
1211600
9314084
-9792323
-7641714
3781860
8415720
3631455
-9493654
-2923921
8380633
-3668074
-4018447
-9874628
5809954
6178425
-1757511
8249870
4582515
7661043
-7300915
7826882
-9630102
1553401
1702938
-3312045
6979566
2392451
7802164
-7017716
-2458710
5732539
1546151
-3254476
5426226
3005680
5771611
4856803
-178320
8777847
2518417
-6626005
-8356476
5801479
-6482403
3174122
-5491141
-4932995
2259040
-6572277
5317536
-2228747
-4517619
2703276
7141014
2697367
-6137341
-281904
5506228
4243904
7568985
1199053
-7370836
1749547
-1843716
-7676825
-1641201
6674714
645996
943530
-278650
-2819565
1745666
-664103
1341593
-2565192
4461199
9350126
-9292188
8444436
-9173830
-7104189
-2077075
-8191530
-5097472
4467530
-9797955
8308155
-7873922
5394595
-8106776
1669222
4918235
700529
9405468
-3314582
3626644
2226938
1920023
9072348
7852136
-4590800
-2905137
9658181
6361360
-6284210
-9798243
669870
4542149
-5435473
-3162487
-7819245
-2679382
3026270
-9722855
9205087
-880593
7604995
6445193
6353460
7584392
1005950
6967145
-8629562
-4079757
4560228
-8635021
-7487433
-1095942
-2643249
-509423
-273029
8315368
9059327
-5221905
6188342
-6640876
1241496
245353
-7011152
2178644
4717591
177856
-8914372
2769039
2573423
-4847187
6307594
-2938408
2630984
2668423
-131477
1929785
-8673917
7424331
7415886
-5696791
-4978101
-9087965
-3266112
9501358
4661809
-9357010
8339289
-410451
-215986
-5831701
6460250
-46076
-5145623
-7424294
8265491
9294630
-9718437
5771464
-503998
7119507
-2919260
3292468
1328982
-3059705
5821642
509225
254993
5750482
-6149407
-733252
8241331
3987521
-2659078
-3244776
2620420
5441496
-1892299
7646314
8603793
-4315271
-4504284
-8692282
4105849
-4622650
6537542
1336214
2735996
-878771
2862253
1106720
-8427298
8480047
-2481263
-7354002
-4495015
7577401
-8320759
3998475
3769308
4478774
-9860381
-1718870
2429617
-1279637
2494829
4078531
3646880
-4317933
9117305
5625669
-7551680
-278275
-5241287
6853350
-866311
8396261
1701610
-7227508
833135
-5687009
1671502
5219829
8494989
2563814
2441889
4485614
2005001
6136131
-7115694
9488746
7281607
-7608945
8375553
7931857
-3090370
9808770
9024795
3582518
3743805
2982763
-215649
9913059
773013
8712953
1079771
-9393948
2020447
2022939
1127719
-1466588
9417645
3575160
-8942659
-8193912
-3445900
-693736
6676619
6321363
9049861
-5141282
-9757398
-6469056
-1144873
7328360
-6393270
2963250
-7943998
9041290
-8797203
5590555
-312535
-8266300
-9623779
-2430240
-8425494
4817095
3429064
9931770
-3458396
-8337393
-503974
-3817530
-574931
7214809
-2129695
-8008786
-1145738
-8373291
4259628
2622153
7000017
1034198
-9721284
6149542
6619357
2530082
-5237341
-4804169
-3985579
-8240296
6460910
-1370558
-317594
467044
-4078939
-1656455
-3018363
-6549668
9983866
-7188112
-7723139
-2285256
4004782
-3707135
1960265
703637
794610
-8039072
-8217083
-9535792
-729012
9637757
6505274
1767244
-6600756
2993412
921263
-2271267
3348222
5160174
5081533
2367532
5980557
-7397520
6798788
3725593
-9668744
-5913564
2721518
7879208
3955631
8253171
-1037084
4221384
-80399
-6604428
6043277
-9368121
4752095
-8104423
-1795069
-4459657
-8328552
-8693859
-7344888
-2578855
-8133998
-3091251
-3913302
-85195
2762330
-7247755
8491802
-4405673
-8992234
-9701444
-3954269
1340932
8358409
3237673
9609778
1673929
5593707
-8834519
-5340064
9500263
4212005
1183698
4357390
-9588146
-924875
-9831779
-4965300
3059332
-9586309
9665314
2705435
9704733
1101568
-3359483
5764864
3699938
-9197937
9982123
-2669136
866282
-634973
7662582
-360382
2158945
5994771
-4556718
1139147
-9528087
6759349
6636227
-6510096
-2260926
3656214
-4727052
-9639020
2461332
-1113373
2042272
-3230710
8221190
-5160773
-4752895
-4814932
8716563
9699982
1731768
3020892
-240061
-9799254
-5746765
-1450393
-7591302
-2515441
4984508
-5059277
1804814
-4760920
1835574
-7684897
-7701324
-9740812
-6236637
2259079
-9777448
678042
7708010
-7459161
6481908
4659529
8566162
3340968
6804590
1398614
1618720
-7965091
-6596633
-970757
473072
5570950
-5536166
5064614
-5096866
-6891313
-7830215
-4858092
-3131625
4571983
-2039082
7354952
2285555
1162587
71293
-5424856
1729202
3453267
5528808
1031612
-6743476
-6944827
-2306508
-7132321
5116096
6284450
2250623
-3050635
1947590
-5108347
-6837785
5263954
-4819884
2750492
-9877718
977129
7302520
-6162186
86350
6480484
-5803105
9235718
9645756
-3886648
5220529
2943168
-1348181
2888602
-2193069
4655646
4157959
4556816
-6812917
2742634
-4463321
3869659
3807901
-2842387
6411479
-1089669
-8217465
-6741811
-8392626
4836421
-5688748
554231
937737
-7687236
132291
6693328
6597990
-1408545
-6576303
-8848551
-1452133
-6023478
706293
2985217
4778133
8746324
-1155412
7532373
-6343537
-3558238
8767126
-519066
3369424
-336764
-6841515
8244604
5900129
-7410781
531377
-166435
6019513
-5034649
7118852
673081
4351822
-5433698
-7122471
613636
-7392444
1066696
9902608
5945964
-9186975
-6682013
-7916340
-6178771
-3557955
1849738
-978516
-6210676
5251702
4405665
4789964
7929163
1441081
-6707614
-7972086
9502558
8735304
7424483
1868921
2520222
-529482
-524592
4969629
9310681
-4004495
-3421771
5594498
6090411
7338978
2832309
9604641
-1724900
8383028
-7088978
-6377168
4534920
-4855708
8947566
9653226
6559891
8970956
5557490
-2647242
-6930199
4008688
-248207
-5195466
-5824725
8364209
5702794
-5788984
-5903005
1547409
8851737
-4641906
-2194894
-6050871
-1477602
6942038
-9991713
-4587048
3926674
-8675146
-1853891
-4102234
-9162133
2016504
4452112
4567754
-8654095
-3910727
-1581442
-8811573
-4506201
2973343
-6495900
9279901
-7370286
-3521629
4154927
1095216
-7241555
-7118365
-6609600
3457556
3441956
-115921
-2577432
-6966660
4405866
4707372
2235470
-5121107
3975497
-4052143
-7316641
-1521317
2250359
401312
-6556744
-3616271
-5712487
1675600
6899159
-6096849
-5905534
5035469
8551426
-7580485
-5417076
391271
-7012330
8782713
-1865718
1227076
-9559278
-2188091
8669812
-5596205
5523669
-8032281
-9289248
-4430027
8332978
3760424
-2405237
-4425639
-8005426
9334045
7237484
949317
-2663934
4130957
1835258
5451414
-3558376
-65579
-4729603
-6329039
419627
7656675
5595786
6211168
8332439
-3537566
-894753
8483980
-1227281
5269208
3696397
2951844
-1671549
6896359
-9208914
-3155638
-688690
6112919
4251945
8828244
-7556344
9937499
-9669271
-5240947
3213894
-5974396
-3643698
-2535375
9707501
-2368484
-2665367
4613826
-3832809
-5837125
700541
-4308626
-7428732
-4628888
-8405539
8948327
3318072
-2237395
-4079306
8996137
8689461
9396961
-9171126
463064
1736089
4819438
-2232802
-1134326
-3521566
-1130837
4886605
-9051330
6184442
1232569
8693625
-8152667
8883916
3422837
-1053990
-1761546
-3632354
-8771369
-6455943
-6659490
-4807654
3929510
-6595735
-2658563
7133348
120176
-123131
-7160958
-7360122
4090020
4646010
4035341
7821175
-9208862
-5218014
-4315683
3289700
1539013
-1143321
6096799
9537387
-8403359
6697533
-4423252
5355768
-9500743
-3390145
-7352200
4685807
3275300
8820406
4184436
6503655
-7001378
8778639
-3599698
3378666
3710069
3459395
6156818
-715997
1301482
-8980602
-1781999
3706025
6627967
8185427
-4805730
-9776036
7280443
2513635
-2047627
-1505730
7869494
1221421
3078794
5083562
-3595720
4891099
-2791387
5322956
-6185557
-4261251
8098956
310606
4000098
-3079201
-5430318
1528673
4892118
1152955
-4022379
-964657
4817841
3419984
653822
-2046088
6024408
-7695545
-7470340
-7232275
4510446
-1463492
8150682
8209116
-8074800
9648531
7786493
-9230567
-9690130
-3129070
-6798930
2578398
-1117772
-4176701
-2081162
3587683
2053256
-5380416
4762680
-4828256
-3242086
-412400
-348552
9702124
-643996
3604902
-4234706
4928773
-8076557
1156365
-3014403
3175169
-5742901
-472363
-1543516
9828726
-3915588
152762
9164731
-8809914
9000682
3625014
-1797212
1260406
-30663
-6408199
9245194
7510713
-6402404
5809647
3206619
8301833
-2990422
2078708
-9556378
1309158
335466
6393758
8295854
-853600
-2276124
-278908
5898040
2226249
9609942
4178011
-6024144
5082559
1955949
-5497572
-7894764
-7223159
326798
-7192588
1333825
8716983
9992594
8423608
-8872407
-5442990
-701551
3500909
-9495498
-3465746
2599631
-7255916
-2613323
-8703430
-6139476
9390498
-697391
-2818354
4256624
-8863513
-2867898
3874708
754574
-2111160
8689138
-8344425
2603328
-1309787
-5612744
5005061
311556
4875694
-2732879
1852964
7238612
3050305
-1166728
-2004026
-4078290
6824305
-246575
-5763011
4265378
1856271
-2906326
-5788025
-1817265
1667423
8492008
-1164818
-2752298
1845593
-827447
-3981430
9304215
-108580
1586698
5163776
-8287555
7075570
8135668
-5039545
7562153
-512242
-4322120
-2673007
6661790
6020531
4707432
-2754431
4154697
5845618
4414743
-2328604
-9039662
-4054492
-5568170
2032744
-3363926
5781188
-9739216
4669190
7727323
4506582
4920391
2417630
-2800010
298341
-1830204
8088787
7646726
4771224
-5391492
-2265921
-927497
-1600742
2586559
863481
198889
-6160920
4442960
6704084
8193192
3360443
-2188837
-9595516
-4341310
1343589
6634325
6834953
9490222
1983124
168072
7971240
6530195
215004
5195925
1798715
-7309645
8735277
3994171
-320061
-7628513
-9595185
2719084
-8900730
3899004
-7639622
-5636265
295968
-4024033
1094839
9126076
1672910
-6068478
-9693634
-2255325
8265146
7315802
7567015
-9093202
-1702130
-4785219
3774874
1190930
1309360
6904935
-4984237
3584031
2144983
-451330
3665672
4520389
9011399
-5149144
-6774707
-2797115
-2319406
-2087151
2450858
2193219
3564034
-4249704
5881523
2248829
-6220542
3486255
9771743
8220266
-7445646
8242510
4897147
8317538
2600138
2269310
6743898
-3923062
-2989401
5286631
8790917
2430380
2234571
-3243149
3494457
-298806
-4251313
3787903
6701500
3037851
-5194879
-3209739
4235855
-187264
4333593
450723
7587778
-68863
-7112880
6770013
7847037
-8676763
7849148
1583452
-8828824
2891612
769733
-4449044
9139817
8929464
-6128711
9657411
7536085
-1192903
-3382631
-5392704
3916726
-1330063
-8317149
1094169
2025351
-3088412
-739786
9244122
5841352
-1332217
-4333939
-2450354
-7571849
4030779
730545
-7395337
5945127
-6191335
-6496091
-3280773
8127179
-7020841
5787294
4151254
5438221
-4153560
-5207391
-1817243
-6004257
5377998
-7315274
-5497871
-3606147
2489173
-6496886
3212781
-4540344
6897993
-797122
2639072
-1824956
9102207
-4801547
-7127147
1154445
-8532550
-2939754
1620069
-6217442
1809024
91951
-9799914
-6579923
5629605
4897446
-902202
-6716636
-3450551
-8796215
7379752
-1523984
-3776173
9695369
923047
-4488164
-8376861
3924358
-3942290
-2143446
2217758
3532245
4752852
4224664
2465082
4127341
-7909659
5819907
-9463722
5933400
4880373
4381694
9187111
-9235490
2327566
-8435008
9534686
2771673
2750340
-5313109
3816021
42577
-2944263
461185
-2748719
-9729761
3348676
7708581
5908370
7968004
-1396629
-396091
-6830669
1598796
7777795
-8403745
8880328
943660
6132698
-7361850
1954665
-7329580
-2523354
6100518
9841174
-6076585
9141416
704438
347516
9707748
-5142077
-7217096
1228981
5038396
2875174
-929788
-4655377
-9630888
-4194075
-7422260
2236822
-5165092
-7203712
3521300
6094646
6478041
-3586866
8168233
6219384
-4536430
-2321287
-2037133
9316578
6053834
9678773
-5391016
4804890
470112
4390074
-1986928
1865581
6687968
-8948159
3720557
5046996
-2499872
9136019
-946607
4615548
9020410
6620302
7257141
9550009
5514887
9664363
9220051
-2487337
6248498
9922659
-563165
-9558649
-1629312
5133875
-2596631
2530146
5895318
-3999149
2856845
2020290
8301855
2439008
-5402280
8706138
603346
931374
4908159
-9221859
-1656943
-925891
1707484
-8191660
2608699
5479039
1925097
6543352
-5800870
9013526
4605862
6479359
-4138567
-9838598
-1493303
7915751
-1311185
-2798258
1633826
6695287
250892
1841334
7744779
6317171
-576429
-6523719
1867849
-5394502
-767927
2310309
49475
-1088537
-3847370
-4523238
776993
-8020125
-7956820
-3340071
7150618
-4206215
-6307618
6453070
3979587
7744804
7711711
667927
1760262
-1241588
-4659823
9491831
-7799866
3585532
8195626
-6471279
-3630053
-4597127
2204558
1850749
-7550451
5890242
6470149
-6228596
-8979333
-9647183
-2769166
-8346567
7281730
-1296409
7345302
1516338
-1079211
-4270761
1722730
4282808
3135437
85626
-7357783
5544790
-186264
9514995
5452647
7369192
-8345108
9125810
-2424075
-8848677
3988295
-8156380
3413028
3797847
-6654734
-7620559
-868729
2336184
-1766808
-8116904
7306611
-9956953
8102894
-5019512
-1935893
-4491546
3216039
6249682
-1696790
-5456983
-590514
7186232
7817316
-4903592
6730185
-2568421
-8981171
-5885332
8339488
-4990930
-7529483
6332476
3455132
7649107
-3288343
-1114299
-4531818
3644991
-3053595
5522122
7116249
-468200
-5708034
-9244614
-3043617
7814093
-6836948
4432998
6471526
-4329867
-6907389
-5907628
-6201201
664114
-7602384
6217874
-5751059
8656453
-2945935
7566594
9602982
7042946
3020810
-2431859
8823225
616983
4778986
5468615
1481567
2213258
-1547629
-5482841
-1293180
9716383
8717792
-2755288
-485743
6054655
1052169
-364095
-7497459
-6757848
729501
4727180
8991702
4868507
7380647
2840968
903657
9364694
-8836513
-3414658
1881121
7226102
9851885
-8237009
1174254
4820406
-2002174
5045438
598235
-6918041
-259141
-2264502
4725594
5504867
6875897
455247
5969494
3177264
3429312
5975430
8486544
-3284961
5417094
-3967347
849058
-1919948
9146622
7963679
5383345
-7288786
9781774
-2135095
-5873989
630753
-7467214
7094772
-2889311
7103835
7180132
7571231
7934778
1512097
-2395920
-4993319
7093554
-9262115
-6209991
1006325
5797684
-6475388
1303171
-3017402
902208
65114
-9720590
8392431
3797592
-1522268
-218501
9850509
-3154971
-4010602
-4399733
-4315098
4624264
-4402577
-8525899
1377911
-9566175
1681660
2560606
9968886
-1983254
6741305
8315834
-6958519
3937217
-1456292
6866863
6309785
8447884
-1582409
-9022454
-4508330
2742405
8688060
-5965923
-4499707
-5938331
-4896227
9363288
-1253714
3407801
5107857
546386
9228101
-1129680
-7423641
7050019
-6858168
5087535
-8904227
3460744
6691097
-9906535
3714435
-118770
-5482594
-4748536
9088121
2838066
4683204
-5950729
608857
3730620
-5794449
-8057546
188094
-5801869
1774862
8184873
-6768894
2241951
6489826
-9799416
-7051730
2829792
-5417293
-7165106
-6525567
1037229
-1208643
8638251
5298240
2471873
-3861333
-552142
4809688
-5094371
572421
7919100
-6258792
-972116
-8340654
5868389
-4982393
7304903
1994938
-4475235
-1541101
-3130490
1037532
-532
1003988
5081906
-4648937
7971544
3519032
9363988
-6363171
2815008
9718338
760810
-7660492
-9073184
7162824
9181009
4899853
-7294675
-2373543
-8106354
-5383554
6614558
9140857
-5047926
-6657573
303778
4604620
243601
3488481
3008965
-8863859
-2433466
3881654
-6446426
-866872
7900913
-5683342
-9521761
-6925023
9161342
-9233698
-7424068
-5436735
-816492
8025092
2575393
2167989
2922796
2506036
-5432431
7015009
-215071
1516640
-8308484
-7065290
-4581974
8688315
1406093
-1816125
2951584
-1543801
-7286525
-9900755
3352362
6253512
4917729
3308691
-3349451
-9042318
7291069
6857555
8424267
5400105
4239258
-4703841
1574164
7238273
1493195
-4054418
-6040440
-3965418
2365340
1185198
-9710108
6524027
3288177
-8031260
997624
-8364650
-2096437
-8731505
-890599
-3450380
597387
3389640
-8765611
-538777
-6034841
-1017923
-1376964
4627008
-1323714
5615258
-1602791
-4726573
-5673426
8881281
4672179
-4648258
7741627
2208440
-4202909
6740902
-2805543
-1626352
-2161293
6785360
32544
44458
-4839468
-277627
-8376404
-4817428
8037032
-6869339
-8173779
-6766060
-8013374
4021929
7196327
6580624
-1052989
-4629204
1479316
474029
-1224477
-2888515
-86901
-3355257
5148356
8149460
-4058739
6980027
-8596282
7628230
1728610
4950822
-1714102
-1138831
-4690537
929315
-2647893
4964398
6471803
-3652403
-3140547
-185813
9009780
9223281
-7597093
4066741
-5534607
-3690438
-8269781
2690556
6187892
-6237853
-3304185
-9136239
-9249706
9051617
4140582
-4286766
-6696161
9257023
-6230119
-7070099
-689129
-5478683
-1395237
-885954
7382119
4749375
3254434
6126798
4066740
1439985
587103
7500879
-60762
7207058
-4523649
2293617
-2718826
1189573
6139086
-5571598
-8819735
7462454
3394703
569396
3011128
-2316752
-154948
868792
1372861
4324262
4689265
2066512
-6929472
1928854
-3402022
-7527168
1850300
-5425099
-2269755
-1834003
-1141203
1571135
7964752
-3137591
-6012455
5375526
5299264
-1519560
-9313252
-9525531
-8192978
6651566
-9798340
-2253967
-5643203
3311461
490469
-1615929
6959870
-8210452
1571878
1681493
-1513635
9616863
3741336
4302546
7484750
-7864199
3576825
-8943071
-6355689
-3475252
-4821535
2564362
-7337562
-6917877
-2892596
-1953444
-4863959
4123124
-97499
-6629223
-7189414
-2516061
-5382047
-6877933
4855227
-3850101
7509356
-6418929
6192382
3656617
826518
4043453
-1347055
-7371150
-621251
-7247075
5687002
6717774
-6013762
-432429
4329087
-926443
-1781288
1763916
3139221
1546884
9373969
-7307266
-8500248
-8303237
6491761
1079395
-6013326
-9379380
-8577722
7420594
-7270310
-3912123
8048505
856870
3168660
-6577125
9644600
-4786479
-2323042
8832953
813197
-8810346
7982987
8112841
-9891017
-6817521
-529477
-5888619
-6560781
4756328
-4616148
9828651
-1852496
-273441
-1688262
-2627082
-3842636
-5068016
-1286929
8714289
4192374
1320573
-3618607
-1216007
-3866434
-7536750
-6119964
3333672
-1932550
7195210
8242685
9499728
8200167
-3395065
9694610
-3439911
-9519437
9276581
1292286
2200956
9777386
-3972454
8260594
7885005
-8335621
8766464
511661
-6260757
1720549
1350721
1577243
7057461
3523329
-9606721
3070048
-4807694
-9978865
-9388489
-4253351
3944646
-6706716
-8710556
-8199907
2424748
4691634
-1680817
-1842475
-4437234
24809
6958867
5401167
4585821
-5644516
8877850
-8868250
-8635760
5433166
614
414210
193068
-8520358
9647494
4762484
9992463
4859401
5108538
-3698476
8343348
-8848396
4472285
-3013151
-7218471
-1556576
-3899699
6235873
1019943
-3664455
792754
7578200
4889301
-667350
-1607344
7441465
3537503
6238137
9307064
-3449492
-1361819
8218734
-7416574
6096347
7912726
-9592818
2635399
8546111
-6940985
6113365
5360134
618716
6240813
6351059
5894110
-2752829
2224009
-2370528
-3509338
7981551
-280045
-1042967
8853025
-4436139
-8082154
-954137
-4077968
5173922
7617144
8525517
-207394
-9609093
-8068373
-672617
-2171614
3736580
-3030874
-7828300
-9390614
-9420102
-6930317
-2375586
2382843
-6150338
193986
5619400
168685
-8161379
-2749475
-3701872
-5736640
536737
8348188
-9903035
-8998554
-3752178
-9935388
-4079437
-6783259
2473114
1609386
9453278
3648996
9548686
-3419005
5683388
-4341408
8055565
6840813
1742618
-822589
4815485
-2910026
-692857
-8456510
4437529
-9780537
7018758
-274648
3866381
6477811
-2304036
-9806599
-300588
342420
-5614235
8631766
-9610675
3795609
-5593069
-7197295
447816
-9760502
-134662
6972275
2993381
-8840676
-5480282
-9848562
8814713
867880
-3952686
5933806
-3088667
-9655046
-2743113
-666482
-6438777
-2363162
-2819136
1513676
-5537247
5372419
6084718
2726455
-678985
-128899
7027047
-2803422
3695491
-4929959
4402459
-6771121
6155123
5358992
-6902392
3851867
-7375541
6851691
3544765
8258542
-9623038
761867
-9023127
812470
-3401611
-5723789
8822152
3979310
-4186351
6766743
-4274549
-2727925
2613358
-8537057
-1537639
-7531141
-7021880
-187263
1993889
-4096320
-1171495
-1273482
-3502777
8455942
4343320
-105976
-1590180
-5861409
5751228
-7323437
30281
7234484
818253
980320
-4253195
161566
5892781
-4378551
5980528
1495306
4321467
3949367
-2987376
-2691783
2185667
-5226482
-9222796
-4018582
-9390623
-3589184
9647190
5237096
-4033977
-5672119
-7204083
-4739952
9965978
-7312851
591919
8467063
-1517853
6933690
-690247
9328249
-653658
-3197608
7737711
-2843021
6013502
4073630
-9358606
767991
-6696388
-4844637
5926744
-2988499
397744
7578425
-8659939
-2011346
217478
1402755
2403097
8584556
5539691
-1763123
-5981493
-7740045
5149665
44074
5837271
-3404195
5035194
736021
2245262
4484534
6539002
8331556
4790667
-4654255
-442687
7757855
3662136
-323829
-7045059
6972450
8242621
6383781
9154495
-408981
1359034
-3237950
5187354
-3936087
2762115
6735091
-9523121
-6934058
2197818
-8027618
9476579
8706546
-251284
7931532
-9508437
-765583
-7337504
-8441195
157382
4088366
-5144480
-9872959
-614427
340816
9416269
4728243
3594479
-8628273
-2731479
6496973
1911849
-2454436
-3836672
-8634396
1812746
7409
2103710
-5067612
-3724684
-6109941
4637597
6235357
-8205625
1879202
929987
8164777
-5143971
1318308
-7680041
-2518311
-7763110
-8665586
-2585103
-26867
9958696
4468883
-896882
2860955
8083018
59414
-1779156
4415312
-9711141
3923618
-9070621
8808013
1744254
-2187336
-7539233
684484
9411850
4352080
-2199183
7546188
-2195351
3239930
9730568
-7144046
-8952206
8391497
1848599
-2964870
3170337
1556909
4988822
-8321967
9842818
1062891
4064975
-9451904
203435
-5587244
-733934
7026768
6134614
3915723
7416503
-9347168
89980
-9275750
5487964
-9668864
-4950822
5678454
-9354297
-1766475
-5508496
4136615
-7524121
-416561
-5322233
-6113266
-868928
-1820436
21332
-5774294
-1234981
-5125973
-9207855
9613277
8347837
-167924
1306303
7819611
5135550
7402015
-8301202
-4479869
-3697793
1143175
7352306
1753488
4806344
6995333
-597138
-6916319
8597385
-6778583
7679040
4084584
4318488
9729367
4598782
8256541
-7513151
186223
951501
-9878448
5250989
-617629
9307936
7025569
1104466
-5251468
7887781
-4165329
1022271
-3691042
8032145
-6237572
7494363
8100877
-194260
-4941302
9786209
-7285006
542217
855151
1925444
-532055
-949342
6629953
9418101
9651864
-2704509
9211103
6338239
932375
8301462
-889575
-1577101
-9992201
493114
-3568675
6083175
-42588
4065623
-171193
4119486
7933364
6323745
4726530
-6036971
8724256
-1707385
-6625060
4974440
3004075
-7754916
1678651
-9857070
5850511
-1758218
1932381
-1157575
4033248
349563
6822956
-1108150
-4575978
3211432
5709298
5962509
3762312
4339481
4432922
-3775607
4067020
-3771366
-8757317
6395735
-3973939
-130834
-6163559
-9978660
-369389
9742124
8951504
-4913521
-5175622
-466043
-4237392
-4762904
-1047699
7620673
-495760
-6625635
4949101
-3861366
-1867990
-8052676
-8097430
-1984890
-3085717
577859
4558576
-4476195
-8866002
5729906
-3012553
-8233429
1191839
4968613
-5870726
132370
317459
4135004
-3150483
681746
4300849
-795623
5369472
1125552
3735813
8844945
8436277
-6380599
-5945135
7695585
8044265
-3475014
608465
-8215299
265940
9903945
5716531
7487560
5233008
869224
9876876
8658367
1956390
-3939471
-1622160
4080768
-792757
-4940700
1768507
3234166
5870532
-5278869
252835
-2819065
7612611
2215987
-2376880
-4087954
-6126165
-5175774
-5204566
1968956
-5103085
-7297916
6917422
9284053
6414127
8948984
7152659
-9466564
3996211
9419823
-7656865
-2771179
-8034554
5802699
-1199627
-7970516
-960646
4583911
993555
8012706
5248822
5018824
-8328060
9200083
4062317
9123031
-9691811
5725271
7365150
9912111
-8114176
-6931979
-8873113
7623531
-3383159
-5667145
-2716949
7645540
-4686254
-7473671
-9856995
-4385358
9013776
-5553529
9883852
6551054
-9237627
7547809
-9152046
-8355195
771287
7709023
-7170281
-6340914
4014758
9744087
-9023101
3874314
7396559
-6665934
-3838832
2969871
3033562
-6263375
6599432
-4007559
-9920933
-3098330
290389
-9569851
8922130
9287451
-4426510
7879197
-7609133
8811986
7980611
128392
-3970671
-688226
5431679
957306
6561401
-1332125
-2221695
-9956727
642454
5840453
8397214
6443143
5677311
8124268
-882825
-8765776
9877155
4324774
-3639490
9749472
4545127
-263307
3154782
-8102182
1093674
207691
-6740324
5463542
4828564
8937138
-6223804
6789924
4730822
9645331
3793027
9598286
2534353
9968863
-8712273
-6547503
-4390436
-7514060
-1290640
-4897013
9454673
-9319827
-5382202
1032056
-3387745
-7100249
9620005
9473529
-9039055
-5400628
8179422
-7908768
5391150
305790
8353706
9891820
-1497617
7584341
-4928677
-6390842
666761
1865747
-7251497
-7219552
-5067902
-6784597
3973807
4995534
-2134499
2634623
-3461761
8052118
4943258
-4936229
1063000
3426373
-6962481
622111
-3908018
-3379766
-9095870
6711944
6253772
-9054370
-9951331
-9531102
4523220
5415456
-5440982
2506474
-7267058
3325740
-5975607
4452265
-3529294
873522
-787465
2831162
6543651
8560642
-8455886
8201590
3418435
2906578
-7375144
-3762713
9025324
-4842275
7697295
-7829928
-6979705
-8189532
-6877542
-8900511
4522884
6070350
5532351
-8848188
3900871
-324894
9674349
-3896777
1144979
7766544
487541
7786314
6277026
-6362551
4012217
-7141534
5170459
4223035
-1275192
6557263
-1485620
-7482892
-1416478
1774116
-9182266
5281124
5210038
1724837
6427205
1617205
-1443673
-1808182
-6726316
4508920
2603313
4168604
9044204
397603
8409880
-4560015
7453034
4786702
5888911
-7419047
-864474
-2630357
474013
-8324321
-1007500
4720067
-9872706
1072482
-8619024
7097762
8753948
7355933
-4078250
-4076806
-1454253
8048024
6227269
2131327
-511814
2960037
3294705
4439515
-9801561
-9849645
5437322
-8574370
-4871045
5344321
-291614
2334253
-7153651
7004021
5720882
-4683703
-6870573
-1538035
-4798088
4048546
-9412513
-5636588
4086598
7460848
-2941460
9624083
-2903247
-7173181
2688683
-436955
7826150
-6656780
6761958
-6479777
4049930
-7226420
8409175
4036412
2899877
7698440
4008476
-4528071
5176698
-9589273
-983227
2137769
-6878452
-8913350
5775848
-1081294
-9311081
-5096098
6984876
6012076
9889256
2333317
-2340609
7684164
-8826729
3064612
-886975
6184358
-5622351
7008111
-7813102
-1183722
-6342766
3702854
-6541228
-5549310
9453743
365517
-1554751
7472571
7678977
2997594
2375041
439989
-5476548
-8611660
-716695
8514511
8833938
-8614940
2601963
7693655
-2903541
5492109
6764255
-5717479
8720078
1090081
6549576
340813
6566963
-2326492
7520152
3489109
2339405
-1969830
4967866
1300148
5463220
8812853
2627897
7037511
2706813
-5070675
-6033759
8806416
-7700347
6079764
-5694741
1828322
-3744651
5499606
-1847616
-8772139
-9232127
6169760
-9142786
-9259288
-5906427
-3753264
25617
8074598
4487014
7962932
-4743933
3431000
-3579653
-8536931
3773529
8160579
6133430
-9073094
591016
-5631801
-7512414
-1940155
3769712
-8336840
62382
-6607311
5248290
-5544790
-3495103
-9134353
2441726
-7545285
674423
4507627
-3768451
-6826704
-1700907
6750365
-1806900
-1889844
-2821395
-229839
6795226
-4892503
1858345
279112
7068463
1379166
-1717047
1220405
-8711355
-9196141
9955429
-4312714
6519582
-5036078
5370323
8584402
-9892253
2581268
3148357
-7847517
2039794
-294471
5431728
9909282
2759017
-3774434
8450958
894851
-2069874
3233865
502637
1385111
5694371
885648
7884114
2069556
-3909966
8601497
-8034991
-7744773
2837430
-2579326
-4003389
109982
-9144529
7628373
9723067
8267833
7374236
-2002143
5193682
3517249
-950363
-6706480
7306018
478927
9488821
-3713592
4652931
-8220427
8383060
-2770224
-5646943
9641379
-9005239
947439
-4436705
-8420375
6648175
-5095371
7883383
1707544
-5117773
-5739846
-5783875
1498430
-7536927
-1556168
3150988
-259825
-2391261
-9482009
6084582
-4890850
-2264156
-5212783
-3153549
-7144930
-3104394
9106819
6867591
4087528
-3647794
-7581423
-2298862
-9486855
7335758
2061961
-5590209
-9168766
-9052915
-7824096
9771540
4156222
478597
2918086
4761397
-9750586
8205867
3926646
-7623605
-8874789
-5353279
-8427077
-3633656
-3350565
-4318815
-7022937
7851380
8733990
-8213220
-5504880
-7290728
887417
-6360712
1290129
-3734469
9964681
9521595
-1202329
1216178
8283151
-4377431
-7728464
2252096
-7006946
-5962748
4101799
-95060
-3677362
863412
-2861006
-9940079
-7714720
2174508
7193383
9404398
-333706
-9230605
4460190
1509297
-4587140
-3253692
429220
-2485114
1529262
5179993
383943
5480449
1403761
8229731
5766889
7901139
-2461535
4800334
-5319222
9569439
9790025
-8657631
3324045
8505738
-812892
-4035764
-7874326
-5730749
-6850019
-4294928
4390569
-5771553
4626391
8952063
-4369396
-9517923
-1069305
9001989
-5593588
-2498713
9027081
4949911
4127232
9670846
3182139
-3478965
-1807898
-8564070
-1897245
9637543
-7095730
2599651
-1157971
-516375
-1807393
-8433196
4678456
-6279991
-4525286
-678245
3230696
-6551822
5010463
1609900
3655255
5708173
-2711560
-121867
-438780
1305560
-9805281
-7359060
6170969
8822324
-4378787
278008
-1497959
-5201232
-8073958
-6178800
1248802
-3219677
983088
1358990
-9094475
-6974511
2539795
-6718384
1311544
6694206
7778539
2657292
-1301159
6706556
2612885
-3023354
-2417000
-7906195
2266117
5495466
5905997
-9791506
6015973
3292191
659567
-2844972
-8149970
-2234158
-3144642
-6522117
9509203
4456457
1120925
5716582
-2202215
-4560948
-102010
-2371765
8925203
8779145
9174881
-2096116
-4665631
4913194
3724139
348814
-1606209
5331167
8363022
8100791
-8550242
-8792969
-3594185
-6620323
4373977
8156264
9810824
-4356612
855930
1798188
3064412
1818842
2083171
-7174751
3113010
-1451627
-6982433
-3869872
5380616
-2107975
-7560000
3743975
-2176183
-386774
8490985
1882845
2118129
-3805268
6227662
1445181
-1161048
-4818066
582887
5565876
8650808
1482481
1334802
-743981
-252868
50509
2941145
4150913
-164638
-9790050
-4195425
3255401
2523599
7952401
-1966762
-1552407
-3040153
-2808593
-5527776
4640546
6002725
-7956508
-681226
2267536
-4692956
9086445
6197965
-4262183
-5888676
-8256721
7476486
3379049
6469040
-4992857
2457096
-8505520
-59275
3641859
-4839840
4011143
-4996560
-2414345
1977957
-2130910
1252542
3966400
-6261845
-3228459
-1827081
-6598491
5612231
-9312994
7402939
-5522314
2259513
-4553661
7401622
2570053
4696366
-1921571
-3706275
-5262783
9018388
-4897043
-8539585
-7136324
-5051869
-9217585
-9595060
3791033
-893847
7355833
-547433
7696513
-6337547
4006276
2305850
-4108244
9685193
6273640
9415979
4059562
-6332850
-8364707
8303893
4152468
-9718864
-3670205
-6191737
3409850
7840476
2668212
3879922
-8527425
-3536445
564873
3165863
-2839155
-2713324
923795
3086003
6034642
7669426
-808754
-2961747
478374
-6118099
-6958635
3388264
3139632
-834087
708375
7671070
7138673
6074168
-9934665
9802598
-4415187
8625366
9284767
7814778
-4592595
2010048
-6204361
-7975281
8323427
-4615575
-6434696
8000198
928308
5225692
1566202
-5085858
-2447886
727143
8237397
9606121
2027738
2458052
5132721
562023
-9133953
-1311272
5243304
-4413065
6995715
8969895
-8919433
7956773
-9469265
-8510486
-6842906
9302861
-594388
4583297
388975
5611456
-7527287
-4553135
5578833
-291835
-8936804
5404639
-9867095
884932
1839668
-8528496
-5331872
695252
-6299738
-3955392
5383079
-9130482
2471711
-7489918
4382103
-2956413
1860869
2987164
-5778057
-3507071
9099087
-5790448
-7699108
3449560
2730760
3197071
9285215
6490329
8492493
5199133
-2866569
7720411
-6335739
6204008
-7359691
-2982887
2462015
-2901335
-9318332
-1969918
8437231
7871122
4140306
5332057
-8760520
-1533679
-6111726
9210889
4293538
-8490081
1243064
-973303
6360283
-7417376
4932013
1430076
4811835
9596019
6517199
-5210015
1396465
-9490377
5312155
-5210732
-8758788
356236
-3423660
-8369191
4317803
-1238280
2071857
8999484
-654959
-6289317
-2205857
-3096674
-731097
2341067
-2180985
-2877410
-7932983
-7404232
5036654
-3571364
6130624
4800483
-215698
5286782
-7703725
6582558
-4288793
-7906259
-6555308
4309048
5008219
-8820407
6632941
-9142809
-7265991
-7835199
2746113
-3682477
931282
-9736717
446435
-7714024
-7884294
4257403
-6991467
8372354
-6483613
4248704
570920
-8909164
-1621279
-2344423
3510609
-8140212
-2323843
-8605472
991657
-2342736
-6152762
-9303112
-4778167
918724
-3797103
9366061
-3206696
-1045184
-8023384
1186484
-1620566
196466
8187755
-3404343
2313164
9749720
-9522837
3981354
-7411124
-8716971
5065324
5324026
1518113
-7935066
-8220965
-4744291
7110973
6371032
6546348
5073228
9580115
-8175622
7639934
2162853
9447310
-135577
16121
-9306930
-6324452
1221911
-5861369
8592399
6544241
9893741
9732759
-155624
8363026
-8511463
3200977
1626758
1600497
444849
615137
-9664504
663252
1551214
-1972765
4738051
3812920
8325575
3857695
-811312
6513991
8402302
-6293034
-9964809
-4670257
-1803319
4321525
-703646
2908854
7128962
-4151719
-2713092
2972049
4546623
-948712
1060587
-5112728
-7379151
-6114948
4594742
-8190118
4547601
3902128
-7472596
8212412
6118091
-6541493
815933
-6011437
-5612312
-9030554
7307345
-1811407
8843481
5965291
-3398889
3694727
-7531900
-8225912
9581514
-1605961
-3288114
-386923
-4910750
-1066703
2550796
5401794
212729
1348649
299026
441997
-2625999
3242679
-3322679
486526
4644389
5376200
3469111
-3095246
7928166
-558580
6936523
-5499727
4375424
-6894872
3358367
518950
-2621672
-5274730
-4733786
5578232
-1797134
5970859
1384101
2990438
9751603
-6925563
2093345
6294835
7509773
-973176
1331414
-7193913
3320542
-2349884
4408845
-4033006
3508150
6440269
1238453
6525682
-7782314
3046731
-840668
2709438
4233842
-6869578
5917265
1589882
7975662
2411074
6038664
-6536941
-2141397
5503554
-7459549
3331769
3429766
-943087
7390468
3784150
-2397337
6055669
-4768274
-7164289
587580
7593542
-2362800
-1536778
-3342038
8352895
7893035
-8982342
-6377434
6936733
6600667
4349177
7318873
-9409245
-3904238
3714963
8192526
3875081
-7422750
-1153174
-6751551
9724045
-3376221
359841
-8524810
-3540899
330351
-6353475
6236569
9317769
7617247
9963840
3444284
5349256
-8167690
-2943780
3003883
-936565
2897890
-5269006
1655490
6907160
7903989
-6009763
-9639609
484228
-5082289
5460725
-1691432
8734044
-2010186
-5357004
-9584031
-2153461
-4559734
-7436739
-8156388
-8547766
3308815
-755300
7339868
-8516093
8779061
9243778
-9159112
-8062555
171603
-1427685
7612342
-9357692
722812
6679437
7728698
3940942
-9681570
504597
4989144
5495334
-6275884
1104717
4979334
-7226364
-6006804
-2683924
-6264978
-3763765
-1931089
9692779
-6954304
9798293
-9519992
-5139452
1485318
9910159
8690346
-817067
-7403326
-56109
-6202699
-5781239
3863697
6175784
-7492479
-3593881
6682332
-7926514
1795013
1361689
-5573024
4979215
-4058847
-4803418
9012826
12830
4649466
-3411408
8724461
-639358
-8650048
-7318339
5318183
-5445995
-3883676
3310288
3706373
-9283470
-6462722
9290303
7077618
2924828
-7892472
9767006
-6636731
8896381
-8542315
-9700806
-5211867
8747493
-9366844
1742873
-3938957
-8223336
-7469721
-7684667
-6352081
9319106
-8306941
5211048
-8082191
4746164
-3001263
1184560
-2030834
3044701
8857710
-7651065
8861090
-5558261
-4110942
-845097
5941417
2932668
-935310
6941201
-8734055
-5906432
-6373477
8409427
-5150569
-4041409
1774554
-7686661
-4490940
-6221272
-4175530
8464544
9567964
-8940906
1321545
7280158
6751901
7520877
-9722107
-1467900
-1183369
8914800
9999981
-5510754
-8239268
-2955371
-1760776
-4239236
646491
-858420
-1572279
-4832635
8096296
-9172440
1938237
5762843
-1806632
-4582715
9588847
6139384
8794925
390513
1487873
-4872605
-1805088
2015453
-5653130
9888838
-1616006
-7471630
1647560
2209690
-6601079
4129253
-9308425
-8337505
1839154
-3638784
5264436
486451
-3125923
-9228006
-9538373
2912846
2500727
-1419618
-9628280
176003
1987857
-2253782
-6319881
-8001383
-6688725
-2269648
-2399285
-8205034
-676632
5551054
6992754
-8452510
4229026
-7808307
-7272273
-2033610
-4763387
7628420
-2610489
-9916491
5377027
1653981
844340
-303643
6522977
-8856109
1926698
-7783538
-8026190
8954715
-848359
-3635863
4660005
-4937925
-5578685
-120520
-1995224
-7236530
2209351
-8498600
-6417965
3979063
3244819
-9121383
-1942329
-2933194
8517650
-4500385
7272677
-8045234
-6913605
-454796
2621377
4245792
-4103299
-4138729
6560516
4673778
6008216
-8117058
4474088
-2190260
6390870
-7814854
-9523190
-4822564
-2815083
7985047
4358459
6136104
7881560
7180488
4761079
-7235669
3915595
7635102
4601812
2670192
-1192331
-4465494
3784656
9467850
9748
-2854959
-6760700
-806867
-4283791
5676651
-1577870
-801409
-9622273
-4485905
119467
-8138706
6099965
4646301
-568375
7049788
2429881
4111898
-5812059
1762228
1416427
9552128
-4691196
7493570
5975187
5511477
-7277369
9704647
4917450
-203562
-1193318
190702
-6614970
5888841
767502
8579994
5118613
4692256
2652942
6749615
7098807
6532903
-8870883
-4541846
-809647
-3132095
2260542
-1407801
-8840626
8420623
567126
-7338858
-1185529
1639792
-6407418
-6688433
-6020064
-23732
332338
-5991747
-9570281
-1559385
-8009066
-2204456
4581116
9847675
-8224465
8368999
-3496349
8410289
453586
7729826
-7217415
49651
-3546884
-9084369
-4820847
-4481724
1182925
-2491180
-1351726
6346992
8963320
-8674212
-4575552
9310746
351208
8794454
-554477
8252153
860950
-6562492
-1789928
6491013
4143910
-7036606
7641364
-3229552
9250174
-6267295
-5583052
276378
6958208
8638463
-4139568
6163301
-8808232
-4386676
-744924
8579770
-448937
-4299215
-376002
-1679584
-6872534
-5666464
-1599288
201798
1365177
-3610994
694637
-8789299
1079364
-7965770
-6816072
-4707470
-4872038
360016
-8139680
4461698
-105934
-8382685
6433206
-876833
5297187
-7027234
-7978573
3895434
562085
1263508
-1716967
-511088
-9467687
-8396881
-6574523
-9637549
5542479
-5124359
-321094
-9277121
-4883970
-1310591
-9782234
2294581
9734117
1398005
777724
-1276023
2669264
3876254
-5623339
4942871
-3780239
7510381
851912
5920007
5041696
-3207192
-8563336
4069167
5028428
1599420
7362441
-9124979
-3051240
7540994
-3237789
-8839282
-1227611
-2268706
4618289
-3825387
5217513
2942400
988207
5352711
367915
-5378997
-9905864
-7738047
9916473
6209822
-2441652
-2694264
-7412196
6704245
-8557610
-6492575
-438567
4445998
-3117665
-3807958
-6012814
7370984
8233813
2487810
6001193
-8214122
-4947521
-1933746
-2900110
8173877
-989755
-6098360
897807
-6122133
-1859875
8934664
7724890
-3638954
-8604691
-2941292
-17859
-35855
9686949
-3937584
2886864
-6632117
-1394696
5970609
-3601773
-6787750
-2916748
-2958854
4205068
5328288
-7227075
7421055
-3625713
8027665
-505052
-826116
-4034394
-5070839
6798824
4633836
-5360229
-4435983
7567404
-7920699
1717711
-3507049
8643137
-5765319
8559724
6819814
9117148
-5175853
8731902
-1449345
5697800
3680583
-4105329
9814510
9722795
7441140
510856
-7109983
-9482211
2754351
-1110652
8951635
6493418
8981886
7305813
-8716746
8341585
5771593
7800303
-7285446
2057882
6744915
-6622331
-3086725
2218048
1868291
-8342786
-488328
-32766
-3874540
7830027
-8750740
3486324
-8576844
-9923934
-6850142
-1248490
2909888
3542208
893417
-805085
2787049
-5398268
1001700
-8965462
-2731920
-9257604
-68605
-3196
-9269192
2989978
-9616278
-8244838
393386
6514118
7137895
-7278961
-1416062
-8054731
-7551970
-9639044
-5235883
9551302
7118289
-4080143
2855593
9048893
3218950
-852499
6540925
3317921
2679812
-8103199
-8206569
-3353338
-3706575
5674134
-1302074
-2037103
5454033
5143713
5729511
-3056058
4541694
-4345649
-7606558
-381264
4548920
-1878965
-3033785
-5638633
-3408054
-8666827
-8112052
-7348981
7319323
6240962
7547332
-1497792
-3214526
3571541
-4161624
-6021759
-7477581
5036650
4581357
-853131
8533559
-220626
6902339
-4285194
9177608
6231978
-1941055
6220047
2500053
1021623
-800687
9237288
-3022771
-9294219
2562376
471029
-2140979
8007063
1114690
-9680996
3980973
3345430
-7005886
4122513
5398586
-6467626
2825434
-5125729
-3707514
9629427
-2521852
4195859
-1444633
2799949
-7132342
-4335833
-4950892
5887541
-8833349
9273289
4685737
8222507
4693044
2817256
2558782
-5461926
9722052
-307633
1563234
-8396756
2262746
4363849
3231811
-1773693
-4144911
6084315
2304048
2569670
-3443658
-7936826
-1356458
-9563769
1599465
-9219914
-2818671
-9005211
-1987170
-1168991
9482168
-8847206
-1047301
-6506251
5317761
3692920
6749122
-7809766
-147156
9548422
31576
-1044579
-6315120
3033452
4982612
-8900327
-9852012
5105329
-8169651
8157862
-5068399
-2598572
1700832
9773527
-5168443
-4893176
-5123752
8423646
-3026163
-7436972
5027545
-6578814
-5446335
-1676132
4157576
377288
-5256085
-6430751
5520853
8228350
-590043
-6500123
1954630
4209194
-4455356
-2799079
-2187592
4098215
1805710
8135783
-927963
-4345618
9837672
-8608894
9084933
-4053423
-295606
-6093900
-6115067
1326372
8557666
-2592683
7553590
8589537
-8304594
1576858
-6741605
-7741743
-2786091
-2323883
8130497
-8544689
9728425
2148928
-7024644
-4441282
-4099792
-7972034
5918365
1135571
9532331
7452309
-3688893
2428422
-878632
3863799
371417
-9953744
-3576108
-4242126
-6654548
-4221121
5143828
-9341328
23039
-6231546
-6909980
1005935
5196673
6701608
-8534945
8052291
1114330
-7476491
-5761547
2911755
-5048496
-1240020
-6968562
9068862
-3655824
-242402
-1130407
247704
7902571
-9683884
2281120
-4838319
-9656091
-7680769
-6762656
6602234
4120272
-6021865
7681395
6613391
848588
-70130
-6933810
496698
-7927091
231785
-9111243
2661953
3706373
2336674
-9054927
-7123498
-8771771
1925165
-7321334
-6485086
-8868253
-6287354
-6892795
3954496
-5662714
5609672
-109320
4342507
155874
5333398
-9234091
-7131291
7864213
3103788
8347569
1312918
237376
308822
-3244276
6040346
3771898
3981169
1661959
8971518
7232140
8706115
-5019450
3424494
-7313595
-9121733
-4712419
6796630
-3344455
1292299
-7020429
-7257637
-5953956
-8439001
-4594189
8996140
4856962
4467950
-3292948
3099573
9973597
3109673
-8284021
-4467632
-1182173
6354887
-5133913
-628757
-3945062
1907568
4402647
6067607
-9412789
8733895
-5523679
-105655
-6780844
5459027
8765443
-6464871
-2283793
-2417895
-5884636
4538605
1569716
3316242
1524898
8988517
9338748
-9072613
-554313
9341681
-5532348
7937441
-4936572
-8367278
3316104
-2022837
301638
4597009
5996813
-4237216
-731549
2161047
-9918132
-9195705
-2717405
-4074748
-1865709
-6547791
4944707
-1355521
9597489
3917516
257282
-3433023
-7066763
9778262
5429688
6535026
8626627
-3391115
3245443
-9240412
8894142
-2280251
-216116
-6962838
-4433955
-8769034
2224295
-4786149
-7364494
8489250
-6483436
-8868696
2116088
-5614501
-5373138
9433794
6680757
-193498
-3508639
-2831513
-9697223
-4548991
7569836
7172340
-2320482
2440756
6253028
4253424
3767881
3012062
5930781
-5795109
-3024049
2154506
-7530264
-3429553
-3652993
9905096
-2155703
-332113
-8683274
-5403829
3834460
-6933549
8421215
8212147
5144534
-4515771
9593087
-6311877
2796463
-106901
-6115840
5680662
-3400983
380274
4901838
9256345
2518481
8393798
-4609682
-2874247
9984474
9985686
-7028146
-3402120
-2411222
4729576
5625764
1517216
-8791182
-3929020
-5579859
297576
1024870
8494324
2436345
-2204645
-5126429
2238838
-8738953
8045985
-9061721
3373222
-4880181
-5396952
-4107936
3500090
-2200498
5888653
4719600
-8639145
-5551343
9822994
-8520328
7132209
-2959156
9346488
1276021
-6408368
3412221
-6347775
-859840
-7419012
-8967976
7327356
-8538604
-2635857
2914274
-7355619
-1951107
-617502
-6701278
2879039
9663462
1340225
177417
-7662960
-4463272
-8723838
5677175
3207320
-6972724
-5986021
-8087240
-5340708
4887066
7681390
657319
-2072527
-5367202
3270937
-2682883
8534448
6436578
1458225
9025765
-9859209
6155521
-5302953
684896
5708610
-3202584
-9274314
8197352
-737184
934670
-7524233
-8172863
-3155067
7506886
-5021549
-408290
-5334713
-9692647
-6011287
-2064507
2909579
6898997
-6418520
-2486485
-5744026
-9531659
-9193171
-4856457
-6996480
1137131
-379325
-7484174
7325342
4916523
6792479
2510623
4699327
5171402
8622186
9208267
297393
-4569454
7651369
-2311061
6218940
-2061867
9405778
-2238777
3508834
-4619827
-6607883
-9884526
-3897081
2112310
-228643
1648831
-5941766
759803
-4474800
-7257114
114630
-4207607
-9705707
8394099
-3813181
73553
-625765
2371056
-8676052
-4891886
-3119279
-7229427
3580196
-84949
-7042255
5697059
-7166490
4414093
3980426
5168954
5125412
4608158
2230255
6938382
9595965
-4696859
-5480758
-9497531
-974759
1832112
795086
-981230
-1394875
1559744
-2323714
-2202598
-4806643
8957906
2540470
3774480
-8856401
-4736722
-9627735
6718258
-936702
-3700281
6555809
-1525748
-5664630
5317053
-1779125
-1975198
9624944
8332795
-4923340
-2627908
158179
4289275
-9116228
-6383263
244407
-7588130
-3552329
-7114774
4845131
-2741630
-6094932
-1061513
-6963617
7226629
-7607795
-5728436
-1357820
4905370
464864
743477
-8830307
-1543688
-30702
-867708
-5159229
2930172
-1949901
-7378662
-9533577
-9761030
-4313438
9284214
8772801
8492372
-995839
3975943
-9313890
1711613
8744055
-6363382
-7695075
4131552
4620862
-6521414
4326590
8169427
-2980825
-1884093
7642073
4666804
-1175569
-7929360
1886052
1738418
-1135113
-5063254
-1429739
-419504
3771993
2980151
-2305743
7596522
-8878605
-8159181
-667444
7793415
-1144168
-3097939
-1805500
-6745846
6296375
5093516
1032532
1572374
-3053495
7085314
-1289065
-7798002
-5449279
-4880925
-5655464
321558
-8382754
3286707
7283369
2609108
7982460
-329925
-2795402
3104656
1299147
-2455898
-3685429
6148035
7534200
8022637
6145404
7633927
6440971
-280375
571748
3886703
-4937500
8448106
4634380
-4875691
-943697
2951334
9170648
2819713
4762128
3489748
2090409
-1801931
574793
-2600205
-8418922
5727122
-2212494
9419237
-3494795
3648098
-4233343
8933176
-4571644
9270471
2984894
-1766341
9069139
-1255128
-5188809
9037852
-2074535
6258331
-6500715
-4328653
6965570
-8912461
9642248
-3418382
2694050
4726005
9508947
1869438
444462
9423240
-1295976
9626156
3453693
680306
-5846614
-9119215
-9921008
-733945
-6577093
-4626030
5554719
-5462447
-7449904
-776188
-3411948
-2619153
-8285793
7816494
-1885769
-879863
6865134
2776209
-3431099
1095660
6361144
-8551826
-4595304
-4220694
-334960
7785979
5552221
5287879
7196277
-734158
451756
9182197
7028054
755517
-5361527
-1005638
-9065470
-3436529
6021797
3369763
-5722576
-9305078
1503300
6690374
312686
-3535927
3663515
8966246
7017045
-4279814
-7881220
405753
-856271
-7161638
1357545
4598450
-4592563
1489449
438722
6765009
-9780972
-2707373
3372777
1477557
-6482627
1134395
5684671
5175163
3253809
9142402
457740
-1762126
-6528045
7296797
308771
-520782
2980905
410142
-3147146
-9572653
-6236112
-8628096
6824237
2892319
-2398194
9598409
5263965
-6364685
-5241920
757447
695122
6099550
-447713
-1252416
1157413
3626117
-6872484
-9047727
9625867
9198455
5121961
9541444
-1184347
6080419
-7048656
-9178447
4152522
-752852
6022259
-547436
-3212110
9372319
447675
-7685383
6564290
8019484
1293633
-7103123
-1307888
-7637281
-3210002
3065953
-1754116
-455136
-1851910
6031530
310228
9480199
-8731026
4236262
-5089800
-4407420
8060943
4472350
-7853444
-75188
6725887
-4804185
2777312
-7243768
-3635886
-9414785
-6423126
-8800556
4974900
-4772513
-8479195
-4820021
-5185216
-36475
-3745659
7997589
-3993328
9348793
7861616
-5579302
-9898165
5868310
-1358503
2467989
-72987
-6317051
-9803302
2354347
6108139
-2219507
-9441788
-7780304
-5171068
2192706
-7415805
-4761599
-5600852
8550404
-7761712
8558634
-6865764
2307324
-4075827
2352134
1549433
-2556604
1481969
6335534
8478649
1949021
8688591
-4395625
-5144450
-9039782
5006442
6514784
3670676
1815715
-6340135
1241666
9576665
-157635
-7232463
-6490050
-6610281
3066767
8715610
8016651
6335985
-6081155
8745478
-1946843
8372843
-412108
8241786
1244716
5204154
356038
4478088
-6806157
-4507698
-1697456
6025912
7117015
-4553642
-3969923
-2748669
-6467932
9871836
6080207
-9388075
7442592
-5200581
-7654393
4853688
1863897
-2477241
-6597318
-1694000
-514948
-296814
-8490366
-889204
2026549
-7506644
-5779813
-2021161
-3675505
-9510554
5575555
9428475
-8680857
-5095231
-5608170
8098117
-528297
-1928154
-5773739
-1863954
-3850968
-4444841
-1183489
5771151
-6782171
9151017
7737195
-9006196
8193798
7571447
-6221978
-3330779
-5808509
382565
-3789836
-2756038
-3025734
2720000
-2493254
8022073
-9600797
-2156792
-591109
-416803
-5733580
-8980690
-1982742
-5558282
-7787007
6624815
-5018956
9171699
2150757
-9487525
-9798619
-5266814
-8139495
2224416
-9881794
4926175
-5427550
-8318884
938530
-7704271
8529260
-1413846
-6370609
1882380
170043
9765859
-2348900
6361765
398064
-9772889
1791815
-6985590
1262159
-8961927
8470769
-2268387
-1473447
3772399
884546
-523024
-1218022
-2776684
2739741
-3228171
-7332919
-6930777
-1186449
5311235
4869176
-5912179
786721
-3607412
-7455485
96263
-2763955
-4189885
-1100953
-2311293
-9701114
-1871613
-693368
5637317
7778833
7398685
-1068653
-8487420
-6924943
5057199
109365
-2446027
-6189723
1690730
4193948
-5845523
7125675
6190481
-5354128
9703534
-3613371
-3019988
6464989
-1176613
9913870
2661116
4992602
3419187
-2531330
-1370285
-2324762
-8215166
313242
8345630
8695701
-2753899
-8970157
-1601338
-9679086
-5142333
3541834
-2839792
490915
3784744
-529800
8061061
-7469166
926559
-3480866
1617888
-4063011
-595133
-3812803
-6828653
-7099233
1458153
9468283
-7720477
6708205
-4341747
5536454
4256499
-2009688
-2269929
-4131681
-7078052
-3650545
1259346
4824502
5663395
-1692531
3356578
-2577936
4681660
890048
-3204809
7465453
-1850589
-2766694
1685177
2794201
-4163270
5645166
1478127
1423140
-891601
5755197
6266396
-3364049
-1037952
2756594
9395964
-7391921
2709906
7660721
9823809
7422479
2844819
2125997
2880008
-2555748
3335657
7729033
-530360
3816465
7540983
-56133
5405031
2478120
6986184
-4631290
4737380
1838572
-477343
6363865
6365274
1515119
5663730
-4057907
6784167
-6326848
-5278654
6418905
-5802676
-4603470
-187159
-5114109
-4719671
9815335
-9210613
-1206101
-8360473
3007664
6720660
-5961211
7984784
4800432
-162923
-5160653
4705035
8580809
-6385950
1764699
-1938027
5342272
6343580
-2615446
-460654
3972171
-6879369
-3303746
7313679
-3615092
-8108792
8042811
2210381
1292484
-8908708
-8295028
-8668905
1741698
2995141
6198952
-7740684
-9919031
8715003
-2781021
2494445
5940489
-1940178
5178938
-9020370
-2767340
9435218
4562313
6233405
6265744
-2470696
-4570794
182458
-9881807
-3918381
9544963
-9798502
3392114
4535870
-5750231
-745713
-6875052
-3464476
-2034955
6749970
-7411926
9787179
-7613361
2022018
-1815619
-1833145
-3301907
-6570894
3111810
-6275091
5017999
-3956847
-6023173
-7600460
-2232612
-7006166
7971318
-397565
-5657615
-7327033
-7904418
-5527522
-8444279
-1069085
-8713015
-408302
-176865
988296
2050778
1217659
2552041
1977117
712097
468697
8612495
7172256
-9084141
2525400
-9809437
-6160819
-5280047
-6146821
5498704
3870063
3587846
-3396610
5098
-9341783
3091526
6237446
1131949
-8271168
-1098502
-9830090
-9741753
-680521
6958384
1231453
-7355951
-5081485
-5480468
1902033
9156000
-2801557
59569
-3097709
9033480
-7239610
-8351193
-2233995
-125511
1007979
-1022950
7039565
-7893760
4161601
1776178
6967034
-6695106
5428687
9920098
-480747
-2550479
-4351703
-7768987
-2454338
-7846344
-2460532
8987251
-2560453
7778533
-6389809
5043103
-5761144
-2482755
1019855
7995106
3791852
9864858
783127
2655781
2835905
2347554
-2876046
5948818
1037372
2197198
617383
2737677
2156067
-3454160
8101469
4386035
2975211
7885623
-2695856
4954600
-1937717
4526458
-560458
955288
7333022
-8045615
6169544
-8661549
-1610521
6928047
2908111
-1355126
3395163
-418354
-8505964
-6388392
-1815032
-5164003
-6642485
6631625
-7692755
-9788041
8621635
-5635160
-4463921
-1145143
1492663
-9203653
9553348
-7793239
-9799119
-3290736
4013444
-9296560
-394206
7309012
-2756532
7639370
-7582882
1991119
108950
6085371
8561963
8563912
-1332079
-6420282
2562824
-8078130
5854789
7911509
2879803
644392
7214780
-8229256
9893271
-7129809
5659962
6521540
-6665566
-68150
-278713
-2267398
-3367380
-7011292
-6191997
3373679
-8577342
-269220
-6432006
-4111921
-7933675
2530986
-7060366
864488
5434562
5393029
-4141330
-111921
2211843
-8278040
2253872
-2298746
7901977
7139436
7634752
8425977
-5736354
-7612725
-8073813
-7184238
-254813
-8365649
-7129550
1302872
6438550
-4806889
-2080285
-1997910
-2597564
7405775
-8215782
7228215
-3190481
-7559034
-7679932
-3459575
5590934
3017066
-9590118
-4550210
-8140747
7106135
5019393
3615294
-9545182
3359097
-1796649
-4002416
7942883
6330744
6232345
-5514112
4599775
634482
1230659
5353277
-593905
-1511498
-8434256
7816478
1331030
-6045754
3679515
-9853179
-9647190
139045
9359310
6906766
1096814
7930091
6301224
3198019
-4169800
-1585113
9000051
7045263
-6444256
-432323
-1979127
-2609925
-9859823
2217669
-9131743
-8716032
2293679
148610
-8067602
4302284
4266238
5140652
258856
3234978
9655960
6644282
6130403
-7320410
-9649786
-7430692
455440
-3061625
8373357
-6508855
-6939854
6369965
2670083
3327269
9329086
-3879697
-1114251
-6039063
5129234
5955830
970272
4970427
2358743
3384400
-4606290
-2640458
-1293611
5271627
2980045
9732454
-7311211
-3533419
-5639596
-1280484
1358749
-1943725
3303694
-8727635
3989044
3342317
1748774
1757085
-9603733
-8789953
9367358
-5971322
-9825125
-5529684
5928643
-3216847
4110288
9097624
8108627
-7492668
1977783
2093432
195152
8465096
-6713761
5212566
-4762487
-4925801
-932561
6345918
-6965012
5017807
-9127130
-860237
-8530141
-8879113
5389317
-6075001
-9988413
-5076332
-5606941
4807380
-4550787
-2296319
-604114
-438974
-1923738
-4184608
-6727722
-6294159
8618438
7508244
-8392807
-6199167
3016431
9499074
-7420334
-5029435
135210
9016938
7311446
-151408
-8249022
1268521
220681
7062728
3909677
-2041323
49823
-1950782
1549051
7884022
9298870
9418650
-8108769
846190
7454256
1232159
-1175625
2612218
-4327740
-847380
9553715
8211615
7433946
2956000
-3980111
6224269
-8675298
7724006
-2248184
5062212
-4527063
1139940
-6373767
5514145
8260286
-3784004
5568668
5670698
-7999976
7059481
-6601687
3756042
-1383592
5983712
-6879392
-4449827
-182805
8736196
-359916
716882
-8640127
4236423
-1926399
5355121
388128
-2445718
1116002
1453361
6177253
7905921
5685884
4807200
738277
-9564970
-7498260
-7915493
9720640
-6983721
952339
-6195610
-9425325
8266090
-1580276
9096205
-8880711
79393
-1177597
-8271352
-5527764
-5211775
4792576
-4990072
-738434
-2300511
9879397
-1800551
-9167282
4778363
1265247
-9451948
76769
-1056879
-6262640
2597907
3946230
5055008
-4368942
-3800230
-4062733
9454840
-4592225
-9361395
7347281
8426921
9775780
-5099792
3094916
-5515695
-8096256
5475995
502537
-2438694
-6102426
-6062570
-9751817
-309976
-3290443
-9787533
-8190545
3810915
4985260
-4537171
-3067438
1138603
-8882998
-7280965
-9222224
-6783370
-6313845
-1470506
5199004
2371695
-3273481
-4440866
-5594911
-4196334
-1235947
2779204
-1970707
9042604
-5264414
-5035442
-666395
-7112556
7054987
4403399
5518783
971704
-9257857
7694127
-8361186
9075221
3417533
-7190987
-3582086
-7775662
-3992878
7645358
-3755801
-8960402
6988884
-9625478
-8261079
-496268
4694589
-6284195
-9857277
2753914
-6954535
-5160405
5510498
2434517
7863089
-2997115
9696224
3958793
5674756
7143938
-6076387
6750841
-9607065
5465718
-1104424
4507509
4608654
-428129
-3207162
1601309
4474185
9894588
-4928067
6684528
2091396
-9798681
1822146
-8912413
-6175205
4489539
-9058200
123326
6813357
729334
-3177040
2863991
-1083381
8659508
-506794
3000687
802734
6644564
-9160925
-7244266
2620596
-3188031
-6947842
986361
9136828
5224251
2892363
5836596
-2879941
5161522
-2696061
-3010938
209870
-5470434
182913
-5534170
-9330157
9467041
-9670301
-8389477
2551160
-2010280
4406326
5762427
686467
7334422
-4447077
7326854
5166457
-2946840
9366853
7074812
7908164
3512083
9488246
6108776
2493692
2645660
4754568
2981865
4101049
-5492401
-3875511
4365726
-863133
-9773387
8480053
6411895
3084027
-2771126
1690873
7036205
-3941689
-7058422
-2957026
-1264501
8908519
-285193
5314258
8935617
8740197
3936206
-6613112
-9414704
-9877537
2906231
-4941326
-4282846
-7631263
-4768668
-5046347
-5983182
-9523559
-8831162
4176163
-8150009
5891042
-2065328
1277329
-2767440
7092394
8019561
5550369
887481
-4382606
697467
-987231
-4071616
6764679
1111687
-4756018
-6318663
4543535
-1782876
231657
-9069281
-3031119
9873679
-8144762
-8607606
2842624
-9329756
-5801573
-2081558
-6703658
364143
-3968681
6373672
1415515
-2623601
-3634517
5730946
-3594259
8251235
2248347
-8154890
-6154115
-5883883
2277845
7724481
7042169
3237416
4006857
-3140355
-2458698
2148915
8989946
788116
3364164
8630746
8417624
1228420
-9687007
6048604
-6328707
-9393354
-6097272
-8972819
-3586528
1981547
5791980
-9290896
-7248480
6359104
1621337
3222262
3170396
-3879925
-1809761
5293370
-6817626
7690981
-5390878
-9516047
10773
-6621507
-460323
-3040755
1927407
-7098640
-4281890
-1412540
8439873
-7073328
861309
-460109
5331420
-9640026
518963
-9134101
4826832
7413053
9489884
-248503
-6894124
2027617
-2732574
5265033
5771121
-8759599
-3136443
8656951
-6013404
3480263
2965339
8999662
-6253667
-6747429
-8883000
-6137509
-1980694
-937983
-4801756
-909661
3621484
-2728407
-4934422
-5139360
-9759598
-8846575
-5726961
2646119
3350978
-3121731
-6833269
-5835603
6015446
-3709465
-5551269
1217548
6920941
2555943
3937807
-6883779
2183494
8077652
1914308
-2596978
1942370
4739150
-9922761
405237
-3034388
9930625
-2317692
9527586
-5951883
4152269
-1966558
4595470
-4289018
-9397801
-6251246
2205355
6564644
-3649354
9967963
-8042120
-7281365
7785599
-7812817
7269749
-8616978
-4069439
-9558818
-6485053
-9417565
6088455
-8957569
-7296896
-8781474
6900196
-5821720
-1641311
-7817457
-9689078
4848540
7508048
-6367744
-8668183
661193
9150158
7227602
441619
-4952715
-1593504
-1732384
-507201
8410249
4830739
-7934937
-2862213
-8045235
-360519
3144356
1058303
4805264
-823248
5022996
892567
9519067
1493692
7846111
9961376
-6125143
-3536752
8453114
312754
9485615
6778156
-8335030
8136387
-4606784
9748712
4122972
-9604828
9001139
-9045041
996826
1216605
-1897042
-1463908
-8223645
-8422281
-3479368
2227866
-4043926
1160000
8881348
-8170253
-7064998
6053706
-5210100
-2423933
7920141
2941719
-6183773
-4604987
9924485
3940125
-5211175
-3961976
-7179862
6543915
7725891
-8044044
-2141219
4939178
3456365
1877376
358397
-1187373
6161043
-1872444
2488563
-9071046
-8256693
2679181
-1281306
4492047
2242787
2444354
4900538
-859794
8313672
-1011051
6885131
930648
-3937543
-6427478
-9235949
-1657291
-599060
6399529
4251709
-290052
-4420092
-9293028
9887836
-3219263
8056204
-5480116
-59128
557676
1263434
7304573
841888
2329948
7536958
3608512
6860036
-6635923
-8603184
-8826030
-8664626
-7158536
7420569
2688809
3399348
-6383622
6865018
-3190561
2534629
-2605981
5269466
-981654
-4584431
-2389439
-6010738
3073697
-7352424
-5325282
-2833303
-9019611
8140228
626683
-6486229
3549535
-1207461
656965
6550609
855981
142069
-2207121
2432964
-2518418
-5257250
6167533
-8708185
-3017205
-8921253
9494875
7737933
2194599
5411062
8682408
653864
-5303999
5103531
4997824
-9200990
-4545335
-6702955
-4252983
5814013
4904223
8390498
-5446997
105124
-199530
-9784327
-7891567
8218193
-6936368
-591323
8397342
-6604016
-5127687
6212807
-9460948
7980229
5982322
8949196
6190138
-6671201
-8145817
-4678445
5823621
3728420
3973174
388455
-7553443
6767362
-8713230
7665095
-18418
5242362
4547160
1243133
4273603
-9501613
2676868
3037377
1344264
1806909
-7779307
-3149673
6339465
7951315
2540367
-9439254
5183472
-4692775
-312319
-7997691
-4512018
-3493739
2282169
9862189
1483141
-7168683
193420
-5834737
-4631520
4449282
-6994093
4874277
-5569025
8681009
-6557841
6282824
3658303
5461120
-4770893
-6332469
-4396351
1171554
9460917
-1911936
5679126
9531792
-8164953
-3534013
6856499
-2186095
5456460
582372
-9959362
-4547515
-1853758
5120958
628990
-7969609
2664077
-5377733
-2650198
-1057430
-5997588
-4106086
6656764
9627459
3828363
-7725469
1241724
-108092
7121483
-2539505
1382272
-923338
5313456
-8648929
-9842191
1633039
-1275930
-7419115
909653
6356782
-2470138
-5096372
-9434965
5516447
2272641
-5360697
428686
-998319
-4629259
-1406638
9707365
3451299
8796624
2291249
-6812158
-4665669
8484034
5067883
-9560550
6180431
1588228
1720186
4793225
-7498987
3776059
2279861
-3762960
4014507
7638488
5887477
-1567652
-1779069
7755169
-1956843
-7075262
-9956206
7145365
4696014
2221345
-1029481
-2513864
1338895
4782000
3974758
-3653802
-9649655
7039546
9779952
-5343902
-2790825
-8656497
3556734
-4218123
1814256
9739171
9874468
7443080
-4299362
7110582
2637783
6893281
6727557
1145114
-9062331
6094790
3101438
5254675
-1643151
-4844605
-4931853
7881203
-1517431
2558910
-724175
1428583
-7013859
4227402
-2987094
-4878660
1356861
1895361
-3003502
-8758843
-3115614
9657806
8553749
-5173956
-936504
-2928664
-6120605
5692110
381846
309202
5625952
1249172
5982785
9525990
-3874535
6597328
-2182921
9261658
3278665
5830239
-8308790
3469337
9032895
6386669
7295884
9113607
7097967
-9704346
-9488917
9306593
5540039
5744448
5437839
5330740
-6704147
7904891
9338925
-8806370
-1854927
-4174744
-4170396
8954834
-7637339
-2017433
3056802
-2274670
2029357
3118380
5140034
-9900227
-2233504
-5531367
9875390
-9329466
-4887340
5914427
4365309
1577241
-327047
-2395098
4395244
5518312
7621217
-8638499
4522077
6902560
-2801254
7671989
2102646
-4310935
7405983
578071
242608
3057539
-1016203
-1959850
-4140892
-8571686
-5041981
-501620
-9809594
-8757907
-5801271
-5203428
4232054
-9082514
-5336880
5617392
-3359003
9973827
6092663
-7734345
-7998922
7753813
3204190
-8486056
-1759063
4183880
-3727538
-4748259
-6802640
-3045284
1705581
2963885
1996394
-7528218
-878797
4144613
4922339
5759854
4653608
4655235
5303439
2056124
-9446407
-366853
6646930
8549448
-4257408
9670714
-2157794
-9855810
8115446
-1551193
455309
-5683433
5675360
-8377519
-241108
-1872019
2150961
5415382
7238017
7836196
5304185
4895915
9625508
-8845818
5943657
-9320379
-7193389
-4911901
546105
-6343462
7450802
1841039
8744983
4053375
3766982
-1855973
-1028331
5768731
-4410941
4988290
-2985709
2621619
-7289819
5634939
-7265775
1674197
-5891947
712726
-1265835
9950450
4915319
-9391666
2610053
1729735
5817054
1028345
-2347334
-302225
-2469234
2860634
-22871
1648153
2140535
960212
2035267
-8004277
-2035771
-6583369
-6111512
3087844
-2476855
-8074028
7614900
-4746583
-7970910
-7196275
8169084
-5295487
-2420821
-4082068
1675470
2886164
4679120
-4506031
-4853938
-8468732
-6321874
37114
-8442637
4203955
-169949
-6714518
5158410
5618049
-3100909
-9980716
636050
8276198
6460190
8009366
8352711
4870498
3321795
-8316981
-5778556
-2346154
-1301936
6948543
-5092106
-7844864
-9333214
-972427
-6095168
-1228980
-6564035
5747187
-2484069
-5978928
5979382
333978
-7411617
3186862
4145411
-1674633
-7818337
-9328876
-1602725
3947980
-2317914
-1703016
2663158
8757736
9593468
7766985
-1578712
5236081
3933623
2690071
-460638
-7566726
1055529
-7954708
1766860
5142938
3695944
6864006
3190280
-7075006
2276811
-8539128
-5114418
8712123
5570687
8339902
9615166
-895559
-2638996
-6455008
-2239792
2280148
7358613
8591717
1829850
2761160
-643989
-8763744
4782312
-8065603
-1184628
6178708
2365271
719981
1975453
6452814
-7505986
608005
-313891
1078685
-6699848
3133011
-1084551
5184549
4687247
2068406
2308874
-6330589
6010011
-5492166
8770912
7844786
5751402
-635591
-886688
-6498669
-1056673
7473978
1359907
-667367
7551671
-6000251
763161
-2103383
-5904827
2835396
276501
4899032
-2998661
-2853593
1697022
-1583098
9253526
712918
-2534488
-49454
1640740
-2432163
-5898362
-5446627
-1298381
-3907533
6701762
-4380634
6721515
-8549528
-5086793
9115283
9831905
5584309
2308879
4779755
-2027768
-9673636
1021852
-2817168
-8470833
1415166
-26572
-104734
-1819906
4770031
2498793
9673811
887738
-5813119
-6109623
3538137
-9946351
-1856425
-8127160
9452459
2374574
1514575
8311331
-5816787
-5907710
-5019975
7775586
-492826
5317888
4214700
-2896339
3778344
9175316
-3907079
-1518611
7118897
8341888
2237786
-3045885
6654755
6655408
-5234034
9234689
-3630246
-6132990
9889118
9470432
-6954775
5154238
-2615369
-7393030
-5421342
8084866
4629959
9963663
6849374
-2063214
4092667
-5144250
5709417
7227881
7031292
-1214726
9917175
2415740
-4370593
7008464
-2183025
1942418
3301130
5217275
-4557804
-5888459
-9046056
6128109
-9837417
-1568168
8440177
-6341368
3921512
-3637683
4044631
4291747
8480975
4041748
-8290960
4109809
-7445063
-5260932
-8249257
-4995661
4499749
2413615
458607
2587387
630446
9825245
-1036562
-716547
1337393
1498576
-46995
-506793
-8069434
-1811806
-2314848
-3216879
1972636
1860264
-2045601
4150798
-4733882
465449
7252284
9125779
-7236890
-2833131
-5276328
2787069
5192584
-6821568
-8250249
-3819693
-9679406
5251690
-5468048
-9104324
7427475
2627537
4492555
3613585
-3346145
7590682
-4532266
9529352
8610431
-3984709
-9270541
7277414
2833881
9434531
6755545
-9621806
1030076
7910028
9951894
774481
4682141
5821286
3578907
-9795597
-7684912
5124888
2702453
-402737
-6408828
-902186
7869165
-9044200
2190341
-8149995
-7056680
8824772
-9607573
8590676
-6375611
-6866110
86459
-2194762
3279542
1673074
9891649
2285116
2523745
-415390
-5552066
9889233
-7546946
9535473
3007515
-4423819
6558626
3395092
-6948880
-9822356
335631
-394990
6527879
7585895
8457233
-4458819
3397174
544066
-5796060
2646819
-2119920
-7396077
-3604923
987974
6472833
6466537
3452183
-7498049
8631238
-8898403
-8962078
5618477
-4001476
-7562980
-1706860
3162375
-3538940
9332578
-2136895
2011467
4620883
-1905362
-8637138
-1932236
5251866
-2816733
268143
-2364772
-8612434
-5107273
-9445978
6497149
4202294
-339473
-3741635
-7293104
5689844
-9533485
-531974
4564867
-571225
-5818250
-3881849
5555318
5643048
-9721103
-7634948
-9691496
4286070
9977814
-3586783
-3944760
458998
2328271
3489874
6811414
-6689520
-3098928
-5543863
-2918652
-2894121
-9412577
7240557
3221288
-6582261
2774042
-3202080
4630241
-330029
-4143888
-9403720
-3721652
4442285
5145996
-261503
-3806799
-1912540
-943868
4918713
9229492
393761
-7234764
-1456898
474388
3161607
3779101
-9778204
2770421
-8461601
-9797642
-5568366
-7606322
-408852
-3758056
-2469228
9439826
3173485
5668196
2349115
-4656667
4353960
-3811361
2327908
-5158427
-8082785
3193149
5915126
8207166
1715934
8606562
2768747
5260783
-1075074
-6880359
-9401290
4527782
6585477
-7603805
-4591043
2231905
8112435
-822999
9090336
6574376
672171
1333367
6203957
-3610762
-5212958
-4326933
-3831752
-9495497
-9681744
-2339956
943864
6195814
7181500
7957310
8537877
1967499
-5727644
-5697127
3029833
3455581
1776488
7934616
5115151
5350778
-5159481
6696526
2596391
-8055574
-9433100
7025692
3333301
-5456508
-454797
-7864950
-3304256
-8633944
2783154
-953055
7949756
9131578
-5296532
6835695
2061401
5702843
-2109273
8266530
5076694
3950949
8785103
-6261852
1408382
1651278
-7647678
2971445
6976340
5830043
3399092
3228975
-548618
-9730056
9369819
4085180
1797554
-3048670
9066754
6626141
-3665343
-9564683
7436515
1855522
8315581
-2646504
3608379
4503895
-2851606
-4709578
5389640
5996529
-8444291
-6967309
5108647
2646703
-4205759
-526782
1926919
3774204
3089536
4832825
3890177
-3682817
-9644680
-3372056
9758808
2607061
-3796217
3202348
-4839080
6463078
-9720966
881957
7081013
-5682010
-6917246
-9328438
9348723
9659271
3236647
5839615
-5956389
-7628892
-8522452
-350932
-8172227
-7016237
-3238118
7886454
-6615882
-4868809
-1799614
4152252
-1821696
4401493
4970036
9862740
6543000
6941534
2195361
2091837
4126343
2784159
8373137
-2249839
5516866
-3890706
-5029980
5551684
9994222
-7756063
3620977
9284747
-1583037
6932761
-4873079
3618131
-5575667
-8427011
-9867347
-4298879
-8777393
9193778
8109463
-1030147
-5382976
7884242
-3934188
5291937
2369174
9897720
2705131
-5520100
-9213609
3610463
-3991708
-8180358
-3228886
1394918
2782273
-402543
1226320
-9484742
-4607170
-9206941
-8061053
6879851
2445234
-9795085
-2424083
-2453543
-2636833
5423434
-1251554
8152922
8110053
3824338
1686677
1169288
5529008
-292230
2693757
-9103769
-6922584
5335548
5800241
2090575
-602168
-3713073
-6598869
-4467130
-5699769
5555332
-8586020
902034
-3327630
-7657550
-9028987
-4735697
5128720
3903783
5733854
8473689
5841105
-4813619
6624683
9427838
-290504
-1863371
-5232594
-2930821
6424097
7530057
3816867
7828435
7614686
8693803
-2999688
-9081603
7069404
7270664
-5097712
-9024908
4304485
6073626
3504723
-3916660
6596111
8717518
4743756
8576794
-4212264
-8464188
-772482
-3470440
-5559618
4819316
1552317
5346146
5875502
4029395
3526872
1233784
6458148
-7975066
-7584086
-4908569
576932
-9446575
2879763
6327222
-5658283
6720726
-6558439
8618359
-988658
-6126366
-2556536
7884813
-5271139
-6720684
-2809830
-3280808
-623695
-3474024
1455363
-9621481
5964374
-1581669
-325941
-6554647
2574241
-4071961
2941067
-7897047
-4841964
4728749
320341
4106760
-8238368
-74572
-5527692
5212555
519962
-406296
4797168
-8644021
5559163
-3406835
4539029
3924480
519372
-8395549
5538977
6781379
-1529977
-72981
-5689461
-2427516
5833725
-7709186
-2974020
3278037
7852815
-9956884
8687742
-759789
9809709
-7853278
-7644780
-4986111
-7500387
-4480549
6516669
2073184
-4886722
5465400
-5275134
-8760605
6112043
7824761
-825645
4624784
5843162
-5024051
1249951
7407406
-8762980
7813368
-1687754
-3908458
-650505
5566202
4406572
8237307
-8569504
-9896807
-427365
-3171151
3576684
-9089384
-3376650
-8782070
6847837
-6996370
3892044
8802378
-2072734
8194739
36327
4168076
-4189883
-5306402
2617751
-3003313
-5102284
2162720
3361322
-9496141
703828
6884910
-1036524
-3477609
8688537
1611215
-1806756
3126452
-6441641
-3729870
-1280275
6913741
-8949433
-2583502
-2793296
-3306080
-7596945
-6040629
-5429374
387998
1672368
-8544752
6881171
7871726
6572822
-5126018
-5374741
-4939014
743011
-1679558
-1380167
-3388594
6399702
8005421
-4783988
-5300484
7931856
2345142
-5421599
-5462527
-1062772
-4557183
5168072
4673704
7707602
3789225
-1805073
-632961
8274308
1300322
-3955132
-1002209
-9436751
-6681910
-2884940
-6729475
5704290
6352377
-992459
-5230670
-4145541
7691883
-3725640
8683136
8852253
1756887
5819133
7314582
1862897
1200419
-9908382
-2216062
6871882
-626771
-1049141
3690514
7836713
-1718739
6473441
-196117
1004789
-7645581
-9924353
8439790
1024978
-6243132
-1600952
-3993208
-4785556
-1731317
-2551873
-4827751
9763802
-2506133
-4028419
-6234444
-6027227
8096682
3830964
3788654
9484115
3370837
-9415872
2735724
-1147039
-4037408
7845780
3529318
-3189907
2049006
-4062068
-6822948
-2966361
-8076517
-8708298
697993
3161998
-8799534
3922219
-7063109
-4446574
-4970793
-3852439
-3587734
-1672554
-5975711
-2980443
130542
3607131
-1422264
360365
942917
9088799
1575121
-5770916
3704583
-4711384
9750423
7038182
-119402
3976518
9915680
8481396
-1069348
2837974
-8426444
-9140035
-3675373
4434577
-6882844
1658578
6759213
-6584576
-9376310
7380203
-5550911
3515454
-386708
6367846
-2376794
-5188555
-6206006
9336999
4946976
9722766
2781623
2698485
3688956
913548
-4560631
-4612351
2415818
8265849
-9191416
-2296085
8660000
-8728344
2749832
4797929
-3747355
866244
5532141
8835287
6179736
-2973429
-568307
7965839
5303493
-1331365
-3512102
-7744505
-9989514
9876409
-8517966
9217458
-7819543
-7238722
4059257
-5028190
7726779
-7637495
551041
-5418012
2686822
-837383
-8975610
-4170742
-7987389
-2005630
3414942
-2113668
9839021
-7864253
-8909854
-9864728
715761
1456891
-1105427
-1547910
-5978723
-268425
2301363
-7094038
5557399
9065393
6058101
2701389
8150846
1825192
6593275
3231086
-87732
-6567126
5608613
-354604
8902228
-5373580
-6501304
-4411687
2348280
4454241
-3685259
-1061301
-8003267
4408229
-9453381
9911067
-2238768
8419146
-1488746
-1388761
-5125828
8888630
-4134442
-5854205
-9408460
495569
2370418
3195357
7899881
4765092
-1553702
1204440
524408
-4478881
7883218
964564
3506642
7661629
-209351
6999824
8380933
4119989
-8566247
-2922283
378626
-6451560
-6742089
-7086111
5536819
4543331
9311394
-8329755
-1030630
6215174
-6795300
6687406
1929837
9360413
-5005732
1800771
-7441405
-5185185
7682927
-1495657
-1546342
-2339743
-9319680
-2970527
8326722
-9414968
-5429228
-6323360
9677330
-7099927
-7815900
-8102118
6619170
-8161727
-1786915
-7166337
7972660
4181513
-3004697
-3022127
-4126294
5399282
-4761472
6278685
8033970
-385662
8991401
-6989198
-2283520
-5237973
-26857
-4218867
2914614
-8079065
5297742
1181227
5446856
7259549
2273848
-1674984
-7237592
5725217
8054461
6568643
7370439
-8201183
-214049
730300
-9621469
3402290
-7595331
-8211581
7084945
1265346
-6634988
1038555
1799639
-5120136
-693661
-6809969
-7412956
-3259329
-2778553
3846224
-1641781
-7017712
-6893899
340609
-4561008
7278896
-1134409
8536625
-8687655
361635
3033042
-8221240
-5850332
9208278
-8394881
2572877
-9773721
-9902996
-7310192
-7368273
-3028812
3614677
8650094
-8039043
-4954730
3395652
-3214287
-2177857
-6558161
-1281450
817537
-3355956
-9416420
-6524790
5432224
-3583629
5237850
-6665110
-6324104
-3067390
-5611834
3310645
4356569
9216430
7985301
2359181
5501466
5819088
7713696
-1765609
9133590
9969839
-3024428
8115956
-9874482
3133520
500791
-1491424
3063001
1057271
-2441935
1789946
-9621105
4043150
8826789
-9119849
-8250566
-4990550
2117321
-5755774
-9193701
3986907
9126969
-8454877
8919591
-4611073
-8763725
3301528
1281919
9427203
1025216
-4142725
-6083322
929529
7893367
3584324
9140094
-9474488
6245054
4621517
5025143
2346443
9965366
-8601705
-341429
-6471756
-397148
-5409733
9953662
7002276
-2295547
-494051
-4660794
5190127
-1869232
349545
2190630
-2330398
-5352377
4089390
-187057
-9088810
3002224
9960699
9301751
-3000805
3801076
485537
-249979
-3764665
8195174
-6836982
-7601838
-9731183
-1547348
9323467
1142272
-6755197
6577644
2245241
558127
-1318962
4187404
-3415742
1244144
-2372349
877771
1561345
-5685543
41045
5131261
7657326
-5764091
6503910
447141
3707297
-8481917
-3617356
-2605042
5036555
7353562
8023720
2254815
-2041968
7449652
307385
6867121
3189678
2134659
1514610
-8752024
7227389
8773293
-9355322
-2762972
-9365640
-286126
-5434645
-7362303
4326845
-6436766
-8914069
9866254
-4850313
7268486
6903634
9327224
9676685
3506346
-9492637
-7971707
3858104
-3666414
3740485
-1690937
-1999918
8928339
-3555692
9378403
4263304
-5765836
-7677501
-324614
3201875
-5591669
-1040484
733939
-4018536
2327668
-7478558
7627781
-9861381
-1762113
5978150
4148356
-5341644
2227837
-353652
-7001727
9670679
2676597
-5411368
3414816
9220314
-1490563
-2422404
-6371463
-6010530
9517021
7575156
-3375598
6741615
6793094
8904649
-102790
8923828
2927665
-1293485
4830080
6419048
8340685
-6515381
7561601
-327824
-6666944
2251229
-2436651
-8276003
9748751
6061191
7951382
6399339
-9692649
-4502295
-9599743
3019410
6374670
-247371
2068148
5302732
3935661
-9526588
-5011105
-8237553
8228946
9822328
3451872
4314160
6680486
4786536
-7831544
540579
9809242
663157
-9703359
-6981587
-4638637
-5285263
-2409290
9011644
-9998760
-13814
-3040523
5094296
-2282449
-4869949
-9298594
-5988144
4902081
-6477563
3063207
-9801681
1702175
-8409905
861107
468511
8269563
3534306
3419860
5578048
8336847
9853979
-1460250
-3596745
-7896994
-3016829
2754122
8116641
1894494
-7464471
-6259809
9704113
-8874410
-2865908
-8235407
-2401493
-9474780
3826704
2024283
-9500248
9810193
8605783
-7559687
5355567
-4383471
-2224992
-7500290
8870725
1323442
-5837865
-8798481
6960850
1429466
4267938
-6009382
-1815025
-7572764
-6458766
-6781026
3530280
5042014
7420051
-9676016
-25548
3779023
-7600027
-4397013
-3855491
2099081
1890160
-8633526
-9556002
1176893
3491220
-2692832
8732056
-7591248
6733733
9940303
-2198763
-5167450
5729305
2240949
-828044
-4226614
9179464
-9249036
8213179
-3872231
-9010841
-3800496
-6123125
8776908
-4396083
2732531
-3251910
-4910397
2987757
4039888
7102450
7474500
-7625356
2071886
555621
5543190
-6435119
-9448581
6514856
-4159666
-9367764
-8625613
-7704756
5095261
2532833
-4749300
-7395960
521916
-9816100
-6863828
7960687
632707
6849054
4064555
7914679
4634692
-8766203
6462788
-2224105
482148
7956229
2452272
7883234
8571416
-1004716
7495410
169445
3915567
-6553667
-5392531
-5359865
1626707
-4040084
-5942181
-5235465
-3619888
-9781470
3255388
5502007
9279243
-1514555
4240499
-7644837
618917
-3553422
-1553729
-2724483
1284190
-6418756
1178792
-9618252
6059541
4540286
8372051
-1670259
-5066072
-7392497
-9264268
6353738
4522223
-8831211
3709044
1298856
738492
8060038
5276476
6082222
2386595
-5362978
-8595959
-6367121
-9715578
-755120
764017
-5691428
-2432578
1654314
8502472
7422801
9386950
6504783
4634354
-1677152
-7875215
408199
9261710
5622162
-1109442
-3400498
-6297989
9252938
7641781
4641048
-5819770
7630808
7498446
3279919
5428106
7580029
-9638598
6349202
-9417134
5925512
2313525
1323194
-4160512
4822164
6339835
-348372
1446831
2028407
5409680
3570019
4800936
5436420
4255621
194323
230828
-9993730
-9754486
-3416545
6404495
4530898
9177525
-1839387
7715210
-9086529
13212
-9030944
2855550
-5751777
-2581047
-2654821
1293306
7558661
-6002589
-8843657
4146563
9413977
2387855
-3790779
7910250
9755718
28232
-3412618
3840590
-8670979
-8800937
-3990623
-1596006
5271365
7294591
-8275824
6474474
6840388
896348
9357065
-9700358
-1965190
9880206
1071736
-388873
4204903
-1890080
6990884
-6516378
-9621714
8763840
6322408
-304071
-7981405
-2797953
-3763491
-389228
-6359429
6732342
3776915
8170609
5327445
6637591
-2620768
-6127076
9165656
4884146
-5525230
-8729899
723879
7375777
8502699
1774019
-7583688
-7930832
-3497022
6528505
-6258702
-5427661
7295082
-3205822
-3129906
-8691968
-4158740
7405880
-3877577
7686156
9346005
6436116
4966013
-2017466
1772278
-1514878
-310899
8969711
4245014
7084707
1092863
-8008752
6266917
-1371759
2938663
1021590
7522571
5839200
7918076
4169313
-6822107
-2528949
8538350
-1026532
5677824
9491820
-8565584
-5525327
8503506
8997122
-4333255
5774927
21767
7695129
-2210364
-8753611
-1120552
-9408848
1228422
5665104
-9963568
4811429
-9204266
-8543090
8292313
-4611712
-4519067
66880
-7862041
-3549727
428980
4143546
-4000627
-4895326
1181399
-1083328
3469297
6773126
6908140
-426803
344062
-2263981
2055414
-4085378
-5730515
7068846
7996637
7975964
7903608
-1845016
2155953
1828140
-7305659
-1724
5386056
4875913
-1648092
1786204
-9199304
9516866
-2673959
6900599
1815646
-1261981
-8410652
1987282
-3259908
-4222893
7249858
7552525
-4118071
-5342316
6459443
-8269565
4223713
-6299115
8161243
-3914973
-9678275
3389114
-7478995
-2658513
1898431
4731622
7320358
3534517
5509483
9154095
2314451
9384976
9995658
8135398
3344914
2212245
4815522
-7374927
9931909
-4236128
-2631535
-5987272
8550289
9680140
7451288
8899722
6140600
-763693
9286323
4772333
-3819120
8625507
6995514
396006
-1490105
837364
1075863
9218750
-3173051
-6900191
-2009530
9403029
6208895
1827109
-7387774
6833745
8864860
-4410445
4684281
1874771
-5560109
5511255
6757371
6379690
5510106
-8635694
2547950
3072866
-8183706
5572075
-8545861
-3598829
9559375
-8070330
5911283
4182421
63677
3320873
-3294665
-8638166
-1875141
-1810228
-958227
6618056
-637264
7837337
-2478034
-5664449
-8802777
-6694761
6293754
4420067
-9918447
7601776
4803898
846142
-9360508
-2143829
9379540
5437246
-2708217
-4852195
874959
8743433
8147365
9517500
-4279525
2547305
-7912423
4643396
8613568
-4832969
772826
-4502725
7504730
9840852
6131471
295608
-4558111
5165980
-2331392
9000928
-4698469
-4658264
-2735654
-7057487
359904
9477052
-7955171
-732488
3401139
-745587
7007236
-7776239
8832478
-9335455
-408245
-1562229
5754216
-5259061
8477035
-631797
-1069716
-3040400
6800104
-1628747
2910858
6934560
2274835
-7705079
6990665
821479
7639679
-6474382
5334153
-4960350
2459521
8891768
231323
7736088
-2825958
1024812
-3516559
-5295585
-2120798
8350725
-9562457
6341087
-3598634
-8530642
9605777
2764617
1517691
302311
871380
8676344
4332991
9699996
8572559
5683912
5110109
-7032048
7216288
-5546759
-2613690
5432852
-8448994
-1911105
8822225
6666417
-2539708
-5364502
-9559092
-2549523
7807463
4895426
7985142
-5498505
-8746397
-2195373
-6116338
7958073
-1251838
2268376
-1707883
1026435
1374301
-396743
-9730975
-1248892
-9405679
7253279
6623234
567377
-1294575
-6021913
-7783528
4916386
4905146
-5899854
-4994761
-6166794
9457455
-275562
-1272074
467467
-5959097
3460713
357058
-6649388
7585684
4557617
4198643
4283982
-6610340
5133844
-1754630
-9097072
-3623616
9973660
8500378
1697200
-343766
-1277107
-9352164
-240063
-1950717
-8271949
8391038
8073839
-4474863
-4636799
3895949
-1459451
7494192
9212151
-5712765
-1924285
7084948
-1097577
-7347952
-2491535
-4622133
-7499688
-5789712
5179288
-2253750
9671645
4707090
-6910854
-158633
5975270
7386148
6253603
-3570260
1271007
6248919
-706444
3225745
-2879374
5874776
-7534767
3888688
7871777
2026138
-9766538
3742894
7745006
6712268
7688636
9619847
-4401315
5921847
8213
-1830250
2405614
-7600
-430360
-9459758
1960531
5256555
1184993
910093
6128892
6990641
5968930
-4700305
-9761193
-2602086
-7429437
-6222674
-5992598
9667534
-8013779
2030690
8463905
9956702
-3798592
-8943726
5380822
6533092
-5366885
4793333
-2073795
8417153
5317079
-5089154
5648765
2887034
8040299
-9898319
-4694318
3514111
-9521534
-2847380
797581
-9836258
6978280
-6010976
4387078
2268470
1244746
-2322251
8410750
8617236
4292021
-343239
-4907685
-5114374
2573234
-1050214
-3251349
-4874889
-2428085
-2933
-3187334
-3751348
-7685100
8827309
794542
8169710
-3107475
4377041
-6300094
6058546
6454186
-2300505
548007
-2391290
-6048653
-1657997
4882733
1939343
9406462
-1019084
-3355447
7705671
5962082
-3702710
7587949
-967039
-887409
7755614
-2740205
-1191813
8151879
-7948340
-2940443
-5701529
4005895
4907488
-5698257
1861537
1562767
-2587877
-9467535
-658010
-101792
-5944072
-9864945
-4188465
-5523496
-4536932
-2929997
-8566413
2817794
-6131150
-8256936
-9303607
3583841
6744914
-8708552
-6881441
-7928686
9492326
3920610
2517277
9346558
-9571283
772912
-1639401
2393653
6266841
2987021
5167490
7835278
-4171641
7532198
-3958177
318429
4190256
463885
-3227972
-1170595
-2971139
-3585293
83575
4180172
-6668558
1684079
-6826929
-4512813
9589226
2694863
3386101
-5598111
-2438859
-6593459
7429397
-6988486
-5005331
-6398649
5190381
-2548143
7804396
-8750946
-7394283
-4551651
1182695
-788854
-264902
1896667
-5488551
-5763005
3671112
9384510
-5010509
3340179
5388762
-6711815
-3269555
-7972139
1761150
-6859081
-7531185
-9863950
899296
-9577876
-2163224
276357
5672054
1222513
6624158
-1279965
-3393836
7637507
8878439
-9602094
-5135202
2541943
9275594
-7061826
-5460539
16170
-5653920
811821
4756118
95592
-2021074
-8176899
-7739316
-4155616
-4664589
-5578037
3377457
3174295
6353688
-7896347
3937506
-8406063
-3977182
1463925
-9315401
-3404060
4598266
-1610077
-5757862
8172524
-9517076
-2340046
-7549220
-2526472
-3446432
513372
3177436
3355003
6660147
-2764092
247908
8154367
-9009878
-524501
745812
-2654413
6153015
2957415
-2308702
-1924813
-5093060
-4296444
-190465
-6649713
8812717
-5796396
7086846
-8251124
-359754
-2849416
-5621172
8745375
3122173
7998899
4920171
1187655
-3202651
6845830
-6393581
-7983585
3286351
-9582454
6710036
-3606339
-3781920
7092350
-6831223
-1496939
-1722745
-6788279
2288496
6183222
-5398593
-1442792
4473211
-8833459
-7630898
-9025852
-8098523
6023199
9514247
-4578900
-2268657
-411250
977405
-9307027
5779959
5260116
-9391115
-1174570
7096154
8366754
-1585186
-6573792
4062314
9468941
-4308895
3600552
-4307183
7025191
-5158752
-7774616
3967804
2187803
7746199
-4902405
1304907
-6210173
-5598239
-7407590
-4981410
-7885385
-224282
-5451551
42175
9104716
-5961852
-288896
-6656581
-9977704
3820893
-9143356
-2024421
-3921432
-3061182
5190234
-6918064
-8018227
9521437
-8532248
-4524863
3536217
3557085
3092182
-8609971
3218329
-9118472
6719330
-6375661
4762820
-5218575
186587
-2262240
-6043765
-3197880
-6128515
9932827
7429701
1508371
3282372
8241169
7525675
3624223
6080886
-3340811
-4381058
5486074
4159310
-9569133
-115090
-4405857
-2197323
-240644
-5975991
273635
-1069367
6535105
7194560
-2092072
-6232743
4403918
-3552827
-9989976
1271793
8430468
3359176
-5293268
8952156
-6041910
-4740733
-7308292
6887841
-3576009
-5796212
6767460
-9068935
-2255695
-1039973
636630
2016118
-3736416
-721379
6752691
-5623682
4547825
9559040
-3536610
-9378324
-9891163
7223165
7681412
-2825877
7887196
-4439719
6603528
6013529
6754482
9280286
-7713718
4952886
2129069
-344796
-5957437
5423711
4496051
-4247249
-8569532
-4123505
8693449
4454376
7627935
-4889528
-1066111
-650429
-2207177
6828883
5234942
-2488977
3890153
7151409
3051800
3224084
2262487
3208986
6246297
4470908
9949294
-1867248
7602110
5495726
5114065
5116166
-7354017
-2736398
-6248724
1579551
-9393481
5738794
-6515617
-3687258
-7618944
4957142
-6564380
-3043389
-5816326
6303063
-2378966
-1934525
-7747366
731353
8524563
-9955540
9832070
-757896
-9357896
1718390
9764733
2198529
-748160
6050450
2280755
-9476354
9163997
-6717413
7294246
4178639
-3211400
-9243962
-2854896
-1074435
-1259371
-4816571
-6283640
9116592
-1937888
1833857
6769254
8535141
6727227
2995971
2024077
-4258446
-8574251
-6450249
-2831722
4501597
-2407228
-9489437
7691501
1804757
-4425186
5998901
4540709
-5295689
-3367784
207713
1845727
-517477
8390296
7144223
-9289128
6631720
9658378
3100018
9788762
-2514101
587160
2511187
9992845
-5114169
980649
9732575
-2411922
7453298
-7350559
3212461
1374066
-960762
-7071943
1746166
-5300925
8964478
-4975859
5157953
-3049239
-6083475
-6245988
-6514522
-7271816
3453395
-8020277
-8867551
-8810273
-918605
7919359
9613863
-6763234
3647953
8814726
-1860305
-1301377
7825396
7647678
-8786181
-4132018
-2892754
-5250563
-4376990
-1669680
5217710
-3002159
-889929
-7462369
-5413501
9513962
1961330
9304445
-7983838
-3555197
-3524151
-4626077
296885
3100455
2895540
-4471043
-4518534
3642797
-5451347
9942477
1453884
6677865
-367533
9694970
-6996281
6180790
-1601588
-637355
-6442106
1049210
-2065562
-7377817
-5771817
6409524
6601511
-2571839
4764320
-2000514
-8166786
-6871940
-6162340
-1713259
1923674
-7597244
-1005142
3457502
7241619
449284
7846823
-3905001
3464380
770523
2490518
3570073
999035
-2713095
-9265758
8850133
-5274506
7442777
6725644
-6069235
-4884278
1778743
7423730
-6195612
-4479544
-1537259
-4146934
4835504
9566317
-2036031
-5799973
-4724431
-4366475
8861566
-303551
4692205
7399346
8708114
-8393804
-4068952
9911903
-712081
-6677663
7237868
-8143439
3792769
4554451
1320816
2608211
9180001
-2402508
6039435
-8481062
-225708
-3334496
-4122388
8018016
-3085366
-4078480
1528665
-9639001
-741696
-6337575
6064035
-5049940
-5922791
7562290
-4344073
200100
-8728943
7536233
6895294
3656878
-6529048
-7143534
1302470
-7378163
-2305900
-6676318
-8399709
-9226712
-2359119
1331310
3194055
-8789009
-5532553
4306928
7897973
-6001275
5442487
7354190
-5100949
7795480
2604574
-185997
5011248
-4943875
-691925
6225206
8958004
230339
4889499
7736894
6420285
-2309143
-8646131
-1455605
4096632
6432424
7950465
5268765
-5290470
-7830704
-2493127
3645952
-1687113
-6691547
-2668328
667928
-3734750
181536
-667495
-733119
7542849
7471376
-641029
3881137
8679524
7054135
6390884
-7557482
2653493
-2874805
-8729452
2321538
-2390129
-2782644
1572354
3411932
-8346474
-1454467
-6623937
-4242648
9258205
-8960715
3626511
9692925
-4647749
3183706
-7162154
7077273
-3677862
1419526
-5760748
6711671
-2085670
-3556467
-9960503
-7099107
-7726229
-8410932
-5737095
6884153
-7027435
-8222422
-5466080
-6832809
9527289
6683285
5146465
-6322282
-1699178
-4453182
6969516
-8434746
-9758175
-1489157
8996779
-5401458
837673
8112774
-8938226
-5211852
4685852
6091744
1730301
3957695
-938756
9223974
1860792
-4065031
2048287
-3954157
3153669
8757102
-9575760
770667
2396351
-6790566
5667983
-697895
7218268
7563101
6537351
4668228
-7766937
-8498105
1232669
4455059
561799
-2981839
-5686167
-6076659
-4261181
4027198
-6744728
7524960
5996727
7391200
-2773935
-4741239
878575
-722164
-5156406
-1876169
2664755
9905575
4092156
3604064
1418274
5546855
7817827
2259516
575512
3389122
9133518
8512257
6003254
-3433441
-9819400
8917243
7007425
-820597
-3950797
-4850430
-1390739
-2591157
-9848507
1617765
7529099
-8300487
3611666
-8969546
8298333
869136
-4403108
-7646970
2783645
3355593
8769316
-6665579
767689
-9083970
3182868
-5967513
3058230
-4131706
3348190
-7611246
-3248421
5660040
468691
4139943
9197289
-9198310
-6787842
6768858
-7374212
-1702681
4509412
8178862
305717
4486768
7553972
378142
-3141874
562081
-2567778
6143215
-1591850
1492210
8204847
-8330320
7911999
9719508
8662663
9711751
-8095635
8428819
-378848
648528
6623866
175096
4775271
8206492
-9501340
-7107010
-5534861
-9503313
-348945
-1278787
-9053480
1329286
-6077715
5569540
1731235
8143757
3860779
9923959
-2166216
-4812336
6987196
-8616003
2045321
6844722
-3359004
-945216
-5302147
4127425
-2435939
3191831
6759803
7346749
-2934536
4121279
-5163398
-6232184
-6649842
9286517
9960377
3270497
-3153283
-2073704
-8820642
-6446047
4118839
-9497263
-1321660
5806098
138788
-407418
9029729
-4130458
5683481
-3392414
-2195078
-9226211
9621196
-2741545
-4787315
545019
8639412
-1859424
-6772310
-1934077
-586168
-7644120
-3832978
3607335
7728067
-2417462
-6973992
4037261
-5077685
-4559335
33073
-9369973
-9757346
2364197
-1645014
-3419338
9217523
-8103277
-897719
-2661149
-6510520
2481914
-5454994
8251103
2449081
-1274720
-4900283
7719084
-8544750
-5767850
-5831370
7778984
3239292
-8571756
3423312
2945048
-7145815
7455258
6141130
-7967566
4672311
3067101
9628464
1860795
-6789599
-3290292
2988796
-8916060
-5480230
1877801
-1725952
-6377101
-7559019
-9771924
-6644150
4537137
1855781
-5495622
3350577
-1138665
-5799497
-6737266
-8536384
6207556
-4776440
-3837044
-4748951
-6553408
-1872643
-2679358
7619463
8713287
9319410
-8381676
-5245207
-381004
-1972512
8731846
-1710943
-5734067
2465053
-6686701
3599383
-4816874
-6476232
-7821094
-7944916
-5254547
4341726
-7916109
-6761371
9968490
-4334342
1002875
699415
-8546642
4932839
3952078
3811687
-407375
9982057
-3570872
4127977
9397885
7678608
2465227
-7043189
9075013
-9519037
380737
7664858
-6377425
-6746901
7886141
-2328164
-5923328
-5547152
-4479329
-6045774
-9024246
5435527
-6468217
-384024
-1161217
-9455664
4429242
218155
-7814710
-8352330
-2585151
5299981
-6493674
5459528
4476
-4078048
7292321
-2930299
-8067047
-3493613
-7075383
-5272816
-9615788
2326834
-5855551
2414402
9426543
-7222192
-5660156
-5440119
-6770116
-9444093
-8882351
-5816649
3539511
6155368
1083033
-9530892
1510429
-9882974
-8153991
-3719945
7617330
4857333
-6702217
-8300924
-7098900
-4872580
-7713729
2366832
9133890
6666436
6627905
-3856369
-303629
-4724558
-3913343
-8699582
-7582051
1390105
8808227
-9111839
-2573477
-3142314
-5162532
-7459793
-4684923
5578368
-4315487
5261863
8426287
-5425959
422633
2149456
8323403
-2520434
3513644
1731258
-7884885
6538533
-2380319
3273085
8074597
6180081
-8845476
-6697429
9739856
706467
-7606257
-2359633
-5579070
1109805
-8622473
7031925
-370439
1726375
-3334904
-8513551
-3411408
-9647094
5721171
-4550199
8383441
5317794
9904510
2667512
-6344905
-6753496
-3444224
-7206328
3808476
8819729
-3815098
786005
8235535
-3766559
-4487538
3035449
8735735
2129670
9929464
-8382985
-8638230
-1669045
9229079
6893058
4938786
-6759300
8852488
-6349737
-1543113
9894838
9430941
744278
9120613
-6225284
-3150558
-6549126
6960621
-8745441
6619692
-5811586
1135916
-6068419
-7721660
-6330340
3043497
5784417
7713610
-5150887
7049144
2830077
3379164
2971660
4261916
-2706333
-400395
-1189867
8850546
3118406
7796241
-3125359
-7831722
-2905616
-450615
-8424144
-4701020
9556658
2708601
4119217
6055487
-6499384
-664943
-2154255
170189
-7579477
6844840
9164468
1862183
8967824
5232975
-3471372
684695
-4819413
9821487
-5995122
-4913938
8735350
-8645911
2676883
-481617
-7184794
-3519235
4125385
-6280724
-6742450
7920899
5358185
-9848705
5715015
7857640
-8242788
23671
4636593
1937392
702287
7173239
8108348
3193704
5330493
-2802405
2259113
-8036720
-2340896
-3477612
6036585
4381353
-8227829
-6033226
-7447560
-34667
4747697
-97589
8623495
9579673
-888774
4768619
-9545394
-2272635
9045549
-3231975
-168287
6916258
2888616
-7614009
8573579
7746623
504774
3386512
7093035
9998493
-4680402
-9180410
-1646966
5436789
-3693789
1374932
7663004
-4588464
9919946
-9068377
8251628
-4881902
6315234
7990129
630708
-5949463
9668456
1275853
-2352126
432613
-6778210
6471784
-8964828
-1018812
-6418641
2253110
-5699502
5680956
6506160
3794452
-5309890
-2637817
2703525
-3184585
116587
4699121
-7201439
4437520
9260320
-9733607
991555
2904344
-5930124
6070231
-3754678
-2404887
8971582
-1682232
-6150325
-4452608
473478
6668212
7979221
4949539
9727718
9975950
8479018
9367678
7454811
-9844080
9048688
-6623033
6600215
3043382
6767644
4992548
-5149983
376367
-9253718
-7280480
-4308151
8696723
-985879
-336675
-3788609
8234062
2539073
-2843091
1542119
4857500
8279690
-174305
-9456826
8597790
-9793923
-9067648
-6211598
-8018447
4889629
1217239
217683
4673895
-1966401
8721969
97832
2021385
-3742257
5520257
9568665
-5207912
3572666
-6762379
9542872
7412534
-760530
1906866
6733623
-7489052
1482834
-1512382
1836945
-9618986
6418660
993839
9379573
-355545
-7443139
5403879
-5521382
-6523813
-3440190
468279
9130432
-2375199
4256368
-5890264
1686999
4886139
-9317494
7488720
175686
3537134
5227267
-1966355
-9772987
8362395
-4966991
-301099
-9098926
4985542
-7069136
693333
-8642952
7647106
-6678723
8262056
-1657693
-6249378
-4763311
7765926
-485989
-6713648
8641295
-5762716
8914833
-7383503
-2971773
5316907
9328372
7747293
-9624822
5640922
-4805282
509277
-5994728
-4001778
5427297
-693537
5463653
8095652
1150734
7407502
6643502
7802544
679797
-3694419
-7839731
9307350
-6860735
-2739681
-9291404
9473135
-9539902
-1943555
-881248
-4047839
-2198162
9344309
6757955
8301351
5004419
-8817256
6260587
6677406
-9892433
5712665
-9840283
-3244933
-1988722
4639663
8804150
-411562
-7625640
-3156093
7240122
8563278
-1791002
1221644
4831683
-6324869
-2935917
-4160351
2591517
8400172
-2151607
8007906
-2283387
4254657
4547361
9322686
4157619
3132871
-7345583
-5248054
8042842
-5498596
1949278
-3448886
-197432
-2100472
5960612
6420743
-7315154
3976607
-7923942
-2391836
-1777827
-9150235
-4611028
4617410
5262433
6818269
-1297830
7310429
-7094338
-6678847
3936168
7098531
-7209511
-3034913
5458811
-86791
-1595115
1043139
-8921529
-7347525
-6359205
4204517
-1799723
-7897663
4150912
-2226231
7627473
2779986
7833163
291029
6721391
7702079
4393993
-196089
-5392798
-1735547
8756590
4391972
-7583902
-5360248
4455178
8097464
6210547
1646233
6205879
6357946
8845691
-3854743
4080872
-125018
-3311713
27012
3424462
5686885
-2976710
8760819
-4390537
8399658
1668526
-2904972
5422729
-5196598
6492399
874024
7529978
4579050
-4221857
-282979
-4144400
-6698457
3226840
-5063048
4351938
-1877598
9908284
-3164593
-1618614
8823760
6815825
-6456433
-2801074
2115279
-3317915
3807601
-8307938
-2216545
-9276933
-3938344
6411995
-8411962
498287
-8446853
-9756697
4914675
2512012
-2237461
-8509675
1341203
-7005368
-1989368
-4188649
-7890219
-3213374
-9918396
-9217110
-8282668
-870224
8886023
-8802006
7892881
7032961
2607969
-2479348
-309485
2442482
3702096
9866989
8922390
-1491003
-7801613
2430865
2530503
-9959159
-7105415
-6651731
6436088
-9438203
-3670836
-478220
-3519640
-2425543
-411715
8724117
8510295
3713758
-8569455
3708651
-4586649
4606589
3432566
-8010716
-7215713
-7918440
-9170019
9804903
590679
1853427
7206048
-3924621
-4295155
4882209
8351484
8984898
-5867219
-7038508
7721589
-9302559
-7175133
4711517
9700681
-8406881
-1986518
7622723
9334790
8117865
-1597717
4342917
-7764851
-9714284
-1627130
6723640
1834285
2271703
-6863379
-4364162
2410903
5775385
-5439974
-4226591
7009830
-2748254
-6570777
-7094881
7781739
-5510728
-2247296
2078824
-9634416
-2559248
3520159
3807141
-2364588
-3237055
1851941
-9948432
-2324612
7997801
5080591
-7875846
3184506
1793243
5702704
1950344
-9025573
9669767
-5650385
-4316396
-1331226
-578420
5663239
-6621802
-5964868
1294543
992041
8336400
-6502734
-5833212
8796162
8929270
4182312
5484969
2460406
4483409
4205919
-5445316
-5500432
-2997407
-1589942
-8579794
-8325918
2473469
-5217
253623
4825936
-4808942
-5335665
-1830393
8721328
-8387334
-6707544
9765235
-8331424
-4604297
7649903
9966031
-9103573
-9110908
-9613553
-8390271
3471231
-3277955
1900283
2916431
4803682
8003546
8526234
4394201
-8734818
8653481
4444284
-6403108
-1923317
-6364718
-9265165
1660631
-868
-8094122
3427407
9417458
6295835
-652833
-2358065
2298160
-794582
-1570196
-2715499
2412996
6554418
-6969864
-2815909
332981
1955813
70344
7112407
-2461298
-7748784
-489196
-2698158
1666859
-9406563
47588
-4261581
-6633472
4359832
8960752
-3977149
8998216
6889768
5488782
-1622707
-7099319
9767314
5816663
-8376669
3972196
1996814
9234868
-345744
-1146366
-479746
6648162
3879101
-5860916
-6513947
-4984249
-8541271
-8265418
-7329311
-4998466
-4741666
-7936740
9662464
19320
793606
2992273
4490223
8798164
-2474961
-8353421
-6394372
2526431
-1314174
-3974233
-2862887
1068819
-2113492
-2841914
1434177
1758088
-2235855
2919771
-5186342
4772632
-6430810
-8479290
3338101
7186924
-2366846
4849359
9280451
7002825
-3706484
-9785550
4139843
7840506
7810569
5735933
1767413
8108235
6467636
-9100408
7816335
4903019
-6641964
-278365
-5243738
7049054
-3592706
-9869368
7436091
-1530751
-9588027
9099254
7541414
3643730
8336898
-7365046
1395249
9383319
-5035346
-6422511
9173703
8738550
-8306970
-1946737
-3500358
6911024
-2869212
-4649082
4562935
-6282345
7285842
-6128440
5624353
2999767
8529854
8137521
-6808378
6868665
6237073
2905252
8361618
8923993
7921567
4056184
-5780667
-6372456
-2400866
-8495502
1767763
-7896024
-9690725
1881054
-5906677
-5895950
5824698
-212183
7829139
-5887534
-7499321
-6330654
-7996056
9723383
-8200534
2369308
4471025
3296424
-3047548
-9484538
-382156
-9905345
-3832873
5225319
5350082
716761
-6119214
-6838534
-1805239
-2670367
-9098297
-4323924
-2749785
8542282
538560
1169359
-9156621
2015471
-4001105
-2029539
-4191102
-2460527
4343274
-9275034
-3985978
9966547
-3733116
-1159554
5586827
6337060
7338335
-2213767
-88181
-7546795
5216400
5078455
9501971
6827331
-2689150
-8580182
-7420562
-5596452
-8521391
-4930374
-2657813
1503273
9192225
6662126
-7793646
-9227669
-4701675
-5386744
3889916
-1327095
7118489
2860440
1232011
3801945
-8244107
-9936384
-4274599
2765186
-7790292
-3507823
6121619
4889083
1434059
9377503
-9245866
9017126
3896389
3734197
-3321638
-3391566
-3285086
-7064259
6238039
3298650
-564361
3534153
-8271476
6971274
6753540
-5969165
4251433
6854151
8496747
-132917
6775376
-7846867
-3774427
1099340
-3630921
-1500065
-8892359
4196211
-6580367
6748344
-8668842
-2090283
2036130
3860804
-7561678
-2605655
2375102
-2972991
9743041
-7956895
2837738
-9799871
1950798
511333
3217201
4353651
5208931
8485175
2721444
8166117
-5168609
-9891734
8994126
-9643906
-4075209
3099672
4559538
-6799723
-6221592
4292070
-9445765
6334725
-7878680
-9089955
3728026
-5635186
-7163987
253329
8838576
-2920101
2805544
3154500
-9650025
-3712584
-5300932
-1700340
-3659239
8175746
-753861
8499200
1666626
7128647
-8632359
-6466051
3060027
-8071581
-1978017
-1998283
3426657
-4857916
-6519360
-2880600
-4962044
-5503096
-9740497
-5175787
-504310
-7420742
2748982
-7852706
6373587
8360313
-747482
3482585
2577646
8323305
2110986
7305289
-6248741
-2268695
-174016
-3042083
4453225
-1078194
-3550370
2213318
4762358
-5889916
5013671
-3081739
-1656284
5511218
3184141
-3337361
-5481498
370013
-8070898
-5686508
-9266185
327561
9884462
5434409
-3442025
-9224076
-4027506
-3839207
6442864
5397140
-2395111
-6969224
187918
-5344293
1065393
-5146928
-8806777
7784553
-9505692
-7009057
321771
1211189
4357327
-3442637
-5682346
1040597
9882228
3919983
5256675
-3907524
1193869
-8484522
-4225025
-3265053
1154903
8843741
8371937
8274641
3208607
5700434
-7043971
-1128179
-7075822
8947538
-5897313
-353237
9018040
9144392
-1730526
8421451
-6257796
-7727548
7216458
-7032327
-2374489
-6356572
-240692
6377673
537763
-8165496
2285718
-8432006
3154730
-1173141
-9187368
-8710707
3852553
-2721512
4348598
7400734
-9040272
7685681
612759
2996606
5985192
6936035
-7630136
-5887446
1312139
-3825421
-7507845
6035835
-3664650
8534633
-382334
-3427635
7864328
7343287
2861139
-9685265
4797958
9098852
5239553
9931992
-2147745
2595050
358927
-7208288
-4901767
3916306
-7136847
-8068388
2735904
6850303
6474819
-660000
2555038
6895977
-1107997
3785165
-1971569
-997943
6535989
-7008063
3420663
7818704
3849146
6549777
-6509474
-8681833
-3153164
-4968685
4856880
-5705546
-269178
-9502184
536410
-1752260
-2831304
-7623472
-8433231
9963147
-1382656
-5358308
-3500538
-1176707
947479
8990445
3805046
-4961643
9677265
6690368
2716831
3876714
6028395
-1202399
-4259172
-3198602
2444603
7854008
1115756
9823700
6316990
-3380579
-1130223
5249494
-103295
955442
1115122
7538404
3568028
5628447
-3424432
1386383
-8453220
-5894717
8162289
9947328
-7688117
-1056636
-5885109
187284
-6912677
61215
233487
-9689259
-8294966
9425630
-8798071
-3537990
6795670
9076982
7390661
4980145
3129498
-1108497
322554
2507737
-1682270
3237122
-847868
-6636577
512307
-2025042
-909925
2952270
1558084
2858870
-9625655
7109789
1839044
413061
1718012
8855507
-1660188
-6631359
7291636
6035777
7345629
7920854
7451798
8489049
-9433672
201007
8408324
-439121
-9970913
-8012411
1233772
-6775715
-9657906
8264928
514960
595179
8177425
-7877414
-8446192
-9198584
-5214435
4901189
-1967575
-1704623
2221830
-7585061
6086283
-6834552
6430439
-7593975
-999848
722724
-4671343
6120451
6727213
2125918
1255618
5690779
2629278
-1203381
-8823026
3759168
-4436363
-2469682
-2629168
1136221
8700634
8123684
-311701
4126211
6442419
3199699
-9693635
-3815679
-2304340
9445779
3365079
5654972
-8550225
4691788
5835092
-8793356
-6768699
5821277
5470309
-8458252
7864292
1707528
6858534
-556136
9702689
-1476670
-3010322
7812165
-1567317
-4082308
-6715954
-5098592
-9459114
-2626960
-5407021
6433933
-8038408
4408184
9420892
6745801
3395398
2613495
4874935
-4139464
7885632
283160
-922456
-6802178
-8413373
7787982
5532249
3044655
9684704
2307464
-5205481
3329225
-3746728
-8523622
-1452853
-560363
-5160018
408177
8969465
3411489
-4213312
-1910961
-7776519
6129266
7177632
-6262873
1506294
-9823502
-9824578
1989950
1967116
-6664199
3880204
-6350409
-5507585
2515389
-2921146
147940
6138897
-7941708
5454011
639724
-6012907
6598145
1196768
8923810
-8959966
-5460781
-8425165
1168931
-7413024
-9892030
-4068378
9787322
6988177
1867345
2563320
720621
-1155042
2111207
1415369
8646773
1024286
-5072864
-7288432
2279785
4204504
-2328864
9878837
-9006876
2975274
-9038412
-762787
8138704
7448485
1369856
1656905
-1935558
3265190
491743
-9651762
2018613
8708694
9724316
-7843776
-7402860
-9619914
7988874
-1518900
-8038169
336423
5385303
-4643658
-6060718
9544503
6601853
8007318
9763896
-7861733
1663330
-4714939
9466946
2273952
5631456
-1014209
690891
7247945
-7504352
6546880
8089300
-9553664
-9596583
-2096818
5898402
-8555728
8587146
7462599
6435509
5758655
8056503
-6816454
-9604860
2576478
6575629
4217694
367693
3895309
-7606225
1269948
-4986531
-3539637
-4191335
-6910996
-6389207
-1145757
3847284
2623577
-6279655
-3769863
5145780
-3480188
8059967
-2627531
2227623
-579478
-9132986
-3720301
2024267
2585412
-4595618
7382623
-619501
-9656438
-3887709
6636811
9380167
-3697831
7088878
-622261
-9426219
-4018420
3926377
9600190
-9107286
7211207
-9540232
-6233923
-5694868
2334356
-1159380
-4717673
7175997
2136354
1887723
1102092
-2483561
-5559090
-8928271
78661
6024867
5214544
-2183819
9296646
-847804
4361092
387530
-3809768
6485316
-4091538
1520452
-8167395
-2235621
-8677211
-3715756
7076963
4568524
4492849
-1729909
4143345
1621308
4578295
75040
-501359
-871184
-3228235
3004820
-7444329
-6840316
2924648
-5345213
-115498
6121607
145493
7617837
1163414
-9142834
3651342
6603667
3112718
5592757
-3561707
6888859
-7157697
3735445
508418
-5381098
-6177949
8613424
2307028
8195483
6934594
-5752882
118336
1393780
-9936821
-6578503
6074272
6016470
-7121761
810963
6875976
7503364
6710343
-2770121
5107617
8406902
-7091957
1886774
-2639032
7822145
-1323385
-4151271
-5038804
6411049
-3448209
-1805702
-4210376
5021394
-7711647
6192896
3812403
7865035
3530984
9403060
-2464426
-9958233
8674913
8644448
3808441
-2285153
116685
1113974
5257654
-1140946
328399
6812257
-3367312
-2606150
9861782
659201
-4392027
7117141
862257
-7633279
2324888
-7241102
-7728821
6626450
8294825
-3066497
6943732
8992823
-3647113
5889229
-7669161
8067895
744893
-6597213
6765212
-8326850
7662192
-5307107
1363008
2332875
5819254
-7948022
3699635
-957065
-943114
-8452527
6335524
-9390162
3033737
-3382851
-5485112
6308719
1069043
-7552145
1479728
-3530187
-763125
-3200053
-2009107
-5913659
-6059958
3300306
-7635275
9660570
6022327
-7436005
5604187
807297
2675849
746491
5009518
8585258
-2465766
9781404
6642282
6541941
6570214
-3064641
8283685
-4138596
-7603838
-4980544
-5645730
-9606969
3912061
8478723
1599812
8072995
-1583317
9392459
6045502
3277322
-1106308
-652274
8462219
5269613
308352
3624080
4239350
9506198
-7090375
2304936
-7045768
579896
7928626
2984405
9454094
-21820
2976672
-6837482
-4144241
8964918
-9771648
8642725
5172287
2887558
6246199
-7105473
-7186455
2040225
1010316
3523990
9582745
-7581044
3384678
2464402
-3756531
2331551
-2053983
-270543
3577814
-4244202
1309224
5406164
5588121
2511517
3129369
-8211479
-9048105
1245130
9405497
7372696
6815596
-487925
-2915220
5050826
8619178
-8846075
9325329
8655293
-7213832
-1808133
-1744716
2098143
9933790
-4524699
-7227053
-1946146
-9411555
4637574
-7329154
4352735
-9882023
5150224
-4455545
-1469677
-3606212
4964454
-8746060
-4324332
-1444100
-6011509
2205595
2663480
9443122
-457304
7595560
4291271
-2686943
-5507699
5458806
-8077766
-4109210
-4280053
3001475
3155645
2388049
-5378498
5128595
7045844
-4248488
-4129696
2701521
6691584
-1180601
-7183903
9335916
9339384
1824090
-3460932
1699014
-9724403
6569036
-7201414
3075467
-7360558
187302
-7473336
1132029
4456912
94818
5637049
3463078
5485770
1702428
675138
4892078
5360771
-376538
8588647
4469181
9071670
-7598277
-9650132
-7810931
9928418
4599863
-2999852
-5498684
-9300567
-8605955
8531830
-1576687
2066041
357117
-131783
-5097564
1527916
-5900770
7934596
-6328269
9898618
9836395
1102306
8047002
-3583783
2094831
-2623450
-3810033
671596
2501290
7285632
-4516213
731590
-7308539
-9044002
4673395
1727291
-9398296
6236222
1249571
7701571
4360133
-9233498
8249564
8581244
-9754823
3400782
7114898
-5010063
-1650156
-4524111
4477646
5632701
-8774805
-9915838
-9489065
9165916
-5660071
795948
8606168
3267032
-3519981
7866284
-2857847
-7576477
-7212437
3430036
5182534
-1469171
3198208
-3086286
-5324663
-7375370
1954966
-3093254
-359629
6009000
-428741
603526
6979644
3259786
-3005824
111175
82153
-8784810
3847167
7394895
150259
7980620
2810205
-3256458
632655
3843935
-7726553
-2169646
3129412
3209415
-4577265
250866
-3516392
7185010
-4377415
7502104
8099439
-1420199
-1655620
-6978527
8556996
5804970
4915979
-1121634
4089119
-5530779
1841965
-8328368
-3131558
4970619
8790173
-6798414
1064056
-3111649
-423037
7947941
-2576812
-8042663
9285406
-790841
679548
-2569200
6665540
7159484
9549416
9686197
-8587654
-2387680
6339549
3554566
7972014
8356327
1775823
-4407702
-1406017
7928922
9095185
-7343400
1264145
-4496726
9070951
-2609495
-7664156
1877775
-7108058
-8707508
1688269
3430234
-9039408
-4357367
-6927861
6753691
6475552
-1459818
-7301846
4877883
-3154198
8136097
4244145
-5980943
2549976
-2144112
4765093
-1888449
8062117
-8247251
2920284
9547925
-1079810
443047
-1712768
787527
9282272
-4342958
-3626583
-8602932
2454967
-2064464
6631486
7066552
-8500134
4822465
-8233216
5834461
542498
5719826
5089233
-3762332
-3783720
202637
-1892033
4225571
3742331
9007077
-6443711
9960778
-9575558
-1083076
-8137352
695749
8152343
3480021
7645300
4137629
9771518
-8310057
-2301356
-2158842
-5404428
-9211389
-1542630
-4638857
4534650
6790003
4651825
6860511
-415934
7855245
-9493222
-6432231
-8619716
-4380039
7437978
6016322
-8364289
-1209914
9535262
4098509
9114458
2805884
-9167121
9425119
-727044
-8321149
5339311
-6304246
5144539
6136370
-2401119
-7807524
-7749856
9176067
-4211196
9979832
9073901
9418695
-2498116
1030197
9760577
290326
-362308
9526133
9629742
3688578
-1600139
-9983438
7211361
-7911820
-2086254
6930743
9686992
7898174
-911992
4858492
-9118119
1724802
-4455725
-8153460
2153434
6761638
-6388108
-5462161
7750635
-1033227
7160289
9733185
3400770
-2836428
-6721761
8787914
1886295
8629439
3477788
9805718
-1973100
-7720362
-6897872
-2587001
5900396
9519244
658250
-500740
-6811981
6701601
-9587720
-7360080
6386807
4341297
-1161905
-3853021
-2146269
9903071
-7915048
-9093729
2415511
-2553521
-7651653
8987336
8486599
8004721
-9101948
-4762910
-8702730
4987028
8217613
4593766
4640438
4929981
2491371
-7517894
-5195236
8946779
-4735371
-8467196
6193231
-4397800
54885
-6452568
4985383
-7054552
-3866658
8451113
-6312151
-658634
1358563
8100666
2915568
2075543
-6627570
5636188
1230778
-6954905
-1803152
-3710192
-2128841
-3526131
5734438
8815910
666609
8342725
5602808
-1796287
2068488
7635942
4462324
-4314785
-403132
-4260140
-3755102
-3554163
2241400
-1248357
-6747878
7958104
-4317499
6643320
3148592
-3762714
-5410494
9114966
-3781456
3917505
-420895
1133911
-7675274
-6608485
5559826
9163158
-8503355
-5057962
38034
-1980622
6850710
-8181326
3359169
3593508
9919408
9428970
8876361
-3256269
8111377
-5514079
-2051171
3543194
1662081
-1048944
5907476
7403415
-5462031
-5989211
8090073
8299393
-7910485
953593
-7914987
3272807
3373338
363693
-5167057
-4570766
3471889
-3875106
6502596
9786652
-1226198
-4137588
6871914
-9226608
-5472143
-3975642
-4913029
6648075
-896923
-6996346
406018
234790
-2348726
1905755
-8071457
-2861670
-1219185
8691278
-4702514
3350506
-9177404
-4636362
-5395354
8213674
-1737197
-4028277
4194903
4117127
-7462836
-507248
-8339827
-1974891
-999140
5917671
4824024
-1197954
5395420
653858
6636945
-9761476
-5901519
2545189
154341
8004724
9797575
9497211
-5098779
-2697894
788546
-6473733
9782599
-508778
8035204
3880079
7111163
5376195
-27612
3237579
4831818
-3276185
6338304
-1854622
338646
1065267
6576978
-6467672
-6837838
90432
-554181
-2638842
1035477
-2410382
-5254139
991369
9298342
9547070
4339350
-7411874
-3362973
-7928539
7441104
-712482
-2535020
-245520
7345281
-608923
9606726
7239441
-9330929
7883452
7057951
-933994
-9220441
-9475501
-6999409
4181899
7902142
-2540122
7424915
-1534894
-6122092
1357182
6497990
-343870
1869257
-3514505
-3139291
2963271
7931812
-2884190
-9247674
-4165019
2573881
-191331
-3625806
-7887985
-9309137
-127525
-1181893
-7558147
-7711244
-3895703
3504238
9045173
-8045562
-3865380
-1088681
-8243571
7160060
-6105173
4995026
-8386626
7006142
-355524
2455957
2738543
517425
7491252
292062
-5407578
608445
5514941
-7459920
7528536
-6343507
8291469
-2780253
6070256
8695810
9906293
7624193
6820459
-4197089
-4587007
-686664
-9030358
568780
6180251
9131252
-9613086
-219375
9897064
1581696
8717129
5920935
2961799
4112838
-8840138
1871495
4797142
-9366130
9989949
-6448573
3112927
2692220
984131
1167605
-7301767
-2892865
-7233742
4580470
7239159
799706
-3543068
-8141527
5266705
-5366767
-428681
-3230101
5230602
-1730072
-67281
4768891
9696878
-8103934
-7093687
-4593605
-6371514
-3452072
347914
311679
-7579093
-7445515
-129922
-5305366
-7079306
-4205710
-2363085
4435187
-770250
279785
7382054
7442605
-3860438
-2355454
-3056011
-5947938
6979521
-4269647
-8105805
-7155409
5732277
-8998456
7286242
-1560594
3074688
-3324333
1107910
-6061190
-6426891
8429799
9812726
-7881059
4119952
9881875
7465246
-949818
-8706984
3131226
-6552765
2946572
8474323
9735481
-2536475
-1530231
-3734583
-7754225
3626481
-1864879
-6239022
-5388916
1518397
-1456622
-2384449
3232768
6447678
-7654701
263432
8300362
-3541559
8137329
5291045
-7021055
-6127975
-1020214
6637213
-69593
-1055954
9624929
-7672161
3576482
4877329
9841904
8891002
-4607299
-9717571
-5497534
-2905784
-679696
-8779407
-7210329
3031943
98839
6419834
-3463754
9337575
-8544751
-3515352
3659297
-7605319
18500
918654
5407896
-9395588
2520600
-2965533
-4062633
8449272
9773077
-9794099
5311762
1102471
-601884
-4718040
-5577729
9716773
3064604
2941031
-5858612
-8508748
-7786204
-3925063
-9178220
5589677
724166
-1051260
85656
9589052
-4455344
-693741
3184889
-6643367
-9672687
-9429864
3302133
-1644154
-2269162
-1298370
5782922
4432931
9119516
2374515
-2494749
8846128
6985735
-7605002
2855866
3983903
-4967818
-1913062
-1588114
2422813
7773110
7208950
8449996
5331166
3692499
7768456
-322118
8287260
-2427000
-5584527
3390809
9893396
9937728
9451288
-5361874
5736493
2012249
-6577970
4683002
-2174311
6748002
-1014990
9485297
-2231105
-64220
-24440
4578185
-7584351
5348078
4129367
7418063
6130747
-197151
-4705620
3994379
6059539
-4972119
-3045664
1066442
3646217
3367843
-5842374
5348318
1990847
2783339
-9212560
5378390
-9564496
4977920
-3583485
-7797179
-9021559
-650315
2028549
-1696153
2870711
-8173536
9229545
-3477435
-1684786
9076102
6148081
9718248
-3365586
-6885008
9705555
-7293380
2061801
-147972
-4439247
-1551004
-5567852
-8872571
-5759309
6337500
2574474
-5434132
6387868
-5182376
3349523
9964035
2852442
2564500
-3028955
-6636579
-3187327
-9661244
4226190
8329137
-5907240
-6518845
4799686
-3072
-9387272
-5437939
7891
7781794
9692520
3729694
2823463
-9997705
9633068
5976289
-3136243
-9495599
2819580
632796
9100071
-3255871
-4102393
-9903147
-1985108
-2796019
8045530
5354281
-7972672
-8609166
-9601888
9861545
6188516
-9920638
-1525681
-2930161
3394453
-3416248
2454003
-2971436
-850304
-3883694
1103012
-9809515
-4121273
9093891
-5525770
-3995426
-8875166
-207188
4374651
1084605
604671
8619975
-3589680
-3421439
-4811339
1147713
3801566
-3424446
4668639
1980729
4402555
-5713089
-8207287
811981
9927878
-4328178
-1859508
2585626
-2888456
-7674407
280519
5176624
9585331
3161042
-8015540
1552440
-3829620
5398536
-1228463
-1065085
-7451970
9824407
-5178953
5040781
8349959
-4147160
6640391
-7633586
8026032
2632273
-4051332
3010677
9463824
-6932002
6107174
7756006
996799
-6134661
-9621349
4308532
-7735232
7671937
4122243
-531000
-9645504
-60098
-9565613
-4190224
58663
9858326
-325741
-1196743
5061100
5603622
-7592743
2989214
-5517055
-7753874
-8676058
-2348651
7571338
7344662
1380577
9165170
171150
-1684157
8291914
8912857
7002735
520186
-9772886
-6377854
-1954430
-8504382
-8185153
1594229
-4940570
-9977911
1371252
5123050
-4090372
9581000
-6961474
-2388445
-9030238
3340163
8450177
8576559
3312177
8726546
-3911833
7227572
4881137
-1496754
6525144
-9183074
-5901316
9942629
-6490786
-662369
6850444
-5981777
4040492
5632840
-2163852
5503142
5166328
6320599
-7494523
4512493
-3189954
933703
847786
2238556
-9644737
5598115
9688564
-1835021
5085856
3674790
1024395
-2366207
-4238634
-7348665
-7363893
4577481
35344
8817779
7480568
-731176
-453759
-8434058
4992453
5283602
269829
-6271695
3278009
8473747
5422036
-5271791
9811376
2785905
-2990137
6134226
6188607
-2988669
515734
-6924019
4394127
757922
-4965448
-8306794
-3308132
-7995436
-8779
-2846031
-9106464
2411302
-2942561
766667
2723027
-315114
-2306803
1273204
6890477
-75029
1689500
-3727149
-3369798
-9158124
-3684169
-1712050
-4774963
-5118498
-1965080
-530321
103796
-5366232
2780186
-6732122
-9590924
1915596
-9578021
-5095190
-6589920
-3590276
-5315021
-864244
5467367
-473727
-9976509
1277515
-9654470
-2445294
-7640818
8280124
5995402
830600
7615044
46759
-5554996
6644443
2837029
-586303
-9621001
-1387925
-3707700
2340933
-9797801
6557092
2363563
-4854438
7362653
-1739020
-4567462
1759050
6789866
9088991
-8023289
-818880
-4691934
-1822457
9584441
1587408
-874514
5014254
-4940144
-7770453
469452
7746369
6208065
-6838725
-7635654
9888449
-2198089
-5565768
-19274
2760904
-2467710
-2823023
-7130754
-1711353
-6135063
-4099161
6558439
-6773616
1979682
-1031155
5643989
2888436
-8730094
4541385
3306398
-1163725
2000696
-8529593
-4896553
-2087907
-9896617
-3486097
5581639
-4910734
-449090
728090
1409483
3939350
-2100267
865057
-6041101
-7114020
7997035
-8450493
-2143164
4472247
-2155307
-5218830
-4096784
5505435
4181628
-4912953
-3025452
-3937372
-8863266
-169728
9488291
-5538474
-9243057
6337387
3122755
8029303
8010058
-6616709
4145770
1065546
-1100154
-2668470
-6024799
9953385
3957631
9198492
-3360710
4807959
2936243
6414021
-7509920
6615801
1112012
1009195
9610078
-8288436
9449831
-827420
9133738
7647682
1194061
-9718521
-4940064
1541407
-7664361
682523
-8234922
1028282
1654529
1995364
1804368
5269792
889354
-9570684
7278424
9278621
-4101164
-8619221
-8748439
6498119
7392909
5422947
-8394165
9388583
7867606
1600435
-1429915
-7248190
-6707266
-7413077
-1756263
1744152
-4689795
352195
-9564867
-5821383
6524585
-4881360
2253785
8712523
-2783269
6965645
2621906
776414
6213606
4918450
9862144
-1077930
-7011328
-5232560
-6114167
-5139648
-4477728
-3907052
1100059
7300190
8834017
-9070969
-4782858
-6286138
-5007195
-8781650
-2958409
3761030
6311631
9423025
-9175635
1949787
3047856
4557468
1672631
-7226039
-1466750
-7072869
-808385
1144146
8436166
-7882012
2826794
8694232
5701756
3768617
-4645893
-3037053
3505528
-849668
-9196836
3217764
8301273
4801547
-1771123
3911107
-3323639
-4246685
-4522425
-6088764
-203359
1449833
-8133650
-339408
4822728
3504944
9666308
-4160512
-4389613
-9014164
1445892
3517063
-3448724
8195167
6433392
6302449
-1073922
3136129
-3120190
-6155945
-584162
1865601
-118535
-4451569
-6512583
-2628789
9275575
4458911
5731533
8456821
-5021068
5032790
3267212
1751552
3461022
7049729
-4549973
1961548
6458927
-1003366
1062454
8464236
6899466
-4713024
-7370498
-934173
-7338458
-1031639
5771784
3517985
1246734
-5108699
-8128234
3750061
-7722902
8581723
-6843077
-3310178
-6214475
-5056439
33863
-1752646
-7512648
591936
-7587677
3087688
-991290
-1770103
9590950
8653347
3408671
6506328
-8383136
6967664
5300610
6314911
1559997
7471839
8014750
950329
-3665342
9659146
9690274
9706796
6025342
-3357430
-3552149
-7157003
-6154798
-1768398
7026970
95462
-9023267
-451497
-4402269
-342150
-4249369
-4916302
-3557239
3256893
-7575625
-6196863
-5787303
-6008639
-5444362
530306
3164188
3680661
1646696
-225065
8962678
-2110836
-3774432
-1718566
-6823319
-3338416
2684549
-3107640
-2050084
3551661
1122705
2269720
-8540157
-9876167
7972482
6929091
-4315036
-1658447
-886165
-1122594
-3788237
-5455979
-1306011
-217010
-6624420
-1262113
-7652893
9903143
7780195
-4994896
-6003079
4242886
2576506
-8849623
-330085
4098609
-6965749
-1498929
-422318
2025781
4464983
-1113769
-7234723
4565110
2231353
-1184715
-2960562
8206370
8985221
4336438
5476016
-2883123
-1280362
1057284
5571142
-6305670
6476424
1289344
983670
-1021407
-1799306
-5378912
-7729242
-6625552
-9802021
1388378
-2081530
-764088
-4175889
-6238192
-6105734
-1691884
2987673
-9220845
3856210
-8002467
-7771384
-2736944
-4164857
8193429
-9009126
-1871198
664228
9798532
9677642
1743151
-2686795
-6506978
2703510
-2493680
-9844897
8048341
6791585
-5012637
8528940
5174578
-386537
4996226
-4054341
488523
8526429
-7236151
-8875799
-6656042
1598196
-8124314
-6803055
-2643142
-4295180
-144985
-9981162
-8580587
-2520530
1241195
3627745
-9364347
4666616
74320
6549838
-8561330
-3809563
-2656957
2139288
-5637436
-4077987
-7765568
-7949141
-5497847
-2828225
2216079
2034323
-3715422
8845866
-3760104
-9091117
2861983
-8343175
4933783
6443932
-9404397
-2890648
1284160
-8817575
-9041774
3152018
-1099848
-2667084
-1758624
-9200236
2976780
-34067
6646018
-7732782
7741199
-466902
-379276
7573835
-5229021
7659992
515430
-6198583
7514686
5321248
-3921987
-9657624
9652495
4198426
9329751
-303978
-8283052
1448530
-3752994
-7616724
-6524784
-9508655
5892121
-2136925
-8339699
9541074
5965344
-6910759
-9878441
3975612
-2792820
-1645279
5992599
-1432241
9541085
-2952340
-9967126
-5472281
-9738914
8377663
-6877431
-9691801
9475842
6074165
9859266
8218768
-1403330
5742909
1426410
-7070993
9311552
4965656
76644
-3921768
2008099
-1890092
-7034518
835440
-6780219
6599791
9754401
6704475
7799477
-6521069
-9665228
2115014
-439142
-2593089
1931268
-6184791
-2009753
924299
-326465
-2229181
-7662241
-8945734
1086581
3076671
-774968
7682161
4156363
3967256
2912331
2379335
-1529222
-5746123
4941659
-8985466
7305540
-1340688
-721959
3630289
-569037
-2800532
3727684
-5704064
7461273
4404051
-3306577
-2855
1738666
-4219619
-3702294
9607942
9001792
318035
-9771113
3599965
6158387
-8820180
6549057
6159067
-5186011
5284439
-1000526
797164
1940758
-2125617
4779071
-2443677
-5896984
-6273433
6400236
-2433584
-6463728
3036268
8894685
963825
7898688
3882404
-2364862
5938954
-7818938
-8299978
-8217008
-5445400
-4811877
1656047
3438657
-4204881
6846552
-6690825
-7263139
-1852458
-1412484
-1731748
4795714
-744910
-8689218
-9140201
640410
249702
8985086
733700
-6103864
-3147956
-373276
7613505
-4479370
-7158458
9678398
3458415
-6992942
-9959983
1801332
5615707
-6319294
-7932056
368359
102136
-986576
-8858861
-5018186
-4931463
1339031
9485417
-5387529
-5538975
-1028335
-3102582
1336095
9591517
-1448527
1599546
5464101
-2253437
-6699741
-4609339
-7159328
-6513086
5485648
7810046
146906
-944854
1401025
-7707798
-3987794
6741070
6839233
9618015
-993627
-9957403
-8665051
-2735915
-1214905
-497011
-4784187
3699675
-7040986
544401
-1301138
-4243783
3348921
-3323154
8745609
6703120
-9427338
-9025617
-7517799
-6522726
-7298142
458089
5009606
1873628
-8138384
3205140
-9763635
-6610551
7466975
8869535
7829526
4098181
8589877
-9488996
6566178
-6188709
-184240
5936280
-560725
5049145
3556317
8849189
3474923
6496443
-2278781
-584395
7529471
2296508
-9148240
1014864
8536652
6053622
4039726
5043038
5393964
6380267
-1525047
2625941
6495635
-4164458
5986564
3061387
-5962058
9966922
4634490
44672
5548581
-5067559
1988114
8779635
7658784
-1871484
6527526
-5165401
1100668
5236203
-3885032
-4123637
7477759
-7206987
2335340
-4507115
9960292
-8510109
-7969781
-6285805
3755535
-7825934
-7299753
3488492
9096551
6411211
5659732
2146276
-6123485
-7267899
41557
-4915791
-2479216
-1869775
2292305
-1398849
2785497
-9784119
1340954
575481
-6142647
9170128
9449063
225683
-9189893
6067371
6755674
2023215
-8384619
-2478519
4082638
7519312
7438473
7636270
28207
4529353
2613851
930133
-3052485
-5077825
1182340
-9709894
1248576
-1230586
409894
-5780698
-3832447
3596722
-4313060
8367163
5772746
5498855
-8801244
7526552
9884400
1626311
6276963
-5128856
-2627991
6911581
-6263442
8835627
-5483640
9749404
-5712536
-4425850
-9530089
-177213
-3792088
3959125
-1946149
8753602
8526846
2264942
4189720
3908883
-4874477
-1322133
-4822906
5082610
2603757
2184419
-7261953
-5943055
1591323
3072796
3380637
3169445
2906904
-9099898
1989212
9214071
-4459950
7948943
-8101607
7376512
-3701233
-6515958
-3165134
9298807
1821355
-5711466
-9532970
2922472
8654792
8570945
-9268767
-3185224
-8625737
-8498505
8604506
3841871
-2517305
921675
-4557110
1604331
-277532
-8387267
-8227291
-3117288
6487086
7601844
182062
-8316414
-9387916
8253601
-731279
-7937588
-8417909
-1732332
1850440
1215488
6551699
5602127
-1630107
-9550094
-4289545
1711370
9009136
-2181922
-81905
8328873
5641923
7815661
8808275
7576508
-7789092
182739
-8015216
-2150970
2949415
378159
-9015434
-7382844
988673
1904042
-5524298
6266210
1407504
1864813
5554995
-6674324
-6823042
-2108960
1988977
-6150360
349766
8368219
9339456
-1809094
-596712
-3232325
-7473590
-7626034
9760089
3279440
4719543
-3352382
6424059
9137456
-7216132
-1226995
8162039
-308457
-4940309
1822198
-4354466
-7261222
-4863660
-9423432
7157985
9533427
-1397642
-2446868
-2474350
-5238882
3337945
397106
-6865306
-1018032
-1666214
363678
9211725
8856680
-5593723
9387716
9153334
325153
-2660065
1565887
8661705
2154780
-5101285
6597723
-1241161
-8358955
-5478138
-4369712
9133151
-1564381
913078
-6517994
-1183434
7076099
359212
-4107261
7848266
5185282
-8353822
-7087603
993417
6643442
-6216090
-2542446
3188760
-2052394
5499351
9880394
9802900
443331
1180251
7413675
-7831616
4485832
-5272396
257811
845349
6346157
3012743
-6250065
4660858
9442754
-7109527
-6227977
9488428
-1793215
4937787
-2640178
-3664715
4044933
-9561941
4260526
-9750955
3788271
-2480586
-4841517
1514021
1151056
-3599335
9725365
2229694
2174106
9034123
-4828237
-6416100
5108930
-2991224
-8242587
-8124459
9969149
-1889380
102447
1857706
-6978014
6606890
5334504
-7417056
5283466
4756646
-3093432
-5015498
7204348
-3399759
6631534
-7645741
-6551994
2415836
-1002363
-2299899
-8557613
966899
-607073
2745475
-3587343
-48199
8594341
5122644
6776125
-841852
-1465953
-192272
-4517497
-9991578
7342045
-1527232
9213705
195866
-5017197
-2746909
-1916609
2734491
-322675
-9784955
2726343
367412
-9172352
-1055788
-2337604
-527319
-736279
7779419
7854444
7292957
8995362
1988346
-414853
6160350
9197146
-6190315
6651885
-9188592
3210202
-9489274
-3051257
9285454
-5668906
-4114497
5168737
1705390
9396525
5422195
961508
-4537544
-8519900
-1032613
-308118
-1993083
-3030793
1494019
4456024
-866490
-4831607
1268736
8726371
-8463058
-1776458
9725140
2267129
-8962537
-6874301
-9877779
7524429
9491850
-7119085
2654628
9437283
-2778842
3440942
982133
1697878
1446947
4448630
-2352400
-8325999
949119
-2206817
1595350
-2400076
-2772395
3695351
-9343191
-9380031
-3202266
7424976
2288929
-2728308
-5583025
-1010986
-378075
6819661
2131928
-9650021
-5410574
-1544795
3896265
-7443749
-1932653
2747194
281212
-5438144
8261952
-284432
-5365159
5495171
-1633944
-1889971
-9174866
-9577409
6785931
3794220
-9286954
1255849
-4838689
1384438
585492
-3807008
2603194
1566393
-2486579
-5062616
-3252080
9056470
-6857064
-3502683
1434519
-4763238
3871064
81596
-9431508
-1798933
-1611134
308840
-5059792
1488469
7328665
848056
-7558409
-5990282
4608585
1285450
-3258814
4307662
3199653
-9325631
-3881071
4120242
5972174
-5644673
4575289
7809150
4482307
5194661
4395092
46762
-6989855
-4923677
-3962244
4777614
6219150
7097591
-5318422
2081459
9803953
8991802
7731558
-5062680
9549353
-6773022
-2609496
6425089
-9146500
-5633342
2494832
-4100763
4159656
-1897111
-9279032
4340018
9343486
8616076
6832626
-2786239
-3511030
1818318
4324728
-3105447
-4911628
-9219817
-3403666
4134657
-3113538
-6188268
-8013865
-4428560
6994116
-6173994
-1378330
-4538547
-8152127
1840155
-480238
-1056974
653333
7097017
5924893
-6262679
7508486
-5980769
6511570
-6309958
-641864
-4100627
5235690
8839968
6586031
1488036
9944221
712576
-6027575
8354666
-5148794
-5565788
-2298909
4621140
-5219391
-3393804
-5305057
94508
-5186290
7531407
1350867
5867965
9388746
2488971
-1468343
-9286664
5192421
3319737
-7568239
-7645399
8651378
-9194650
-1371995
2046780
-7345986
-2794187
-9644729
-4713422
3370287
1608013
6344265
4759901
4062226
-7104294
-8525671
9896852
3523990
7584309
3513131
2658865
-7552801
-4461587
2184594
-3454648
8034596
-8327589
9756529
-4123721
-9988495
5815699
-5238621
8737441
3193606
9433670
7141078
-79231
-4424891
2641468
-3965156
1501555
-9156472
1651745
1390923
-5792370
-7297061
9731055
-6492150
-6126459
-1009767
-5679389
-1509027
-5899534
-4839387
-5443446
6979575
9123784
3490782
7251907
-7461928
-8884961
951204
9589295
-36004
3317616
-3288252
7350860
-2068080
-3131454
-2831045
1769991
1923231
-6127730
4530591
-8823345
-7012067
1024276
-2493548
-3138137
-9246602
-9274173
-380635
5552930
339949
-7384263
6147390
-3015417
9729822
-5977519
442837
9219496
-1618921
9063432
8779677
23358
8120415
-6216790
-9039987
5840976
-7684881
1899829
-7685493
-7793910
-4446846
9770521
-519856
3314234
4635059
3979726
1404867
473351
8907473
3532052
314904
-5766980
-8321659
-591221
-7830785
-8286006
-1153026
706799
-8398502
1545441
6768216
8618478
-902425
-2836428
-7535557
-6986860
-8914008
6078897
6886820
2830430
9573644
17274
-2586900
4045020
-3706840
-8565742
-4818816
8687141
-125643
6180790
-6124606
-9722024
-5303069
9618174
-7799039
4392805
-2809683
-8599132
-2106314
-5406642
1871941
-193148
-3042919
-363488
1420843
-950928
-4343393
8738355
2589687
-9784352
8748757
-4896379
-4316252
1823994
2781365
-5478714
7917511
-9889484
8036627
3890774
-2703647
2292
-8943226
-9863849
-7151085
5802875
9269979
1003174
3721980
-1043802
-7784012
1521987
-7722374
4389936
7232537
-4636148
2596062
-6611088
4845389
-8906066
5701801
-742245
-3299129
6660711
7171754
-8531384
3480587
-9605063
-8031231
-1695683
4268151
-9995130
-5915019
-9586763
6409546
3200779
4050711
5255036
4430947
-4949769
-2483720
-4746760
-1902598
-2245187
-7906094
-7064749
-3836386
-3925659
-3702597
-7015436
6177661
4857554
-3709552
9657139
5028482
-9725197
-1005278
319832
-6201288
9736265
9824636
-6554585
-8280622
5603755
-3047687
-1986761
9685508
5865560
-4420087
2738563
2293801
2695452
-5608891
-8901544
760331
-6420112
-6763871
2611193
-4077529
5018662
-4913516
-2868583
-7519020
-4495692
1602720
-753091
9367606
-9340425
12434
5238083
-9553026
-4732506
-2013459
1594432
8392565
2077479
-5556112
-8759549
2282239
8896671
8663982
-6338618
1463379
1070517
554605
9322524
-9622527
-3782823
5200244
-7006270
8546158
7406190
8572585
-6088761
2592183
-4598808
8159567
793206
4020531
-7278691
4959016
-1406663
-1933295
1318545
-775105
2609737
8002058
2239623
5140061
-7573442
-5433179
3724224
2300072
5101842
7885506
4663610
2084155
5033226
1522106
4669768
-1791066
1338800
-6130398
-1731250
3967565
-9434340
5139886
5226577
8811534
6175494
-9954481
-4385599
-6118315
9632536
4992343
9516471
-4897747
3039338
7406860
9703828
4791720
7659844
-1764911
-9928055
-4058712
-6603075
-2122894
-6841134
4567761
5110429
-1645703
-9383385
-5464979
9401066
-7886719
-4507403
1275064
-8262731
4233948
6841494
5794480
3608577
-8101179
2800588
8188090
5255552
-3316189
-7468866
-6200308
4668424
2129519
1311756
-5877066
-3379788
-707334
-7861591
-7102834
-7879674
-1428312
-8426383
-3266333
-8454014
-3283891
6368417
-6524007
-7898277
15712
2713384
4916825
7140793
9955339
1899108
3077523
2201537
-622028
5391158
6259287
1456776
5968956
-5318754
4298888
-2371585
2644741
-428630
-7978626
9946690
4572829
6969616
8971129
-7501892
7423528
-5582384
6671096
-4148805
-4471493
9959526
-1700009
-7794730
-5593874
-754061
-6413927
-4420712
-1882350
7065910
-568652
-1499962
-8492704
2171363
-5507905
-2695279
5061110
5586778
204345
6302428
-6221264
3091901
8968499
5296909
-848968
-2826677
9783527
3358235
-2620488
-8043635
5603852
-5421371
-445464
5702044
8907669
-1287002
4426837
-8396593
-1268890
-6599439
-4191982
-9045371
-1782271
-6871249
-4412015
6085231
-4545753
-227186
6636412
7480992
-390581
-8209861
1632698
6881592
-1101636
7988290
-4362747
5840517
-803697
-1135271
8483142
-7761624
6531474
8013214
-9121139
7799524
5987402
278631
5152144
5672955
9304903
518330
7053166
-386866
6883002
1154522
-7331299
-7950764
3662426
-3025658
-5380999
-1101097
9079120
-5870392
752200
7871589
7963272
-2348968
5921829
8722325
9323491
6311471
-4266558
9757030
3766815
8390254
8709553
-3788769
2585769
-1892585
-9977226
6639834
2657549
-8463198
-5039074
-8231906
2160847
1994594
7275134
-5833507
-2838214
4553997
6664457
-7158886
7717648
8391812
257391
1089547
2044795
7347736
3829769
5002730
4035805
-3287364
-6131589
2450727
8829780
-6034390
7669722
-819768
-4153529
-6982691
-734657
-7067713
-1623377
1007468
820125
-2529712
-7142801
-1840884
3350055
1294870
267540
-9437655
6708302
-3829539
-919733
-987037
6308873
7614927
-8908096
-2903826
-3689669
233480
-4303455
-2586650
4927017
-1651735
3366502
-1677840
-9608136
196122
-5819331
7002109
7203878
-2155753
-7232622
-7459296
2533334
7451994
4885244
-2754275
5109488
-2739182
-5393222
-9470031
-1274462
-2816530
-7755024
-1442358
-159486
194647
-9966628
-5474739
-1470269
4227485
-685088
-6637353
7167524
-9447951
2882439
8572014
8583433
7254033
-2817288
3747023
-5791178
315687
-3375890
285578
5313998
-4388165
-8280850
-2443023
2015638
1821979
-6211404
-7150923
-558945
9465133
-9762038
4600293
6041704
-7084882
-3948896
-6519448
-1719667
2187079
5260573
-7416250
9276680
-3919528
-5010283
2649310
-4500314
-3553652
-6297918
3535088
-2557311
5413580
-826907
-6603288
6283088
4729614
-3707633
4970163
9914432
-840224
1827235
12449
8264543
-4563075
802750
-2035506
-921889
-2679352
5505381
-5331830
2382890
8363964
-391995
-5960373
-9859723
-2064910
4394363
2312164
-9714725
7691940
8457287
-8544390
6299607
-2352110
7087627
3465426
-2802672
1291575
-760564
872452
9248112
9791458
-2552957
6174987
-5049411
7447413
7683639
5476880
224314
6280097
7446130
9701920
-3103038
2917768
-733101
784490
515440
1633003
2477674
-4446688
-8392846
-5547626
-3859517
8567540
-5171222
7240146
1342134
6054784
7168991
-6590869
7413662
-8549303
3337898
8570458
-8838682
-3358182
8702232
8970151
2658232
-8817076
9859518
-4749364
6881434
-2746981
-4985228
-858530
-2252269
8461256
-2194087
8216246
3146972
6753780
940984
6325192
3057045
-9839805
-4923853
-2767843
-7277199
-1267260
-9533870
-9890756
-2325269
5068316
-5650401
2042283
1659402
4898973
-4637276
-8533812
-7013687
9086638
-9712247
-4806274
7784941
-1424607
2234553
-7231370
3836805
1250626
-7980852
6407662
-8641294
9209092
5869950
104762
5958077
-5166192
1354807
-884987
-4562740
563703
6490191
-7300562
-8824616
6851578
-7772716
7921177
-5670901
1982183
6493755
3893205
1440781
6149143
7576052
900940
-6333984
8754012
5555127
-7126124
4158939
1463467
-3598046
-7215709
4919867
-3428820
4959178
-6778167
-2299128
5805946
8516562
-6796230
-6575488
5400588
9471500
468037
5320601
8930427
9731757
6262722
-2430447
-8741445
-6657212
7111018
9815539
2032801
3516707
4511903
9348005
-2917030
5108659
803406
6966775
3155438
2630070
7676657
-4362426
8977661
-693264
6271489
4076742
-669738
-6797018
6442084
-3129792
3693289
-7595719
7386422
-1756982
854366
-6348596
-4792508
-9937106
9661533
3503545
3642099
-3757460
6820309
-14147
8853923
-2437659
-2975140
6042108
-6704809
-807661
367853
-5689479
3077231
-6886921
8023765
-8234295
6493004
2106643
982913
9918092
6126710
1875739
-6300635
9205007
2013123
-4514752
7745167
-8464816
-1655588
-4665694
5852417
-2572894
2462183
-7888869
-3845013
9628106
-2602078
-2391437
4844022
5947679
-3613894
7773182
-7217391
3922749
5424309
6768239
66469
-596000
8670408
-4999922
-4753019
9904944
8743687
-954675
8829640
-5187452
-4019396
6969985
3139470
-4575096
-7664415
-2756021
-39886
5984188
9156092
-6014478
-6383313
3744608
1476395
-6390746
6557883
-5989317
7307346
476974
790468
132331
2984399
-2283224
-9997500
-8775556
6956970
2866691
3210254
-846964
-2863884
-1628266
5432324
-70737
-6156539
9582555
-4509503
1862222
-6952933
-3460029
4687664
9585783
-4892655
-2400587
8882568
965415
7413653
-2837781
373017
2893303
-7921971
-3123668
-6474255
-7004303
-1627174
-1738258
7003549
-1107573
5840264
-9778144
-5138532
1881631
-9838859
4973431
-9098181
-8893265
-8736742
-8967252
-1195872
-9850063
-3041028
2565452
655777
-3186209
-1355139
5761448
4710051
318914
-7699043
-331482
6820064
4894619
-1489393
-4567357
2757953
-4466803
7941888
5103349
-578015
-5458489
-2584032
4425446
-65724
5009342
3849634
-4996401
-4666534
-9387033
-7465944
-3674763
-7307453
-3412547
-2053526
373351
-1785637
1763352
8208606
-4788186
2153673
-6597254
1837753
-1420482
3084723
2122422
-9353022
-3793695
5869180
6254668
1633063
-5667630
1605453
-5025166
-8916766
1023781
-9205494
2467474
-2184852
-4783063
-7986103
-9785992
-2565391
-239697
5100570
4551326
9351229
1354426
9361327
3890594
5825451
-5462061
-2793939
-3586682
5643376
-1643196
3324946
1052493
3772567
4134221
-1991639
5257137
-5694140
9519571
-3871657
-1568050
-8125002
6505604
3527264
-5560980
-6826191
-4591881
3805153
-9957236
-9265671
-1812913
-7671075
-5402867
2031510
-1909074
-5467408
1603046
-2330000
-353525
9453805
9693396
2586596
-4283654
-8853146
-9502299
-6146533
1851550
2965835
4568270
-9384745
-8378082
8144669
-3930518
6578622
-1210916
947754
-8156541
-6639640
-5777389
-9548367
9711920
-2301248
8234444
-8894782
6141819
-7390689
234876
4727777
-9732113
-5329836
-2659579
8811258
3109159
9597601
5554631
-7986742
-5549886
-6983860
9865716
-7655984
8920343
-6002223
1516583
2518641
-7789794
6658522
2406167
-1594751
-1706967
-8127971
-464392
1875923
5148478
-3856015
9897832
2286243
8035288
-8369115
4258427
-4335947
4096227
-7975249
-6293114
3731294
7958306
2647282
8172866
-2951096
-5129795
5692389
-8362110
6459728
-2856846
5659571
-5607794
-5348107
-877086
4035065
1913472
-2125716
3504734
6857625
-2596992
4063208
-8845383
5562705
9133222
991410
5836267
-2653503
9046784
9233739
-1232664
838887
7965437
-1297590
4311593
8086013
-7585871
-969600
-9500940
8717593
-7844147
3677897
4256648
6624660
-605977
-3520125
-850360
1353203
5348184
4299166
1171077
2267421
958358
500372
6084137
2354356
-9438090
-2767507
-8901637
4335708
-4701780
9884086
-366882
-2128722
9157056
883567
3274886
3047175
4732415
-8905584
-2922493
-4580970
4035346
8150060
7077637
-8294271
5813482
-5051871
-2382653
1831431
-3611663
-3197344
-4844173
-7088719
-7308804
3275965
146284
1577191
2542071
2460891
9165539
9145879
748175
8026912
-5974530
8059623
1432580
9965631
8703527
2425998
5339999
8227973
1951489
3645770
-7254075
-3669648
1061366
4571175
-4933144
-7621204
4169946
-5607554
-1502513
8008766
3901630
6898157
-2377381
-3153058
-3152904
6546037
1088006
8483723
-9143124
7341880
3442677
-3144121
7749378
9391619
3905331
7846859
-3440372
2866013
9404829
3939751
-2366977
-4175258
7227134
3147579
-4302149
5406646
-5110831
-6231451
-350813
3261879
-2904184
-2662830
4081662
1054432
-4855035
-6408268
4509037
4980020
-2733833
-6937665
-6782263
5278017
-2418319
5046474
-7138253
-5144013
6584788
-422114
-7423037
8853496
-7518173
7717037
209506
5273801
1888217
-5712667
7587972
5153064
1510411
3898851
6250754
-2965382
6189986
-9486193
2057575
9676299
-9039045
6194127
5450375
-8344328
-4316097
6644208
8573076
-487637
-6285064
-4664463
1331529
-1865940
4724699
6596379
-7244405
-4009709
-912614
4851518
8122473
-9886131
-1093093
6619712
-2243086
-1457827
-8772722
-3744589
-2683036
7631020
9952261
8721245
2461029
-2217324
7992229
-4549791
8386084
1882194
-8105979
7259505
-5299507
1691708
8389722
7805975
-3786901
-2328644
6561644
-2483857
9874272
9790137
-7879220
2748927
-5311347
-3385131
7258516
-1032657
5452691
-4573137
-5448686
-716896
4147083
-199493
-3475928
7557908
1732569
9896308
-1357157
5610369
-532240
-4047092
-7636645
-5510676
-7242764
4256383
7376364
8487003
8371148
-6027438
635672
3453262
-2033489
4251144
5298902
6070135
1849207
5965225
-9894013
-3146662
-943711
-6477967
-9841981
-4611354
9481667
7501391
9422147
-5365183
2679316
4798977
4629350
5613237
-7102325
-6186660
-513734
-7657780
-3049117
-6511596
6479886
-98844
1390807
-7146207
4649194
6634322
4669416
8561798
-98658
-8098641
-4392054
-8402198
9724751
-5305236
440817
-4190806
9610687
9059369
-2004663
6202705
6851318
-7384975
4648545
-222832
-963664
-8802522
1568209
-8813624
4901776
1669447
7175335
-1594597
1605130
-3043408
4129798
4026085
5449841
-8834899
-8214477
8102107
3851029
-7605063
6780712
-1810891
7796869
-479736
1113899
-9483036
5311956
-2348689
-6886107
8938555
-4831938
1068398
-3164644
-9646123
2657689
3403087
-2817108
-5688462
3071869
972439
472442
356554
-234948
-7609097
7043440
7768553
-6663165
-473223
2759269
-7635570
-8290518
7302797
-1094986
674848
-2033229
5474310
8224634
-9866747
-4320523
-2673705
-6195402
9246212
2337046
-4694423
9134972
485710
-7147393
-2631796
2420455
-947409
-2463151
-4138251
6393861
9315076
3304427
152988
2182897
-9056938
2380777
-6332373
-2833282
-1458508
2997285
1039798
-5039527
-7060225
-5806498
8377565
3496940
458658
3939530
9386547
-9112763
694664
-8402010
29191
5731141
8340661
8023241
-5432931
-1473020
6109671
-5053618
4695195
5414142
3537162
2379154
-5490259
-5139947
6832128
-9343602
-9947215
4730259
-7530355
4985581
-5774703
-8334018
-4891954
-773739
3880574
-8519998
6145404
4321061
7263455
3410577
887628
-1424540
5610424
-3019585
-3287791
-4211937
-5703489
2140786
9007884
-5648050
1492084
-7486756
3349294
-6803096
-3822076
-895800
5904479
-4035489
-4006901
-1976686
7649443
9127485
-4260225
7837116
370114
-5515077
-3770570
-9281192
1157525
-9265782
-1569820
6772234
-6296663
4021622
7757379
-4758337
-7721234
1885401
2240983
-5203837
-2054967
6327059
5351394
8703104
-4926642
6903051
7914975
-5737801
9077486
2184713
-9277050
9212582
5760741
-123314
7044477
-4663232
-8717026
-9065401
8314698
8031625
2562495
2239181
-7372868
8350760
-9859956
-6212688
-1380894
-625481
2528520
1250445
1133529
-2925987
-362695
-6248594
2670331
2106457
6695950
4560325
3230338
-6014480
-7732675
7181672
6403687
2298474
9975520
6167614
-3452135
-174709
1724123
-2612955
-5656238
828408
9788126
-5915555
9422237
-3399276
9636401
2119690
-3119630
2679808
-1014706
9364679
2785049
3483873
-883716
-5609124
-5524882
527385
-9016191
5578652
8280870
2349912
-2857206
3249718
-1377484
8713657
7784794
8249348
-9816814
-3943905
-6679715
-724019
3221369
-9651308
-9825125
3506069
9762769
5653610
-4581065
-9402229
6498816
-2659449
-5615202
3894904
-4287111
-124720
-678914
6325401
8811771
1751772
9609710
-935456
2004897
8203922
-2239679
2778429
6560530
-2123370
-8890
6764571
7211983
2829359
5078369
-832120
-2316701
-4113790
8154471
-4507464
9459392
-7198144
4200050
5018984
-6372835
-8028587
-1164639
-3122457
6486173
-7396717
3171557
-3760206
8151313
-8246668
3496982
8939111
-2001396
-4303504
7233793
4126083
5494804
9976771
-5638159
569656
6629971
-4521109
494652
-8332983
-6054037
670681
3485347
6861806
-5613213
7629367
-7232179
8396816
-5921308
-5117251
7738761
-5792474
2414110
-9435398
6942081
3821464
-6087939
3384205
6831006
-3668479
5421251
-2453075
-5961225
-5453739
1284462
573140
-6748822
1610562
-8711581
2631270
-4516462
-2687601
3206239
5525899
-9845671
-4651405
-448407
527683
4181683
7224103
3685442
-2015089
-5685862
-222041
-4052885
-4968950
-6304634
-4840216
-7788399
9001597
3154171
-7996490
-2896461
-9213776
-4108529
-5943792
4246780
-1101282
-7724117
1109640
-3329692
4204390
-9297764
2659547
-2956978
1140094
-2485187
2584475
-8775641
9491099
3194456
-5255563
-3415610
-9365863
-2007900
-8956544
7126200
4254118
-1687805
-8248432
-1266578
-7269112
-4880653
-1604375
2027558
2971271
7268438
-4306021
630795
8286737
-8362441
8386414
3009260
8325881
-9752440
-601270
-5766557
-5833237
5725943
1936003
-1329315
-1580943
2133942
-2234570
-7940666
1502266
-6337018
568958
3511194
8519298
-7651039
-9706660
7179107
-1997535
9204549
1412397
1484896
-5530662
-7884177
5228023
7198504
-5252209
7130227
927668
-8940681
-8194646
-6790660
-6601749
5047820
2510172
9889011
-274445
-5143391
-3990839
6732870
-5615209
9668284
-7301154
-1720168
-3568908
6728448
-4356016
-1596890
7454408
-7717118
-7591865
7869458
-456585
6553296
790502
2558582
1011506
7016023
-9680497
522460
-5047274
1898840
3347291
-7094138
-7320691
-4484256
-8031001
3803551
-744382
4613101
-8608234
-5667666
4564371
-1575017
-1287831
-3946364
8784410
-161395
-4447716
-6394772
-5625932
7842125
-3482287
-1819926
6394006
7864037
4812132
1899362
-2586063
22060
6476130
6310177
7682483
-3424629
-1914920
-6605696
6090126
5638861
-9651795
-8749307
-1944223
8895639
308103
4174998
4299660
893417
-3842766
5071620
-9788504
-9740261
-6987235
5723571
7373219
1051169
3890580
-8882656
7073931
7551746
6073932
-1972227
-4668539
4441543
2509356
-9826228
3882035
7374665
-2417325
-2522718
-2850864
-3677764
2553625
-2484320
-9571009
-5700994
-6138940
4711426
2457021
8833216
7050477
9634685
-3935833
7736941
-9840165
1923108
-3115607
1744664
3967864
-5433346
4994929
4212597
948629
-7760599
4606928
5670097
4345810
-2486623
6247172
-66661
-9235801
2373415
308236
-1289323
9129874
1959337
-1023496
2389764
5726783
3437066
2294176
7114676
-8532274
-4262533
-5932648
-5640651
-8960461
-9552221
-8636739
194028
9856570
-5589964
5907549
3567127
7304639
-2987504
-2140426
399103
-9133467
-3564928
-7297610
-3178926
-2402189
8144279
949816
-6826009
7076071
-6175649
-939657
-7846536
-2834702
7382331
317098
9780418
-2144171
5032948
-5523872
1003696
-5436927
8058683
6597063
4919157
-7805213
-3257009
-8443879
565172
3998150
-9161333
730981
-9731891
6963430
-2530247
-7501538
4968773
-5276815
-9206108
7605559
2745914
3416104
8906735
-4123636
8550828
5094037
2134032
-6321828
-1053223
1246865
-8594124
-577138
-130732
3070205
2307835
1445079
-4901477
1025410
3711086
-8216767
-711594
-9771110
850588
-93361
-9753689
-8554515
9710596
-5574751
-5354474
1337280
-680738
-3274553
5783547
-7002584
5352260
-2062467
568549
6411588
-8116795
1165094
-3063901
-3667453
-955792
-4461234
8008088
-9423528
7882912
-5837958
-2190221
408909
5944632
-4334538
-2995530
4009805
-4242027
5198287
3459406
7634786
-1660322
-2469144
9617665
2940825
-2952066
-4785651
5173799
8662689
9853831
5085544
-4978764
4799058
7494491
3492081
-2760208
-9557409
6375966
235326
-1233561
-3945783
4868063
7258461
9708287
9756670
-4086647
-9704384
6725782
2943021
-3202662
-3158148
-9021806
-7366295
8221185
-3142309
1808599
-563145
-5161602
-2010602
7211603
-6308773
-5913610
-629893
-5167554
4082215
-275684
6126596
1290970
2534544
7258152
-585413
4511383
-8444106
-3979901
-8128902
7049462
1520142
-1746931
9728140
4096216
5103097
4312750
-8550521
6763317
-6605289
3359244
3271373
-7216378
-2442467
-5196041
-7014514
-4610521
6084670
-7514306
-3755777
502537
8135732
-1632406
-3883712
-8001501
1261156
1261724
-2140544
4334968
-6615668
-8650061
5741944
-8335732
-8267955
8244329
4594066
810442
540186
5743059
6473062
-1925329
7711719
1834410
3811764
-1504004
-1879233
-7876426
-7718807
-5965191
531471
-409777
-519892
862090
3558632
4652806
8029779
9534556
-7123122
-7070055
-6231443
-5414636
-6785925
8275239
8719877
6954588
-8219156
-7548605
727028
8273367
-9470336
-5008916
8329649
5262590
7278767
5428064
8022911
8016224
8396695
2132094
6167351
7518745
-2034368
3507367
-2797047
1907408
1503120
4323925
469508
5499798
-9515609
-4551988
2044476
-2768493
5809146
-5473826
5943619
1757043
9057409
8909008
-9667433
-3069231
3969001
171017
-255652
-7107590
-283706
-4709249
-9750513
3327158
4156956
1050304
-2180607
-5335142
8837086
4904262
-3338983
7178617
-5028453
9497246
3860706
3073419
-7136144
-9793034
1189922
-5756698
-5584198
-4085604
9571038
-3620099
2242473
-6938063
6960258
2007002
9699988
-1111452
-7329707
-2961484
-5937771
3850934
9410025
5917054
-3453837
3892668
8757123
-9964591
3302255
6937800
-9144205
-757021
9677871
-6734898
-9740234
-4986246
8642459
-6432309
3837882
5753363
3658599
2338143
3748478
989540
5956548
5398339
3731453
-3153155
9672469
9821619
226552
241464
-6435489
4866309
1120459
-6361597
-2953238
-456642
-7574736
1164286
-4689360
9786986
-9393757
8889988
2238110
-995743
-9849618
-3465440
8732638
-4698751
-9279947
4212002
-1186093
-4721294
-4645147
817291
-8596220
4955660
142769
2095496
-5016914
3890911
8311165
3824770
-9302839
-2597226
-7477746
-5454516
1422571
8371530
1816305
-6992549
-5183638
-4946992
-4872427
879380
-5120774
-1679582
3656071
-6049662
6539018
-8058496
7364756
2364920
-4319243
-8748747
5945623
2849135
1627141
-1725933
69686
-2591729
2089702
8788656
-2594273
1294311
-1503626
5444530
-2213112
4474093
-5577506
7486042
8026166
4300128
-4894627
1679378
-3092926
7500957
-979034
436184
4775079
-2379759
-3788229
5654599
4315531
4918242
-4180799
3093189
3663631
-8024103
-4429713
7673437
-3272958
1207395
-4182156
9413137
4583173
-269335
513189
-3729016
-8928373
2900930
-8339571
2886829
2024082
-2659216
-3037203
-527078
-3808751
-5733738
-6843616
3990611
8096558
-273240
-1311419
-9514108
7107837
-7847909
-4937871
5857548
945850
-886194
4087453
9920085
6961440
-7295547
9958272
3739118
435957
622237
4244394
-6346075
9185150
-3747867
390578
5324467
-3598178
291705
-8801897
7461201
1211528
3330550
-25525
-1954181
895740
1131059
8096041
1920892
6760570
6477550
7745869
5382712
-2747103
157066
-4988333
-522106
4146402
5142647
-1591450
-7377697
-2324823
-4717913
9955394
-2999276
1818019
6554353
-5458478
-1781550
8284800
9887291
-1937873
9759133
332759
-7018083
827349
8481923
7366919
-5632300
-2630429
4530660
9286079
-8653047
7076081
9457658
-7084652
-263611
-5388212
5146397
9223470
3361213
-6015936
-92137
3941200
-8319899
6387164
8555282
-5575847
-5958397
-5676136
2025243
2308935
5369652
-3355628
4020719
563120
9850305
-5332338
213937
-2100366
3978534
-4165350
6813768
-5038481
4436827
1815813
-2780166
5726973
3887760
371435
-7601311
-8909467
8967349
-8657660
-6986420
-3863962
-8163968
1344683
1342787
-1726214
1723486
2071751
7995158
6667367
3630352
7391013
-8958153
9932044
-5524110
2860388
-613825
6159533
2264172
1116959
-5562916
7528247
537538
-755171
-2488660
-3051251
1076184
-8234574
-6028495
4125807
-763406
9253875
-9960191
-9523404
3162090
1462162
6537301
-857086
305333
-1414656
-5885245
-1601189
-939804
3379492
2026603
-3018360
-2739053
-3980538
2012594
-1740857
-5626083
3819570
-8412527
4630922
6225265
-3420825
6569665
-8051962
3773182
4473467
362598
-9628505
6757153
5535958
-6190218
-5217273
-8683326
-9167819
-3985345
-1239732
4225187
2509396
3662199
1115451
3045118
-2660154
-2082303
7164339
9780992
-2006920
3569057
5245255
-5605647
-2569693
-2658542
7864674
-6265805
-4937084
-989370
-1541513
-5868517
5284541
-2017155
5752264
-556889
-8827473
-7578518
-3035354
3227172
-9668527
3131291
5118740
1655498
-7773869
-221601
-7425419
-5975275
6213140
-205854
-9346364
1085348
-7459450
-6634871
462450
7363181
9643600
-7361028
-7866586
-9482871
9000800
-4996475
-4697473
4155571
4396535
934700
-3192018
-2743009
1761523
-6461917
-2019928
7585782
9582781
958821
-9864041
416035
5241391
-441476
2441212
-831394
-2047440
-3886436
9874178
-3673690
256370
-7139870
-2277751
9401013
5016913
-4367778
-1643485
-2890724
6420159
-2871190
-3016870
4030355
782731
-3776814
-5333648
-3139223
-816726
9382867
5464041
-7604207
-618344
4709746
-5724066
-7079973
8547229
-9695175
1185068
3284290
-6115446
-9484125
-1097832
-9365330
-5314608
-1608525
-2196843
6686658
-9011984
6876589
-8944751
8273115
-4560501
5300861
9136623
-1251614
595750
2836415
-3381617
1804558
9185549
-9313436
-4558431
-9131460
1586248
-4924097
1061139
-19458
-7213314
-1365788
8951160
6083106
5599947
7970622
-5138274
3869802
5310687
7188620
-8016758
-1743714
-9693130
9527486
-5455657
8541286
5424990
5292221
9744196
4049738
2550191
7672305
2591021
2217370
-795707
-7299544
-1267994
2462402
7869345
6047665
5077926
-7063200
-9670590
-9774443
3814097
1471877
3636961
3261139
-2862749
-5874622
-9644593
-4377993
-747130
814413
-9019502
-8158744
5239943
7729176
-1904452
-4347988
6677825
3913099
6011148
-6491420
-9893102
287689
9273329
-8013293
-2815256
-9273767
9717219
3076380
8117635
-627178
5666801
160231
1150578
-1903799
-1773017
-8606934
7264194
6570870
-9443767
438634
8570414
6412667
-3124477
-529149
2900644
-1667551
-8684415
-6756232
-8569994
-2992311
-5526353
-6121418
1189436
9717118
93289
-4057637
-527850
9619264
-2917293
3790819
-7012046
-1608616
-9131441
-6928776
-1532714
9478517
-1705828
-4805321
-1042719
-3985314
-8930042
-2533034
8564411
-432737
3152597
-976050
-5224407
2465331
7765385
4458706
9284822
-9074579
1806765
340476
2918663
5034194
1644556
5027008
7618167
7070341
-6897404
-2892962
3887063
-3176557
-7408955
6730161
2776241
7952403
5876476
4087867
-1020019
-1418198
3829158
3327174
1179552
8125301
-9930088
606116
2878360
-7184142
2036333
-3810686
3533020
-4867813
-7703676
3330050
-3577980
-6047382
-3032093
-3153775
4581863
-8915276
8111331
589476
-7388612
7044855
6534935
9872752
2099884
-766142
434712
5607419
-1154703
1398095
1884400
9103739
5391616
-3117143
-7323102
1054815
7153323
62880
5135115
5692781
-2967343
-132229
-7247501
-7382767
-9500004
-8170561
1582150
4856917
-2776179
2408001
9703284
4241687
7001774
6022957
1334743
668714
-354611
-1060686
-9821664
-7769678
-1711226
-4133377
4182508
-8752881
-620937
6156809
3016411
2641024
2787481
4169342
-941808
9843734
375639
9961284
908719
-1972001
-9037232
7097714
-3315684
-8202731
-4724793
7163896
-2238096
-7857079
2671586
8913223
-7221684
-3184170
-7968581
8808008
-9288501
-363613
848387
-6137812
-7503217
3245427
-2277657
9294295
-5876581
5964860
2996089
-8738076
9957763
6777430
-793212
-2296929
7589928
-6584847
2215846
7890693
-1026723
-4830545
-4303704
-975320
3456828
4519413
9331344
5323858
-7811594
-4065081
8223228
5830363
1368345
1772741
9325020
-1413266
-9748351
8694771
-2215188
5564882
-2579228
809337
-2056300
-6128790
-4848547
8825333
-7299459
3027603
3494862
8735771
-2032010
811481
-7196631
-3725071
-1671503
4542039
3431635
8375609
3906720
-7370157
-6422424
-6680447
-4882230
2496633
-2688288
7803562
5704664
6958366
144682
-5029607
7372541
4444242
-8209211
8682745
-5164907
6208801
-613427
-5020332
9976489
8439664
-12030
-4751931
-8690208
-4696665
1178876
-4784189
7178487
2860979
-2214912
3321414
5790409
8612028
8528244
5406353
3663317
564772
-2452931
8167034
8274955
7705340
-5977290
1116670
8488873
8340945
-906333
821442
3299968
-8136661
1019847
458717
-3026009
-2947794
-2666211
-8633790
-9833204
-2184183
2101445
-6623452
-3403318
197198
8923304
-622348
-5295519
5700348
5338796
7757330
9450928
-1468730
7967543
-6054391
-2062796
-3554995
-6030001
-1727511
6554673
9573663
3004350
-3177752
-1754026
-2591254
-248435
6924252
-924422
-49784
7113145
-3373654
6083238
-5426190
3493223
-4955852
7374381
-1506478
7755917
2217217
-6272530
2299338
-9295590
-7811260
-8915760
7247007
6687601
-8960434
2424394
-8570628
-3902878
-5160430
-2542166
-4988103
1501870
2298322
7728791
6260408
-9583074
1951547
-6716077
-5018862
-2943295
-3060004
4634820
3230494
9557530
-836917
-4235132
8757937
-2920714
4281691
-1578219
-7088721
-8898364
1669428
6836828
-9509227
-3045189
-8752831
-5165553
8090959
3840796
-622067
9295112
9123829
-4582928
249481
-1537771
-5746138
9392435
2950172
-3010116
-4916848
-4521372
-1840381
2914108
-3472619
3670332
6600885
-9909220
-7019331
1876404
-9707227
-5166005
-7118420
-9290239
7643956
-5176649
6093116
8607495
9520074
-9348218
6162426
-7046656
-1990406
-814542
9820655
5318218
7879498
-900781
7545837
3006528
-7897167
-1597712
1912615
8093639
8184558
3837740
5379464
-8888874
-8128705
794168
5271689
-2757858
-6813728
-7249708
-3595172
1403907
495125
7282688
9307192
-5193979
23699
4491144
6591867
-3103440
2707308
-4937114
-3767136
-307901
-628243
3571773
-4496782
-2053349
4386577
-9409966
1708724
-8983816
-200451
6744810
-3612229
-7764639
-4965098
-7669144
-567352
-9184664
6426030
-7509152
278305
1760154
839947
1700572
-7202691
2060879
-2391236
-6300239
6066579
-8373755
-2389154
8897310
-9449506
7782919
-1601156
1248929
-8534225
7739892
5985471
3827366
-5786240
6076580
-3723954
-645779
9728206
8388020
1866862
2134585
994781
-4553052
4659939
637914
-8299967
-3050126
1478276
7460693
4997776
9794458
-1554385
-8895000
-1194070
798502
4640275
9067342
-9813053
855993
723899
2433223
386084
7132368
-4046716
6866608
5726406
1594291
9064138
8960475
-9696027
-5081515
1955881
-6489854
-8501102
-3948970
3295069
-501068
-5141069
4426862
-3241572
-3138186
-3369442
-5934771
-4091308
727066
-4871689
2863349
-531804
-3051852
-5949487
7732795
2933116
2366113
7161645
-9296354
-558825
-774586
7022531
7615890
5452784
8825678
-3814962
-491610
4924233
3594474
-5812274
-5114042
-3368180
1309188
-337499
168942
6862951
6665220
6264283
-2005553
-1201670
433122
-607993
-190751
7805163
-3886128
-9926040
-4584064
-8454191
-9533706
-5791220
-1308720
-4425865
-6208358
-3675150
6504180
-5976290
6769064
-4042665
-8427302
3587179
3588888
-2765761
4149121
6734392
9961543
9222862
3349031
7045482
-6670885
-5712741
-3020851
7223069
5088208
1552453
7575878
-7516109
6400261
-7157925
6270368
-7111364
4752409
-8851920
8570364
-2928733
-6142657
-9476588
974018
-4862128
-3276395
-1927012
5505104
5732245
7023306
2671719
1403339
3256335
1340258
-6333744
-2893253
-2492502
-3205174
-3852452
1129551
-2263803
5249048
2313023
6379232
-6188075
6417293
-1554454
-5711162
-3180409
5795821
-5346940
7290433
5450367
-1119681
9761940
-8561309
-8465207
7337083
-9438810
-8781676
9330138
-8121653
8257069
-8192397
-5907146
-5081420
-2156661
8829685
-3160742
1505918
4668186
865194
1063872
-5675709
6732084
2943180
-6506187
-9207205
-8095296
5212677
9855574
-350318
8907888
-7362830
-9394663
-3871777
-7667548
-9336044
5739436
-3092398
3573745
4199315
-1500285
-3254058
-8774857
1923479
-5984687
-2759911
-9265145
3936271
-6265884
-2364833
946360
5592655
-8762664
5941773
-953077
8209091
4283905
-6978507
-9186944
9269450
2281107
8495677
-8228783
-2004426
-9650454
-6401629
5242402
1336792
2095462
-9682280
8846766
2836951
9576571
-5443559
-7793174
1635815
-7261596
3531359
-4686626
-9717971
-9813237
9620225
-6646835
-1008016
-9239310
-9270695
5119486
-2204245
3696869
8931791
-5472287
8668472
-5447214
2043177
5222545
-5022162
3412609
4243898
-2757124
-3927107
-8844721
-3350496
3704145
-3060689
-2684344
-9265450
-9005443
6450828
-8779545
1466242
-2948921
6854192
5915901
2894965
-27518
1934396
-8571202
3571925
7441673
4931531
6430758
-754388
-2118899
-7523807
2739110
-2549832
-291005
-8785053
-490847
-898572
548706
-1134824
6048678
3195762
-1164612
-7497939
1688448
-3339992
9133469
-1587674
-4806498
3243097
-7142323
9672928
2188381
4959961
-5851350
4868488
-2101763
-3095014
-5251677
-407681
266846
5354384
-2592105
-5980375
4696855
1269114
3589636
810102
-2240718
1155780
1090432
-1611049
-1445060
8187906
1557246
7947560
5103011
1014814
8011852
6664469
-3529068
-7633611
6223987
3942807
-5016410
-929907
-785952
-3809710
9697695
5813660
-5794733
-7716246
-8605872
-1211103
-5367806
3778106
-4277174
-5835169
-4628457
6817109
7992170
842188
-5630258
-2246088
7234307
1653952
8704284
-3553999
-151772
-4931993
-7650080
1567603
4528948
1345627
5255445
-3818498
-1348378
2132333
-1856920
2883365
-7853380
6912489
-4856028
4170788
3914848
1581589
-9988307
-7783101
-8405024
6070673
3479903
-5868827
3861083
-1298207
-6668295
-5358624
8643748
-95561
7395055
3373755
-5549923
3764269
-3348414
1619570
4817095
-2371352
-1706504
8921280
-7554118
824130
-3470461
-9532119
859127
5095183
3355348
5278554
4265007
2748126
-6782794
-2366102
-3595453
4556619
-2568246
-5412548
-7259261
-3318989
-9648910
-7332805
-6260820
2547073
7473700
1296014
5701156
-1679908
7567580
9948842
-1246872
-5226044
-1010740
6036679
-9869127
-8149858
-5624662
1451856
9939712
6067161
7934627
-5312709
6938092
-6130197
-1390703
-3003557
-1125958
-7866447
-9886059
5835892
-227917
-3345709
2969582
6465191
9532028
-9954864
-4941551
-934183
9335345
9552701
-4178800
-5941743
8310919
8274279
-9637149
-7746011
729582
9240817
5707622
6654977
-3387887
3824930
3859438
-8047513
-6551114
4663755
8468445
-5592717
125033
403041
-214157
3973561
5583108
6998239
-1399225
-1697976
6766938
3793920
-8181984
-4778829
560937
3174112
-9063114
-4624160
6611130
-1886058
9088427
7221499
4774606
-3559917
2707729
-8094442
-2510784
-4612039
-1863095
6804857
9154806
5881624
-4140653
7108298
4040464
9991356
3363010
-7107087
-2802367
597640
2637013
5418487
-5790044
-1929279
3608783
3089782
-7597420
9630423
568261
-6451560
1238550
-6819705
1093079
5857949
7261049
-1140513
4136885
-1992769
-7622880
3544519
975942
-1091363
-4913938
-1178435
-2316643
8466856
-5323261
4062938
-1142843
-2453236
-1660605
7267216
-802105
-8491611
708508
9954401
3289356
6942009
-6572985
6500690
-7340351
-1147236
-365708
-822713
-4668404
-4338097
2832749
8160118
-7320523
-9266231
-6070600
3458300
-2508701
-6059005
-6345022
9914951
-9136837
-7839617
-5365554
5315805
-1361834
-4429610
-4484257
-8261900
174405
6326002
4907526
3052994
-6658020
3417913
9503365
4136506
8450196
1996420
1548298
395776
-5663370
-4698482
2748069
-9434280
-8411827
-4518980
-7098661
750883
-5692010
7496862
6815691
9300046
2890718
-3337185
6783049
2164744
-2617761
3620061
-3551888
464500
-6626569
-7887757
6299044
4971911
2637773
4088397
-3618768
4727367
8346619
5912960
7592870
-2870618
-5321190
9669928
-5409316
-292218
-3570109
-4920337
-77550
3736884
5845522
-2814727
-8106075
-3002900
-984291
-3183784
4145151
8165507
212183
-8775680
-1663213
-5064905
6578038
1902748
-3625556
-1676057
4563561
-1502263
2946328
-7577058
-49547
9836548
-435181
8876454
-7215362
597334
-2930161
7278131
2516699
6019475
-7495844
8889355
9271224
7016401
2030109
-2681222
9648399
-7780689
8200645
-9346312
-7936248
-3462957
8164305
-1181118
-7433419
176332
894925
-2006123
-776781
2082515
-9491088
-8507073
-9740473
-7791558
9989003
-7747096
-9672642
4728043
-8484166
-7743082
-3626330
2264205
-3536230
4397409
-8845782
4173945
-4364949
-6352749
-2715276
-903143
7482429
2005729
4642539
-7891728
2716267
5014878
-9246745
-1652853
-3252987
-6545812
-239661
-8984537
8884037
-5895949
5322253
-3677785
-5077384
-5252857
7396804
9555050
-8489233
-8473461
-8996644
-539315
3307909
-6153997
3491157
8813946
-3316962
4085195
2817087
2241571
23931
-5671340
-7478069
-5936601
-856045
1095745
-9748458
251938
7672115
-1126060
1103550
5493602
-1785959
7741609
1500483
-5367584
-6170900
-3052162
8631131
8960006
7067089
-4060982
-6617118
-9500086
1282063
-1167791
6770659
-8068274
-110596
4188399
-899399
-9877970
759847
-456413
5012718
5325212
3901303
6277758
9412352
3722437
3309184
8557491
-1794746
-4557328
2771417
330643
4467874
-6330251
-1053676
-6399957
-4383279
9889023
8270359
-3343439
-4164561
-8005260
-6256021
9767832
8837403
1504919
-7046046
1637103
-1279422
-1505178
8249791
-3245745
-2335737
-2738729
-1388459
-9867433
6420263
-2439809
9914212
1589988
847544
7348873
3406885
1151046
6495311
-6714573
1001356
104790
-1453611
6619011
-9628168
-954702
7850886
15493
6822735
-3094618
4761638
7015772
8343780
-8004331
6221226
-9163432
-7822376
1689279
-3587034
3708837
-8315280
-278294
-3964917
2935258
-8516091
-9188598
8939282
-7234591
-5857687
-7905385
3927872
-6090895
-9739325
1316415
2645886
-4532796
3085327
-1099372
-7739261
-9951030
1233742
721913
-7374150
-560992
650017
-4946162
7345367
-7745899
-7208456
3900503
1937671
-8373454
-3041822
7049367
-5234286
7063784
8441516
1862274
7954736
9966994
4335592
-7174905
-2414913
-1657348
-8976074
-3234741
-7492120
-2158870
189779
-6522213
-2786402
3050916
2376409
8318697
-8746080
7533417
-7542859
-1258222
3463770
-4033917
-8453194
-6036332
-9833598
9655263
-7597879
-6751352
841187
6461064
-4198414
-6826494
-4364117
8955868
-2201631
5822203
2792700
1122071
-9955214
-5870032
9885713
9206213
-1481932
8430483
-5501488
598351
-6039781
-1972326
-8515636
-9080917
-7604912
-735142
-40391
4103683
49195
-6416964
5007045
-8326419
-729662
-781864
3731575
343684
-6704929
828908
-4473178
-7143104
-5944831
-1533985
9970866
-5912340
2376715
-4901430
500637
7698478
4798435
5030552
6452240
2277477
4745131
-3529992
-5809383
3275708
5109406
992308
-2510150
-826539
-6321579
-247332
3844007
-9751433
-9878927
-6956154
-7166985
7782430
-7460973
-5348630
9486902
1901731
3918383
-387995
1841890
-8311409
5815685
-8425950
-6521901
7537849
6484207
-8638083
-9704164
5287507
136502
-621524
4306178
8963463
9915438
8885840
802340
421346
3779256
7719371
-6475309
-5866508
5921159
2037256
-4868961
-3321336
3161354
-9324765
4270577
-5750575
-5166912
1256641
-7436349
7947905
5126120
-4201095
3930018
-6411426
-707361
8063171
701279
-1722758
-6792927
-5602671
2065943
-2788331
-1536419
911997
2472725
8835806
904333
-7156703
4362747
-5609652
2012463
4620988
3670437
838636
-2011201
-5070006
-1681191
570758
-6064705
5670621
-9961094
8764207
5535260
-4567811
-3716729
-555266
6542261
-4876532
3687287
-6245946
-703351
-7611726
-7649523
7553428
-7847947
6927735
-3662186
9135563
-4416547
6882022
-2419853
9327315
-9178059
5324517
-5135990
8917582
-4737738
7778217
-1502579
8125442
-6190182
3870630
1174675
9984234
7097176
9823245
1177902
-2662575
-9671278
-3562370
9890988
6815854
5493206
-4638976
31598
-369046
5088154
689295
-9514002
6669676
6784167
8791226
5669403
-2110602
944393
-6509593
5815345
-359331
6609133
9255538
5239940
-1849645
-3686513
7635565
-2426827
1782967
-3932410
9340660
12511
1720371
-6945223
1942566
2117570
3373067
8530117
-7173156
3291812
-8287703
-5717433
6962615
6505870
-1303288
-5456020
-7406525
1262776
9712420
5167453
-6402650
-7022083
7089239
3120119
6776109
2504505
7976472
5864788
1976333
1726530
-2922934
3550862
6659349
-2766615
-2063476
8115972
-496409
8960963
7833857
-1371077
-477626
5966014
9795787
4593778
-9672076
2208579
-990292
3408119
-7229458
7963986
-7893209
-8028307
5786855
-8106436
-4735996
-9367013
-4652563
-8483329
-9295031
-1405818
-3742154
-9210846
6757842
-5376515
8937406
7250631
-7312972
-1489721
-1486607
4423214
-3186303
4587116
4645468
-3073372
9753483
9366717
-6754960
1340017
-654297
7406997
6648799
5819687
1595475
3397609
-8306730
7249300
9250822
4368575
5448228
-1141162
-3158217
-3183230
4209793
-2606945
818921
-5867716
-8644399
6145447
3783924
-1060286
-6604680
1627971
-8660706
-6517807
8693540
8087792
-2370997
2290633
-6759508
-1952879
-4268496
708689
1890789
7668897
7263230
8393056
3294844
-4244344
2911150
4254097
-2669766
2380337
6829076
-286897
6782364
-6623347
7564699
2998470
-198322
-4804607
7716406
-9817436
1129297
8815924
-973413
1441141
7958220
-6405958
-6131444
6550494
-3651242
-5020419
-4516930
-4764744
-7510895
-8617250
-3036334
1689746
7850953
-5467587
5400028
-6541528
7466760
-9860194
2937519
-1194612
-1057801
5060000
2141622
-5484554
7617149
-2709836
5598254
1145464
-7847681
5405779
-8305818
2278884
2698668
-9757163
-6430318
2473067
-4792803
-9052910
6609245
-1134345
8852899
-1693945
3632402
6470692
169220
-5545113
-1099776
-5779703
1437087
-9825290
8467625
1711739
-4688140
3721949
8990209
7402057
-8739809
-3811268
-792772
4780618
6915199
4214252
1389424
-5621749
7173419
3112894
8531357
-2565512
3082764
7592494
6193477
6586461
8000992
-9056172
-6278008
9815104
-4081832
-1788455
-1687651
2152669
3366849
6841940
481035
8941831
5544703
4100682
5892488
8254986
7954166
-9830684
-9390438
8220716
4503996
8031120
-8752415
-5415585
8747774
-6972960
-6954051
-909943
4115494
-2245939
-7561443
-1388811
-7825197
1118745
-3209817
-1356169
5827402
-364142
5515496
2781649
-3223966
-5100218
-8098026
3992018
8389484
-5690546
7276461
2852352
1388111
4976065
-3465779
4276472
-306873
9601309
-6876827
1582569
2390423
-8662192
-4886078
8575844
220157
3018864
2470167
-8534371
-2059274
-7847599
4970072
1488078
-7919930
5417
-3385682
5663274
-8467336
-3577043
9490541
1909052
9360685
-176065
6070209
-5510334
2553544
6370056
1603017
-3049470
7784913
-7635723
169645
-2069323
-4549983
-292256
3137612
-7398367
5434900
5030916
504286
908342
4991567
-8537497
-760172
1646431
9405730
-3499551
2776760
-4192519
1038839
8363970
-9736040
9398411
83314
8678550
4598739
2107556
-5063129
-4712056
-6804727
2131462
3989398
-852479
-5634092
-4740320
-3000107
2144312
-6537174
-8396654
-4805782
2576397
-2511497
4149088
3602960
-9716166
-9345834
1852209
2664803
2811801
81096
-7232229
4394057
8226386
-7709578
4784741
-5016610
443652
3041447
-1821127
9591282
-2287962
-939378
9553156
5431945
-1822149
-1054726
4881253
7476239
3877273
-1020660
-697167
-5777326
7925634
-7708201
-424679
-198358
4829326
3922142
-6301752
6031495
-7727295
1563161
-354202
7823107
4664859
1551145
-9152290
3666642
-1351204
137862
-5963275
-9130362
-4299901
-4902579
4467830
8947774
9712039
3742132
-1441205
-4541131
-940427
-7944678
-7101125
6717473
-8553265
253614
5278165
384607
9727803
226554
8118641
6276963
-5377152
274873
322374
-6565003
-2556152
-2716270
8718377
-2665108
-9266895
3788697
6514464
7817888
-4069945
-9773990
-8752692
4940928
-4742562
-8770284
-9266114
2244577
-5062600
-3207362
-4867570
-5682454
8539157
-1688665
3349057
2448420
-8437533
-7975267
-1063011
9433325
-2065230
-4404396
9977271
-9601749
4277404
-4818062
6797775
-9823238
4107269
8884323
1847117
-9738090
-3258801
2611370
9927632
172138
-1626496
-5472463
3699037
4145960
5184379
-1141301
-1668655
9880125
7538289
-7158866
676950
-985522
-7492139
8492878
4385882
6649348
5622168
-2360605
7212451
-5551599
-804390
-4879757
6881122
6161845
2474219
-7408532
8561664
-8705503
8394601
2472512
-7224292
4185865
-9753451
6349358
-6395747
1028599
2039659
-8756982
-7721100
-8306667
629346
-1322118
-446488
-4374757
-316612
3355789
681502
-2597339
96231
409877
-4148835
9779427
-4349950
5166537
1095450
7610105
9864867
8662291
6421322
7585866
-9701323
-740880
-3053275
7393935
-2815568
-2603107
-8130026
-1913043
-747349
9386959
-3062430
-9264545
-215695
9635574
-4171870
9321937
-5706605
-9090000
7338724
-3401245
8969155
-9417656
4748271
-5779453
-1737571
4593210
4394927
-9550055
9951737
2091862
-9519654
-2777743
8066225
3196619
1014454
-2887253
5761427
-2332377
3470682
4362323
9973689
-117498
1928251
-4043456
-6092822
-1406639
6538450
-7233354
1419905
-2166438
4769126
-2361217
1036605
3941104
-3424596
7720839
-5403349
8413834
-5575651
1081473
-6990684
-7301602
-3432432
7409080
3089410
2500805
8365331
-5516807
-5749641
-533358
-1730071
-3554056
-4676320
-2664295
6393879
-19885
1327072
700439
4577684
8369979
-6060233
8234822
-4113049
-1951953
9372687
-8274499
2037333
4871115
-1381639
-8737300
2138080
4195877
-8124612
-1489292
1971398
2342122
-8484068
-7735077
3882965
425895
918942
-4127771
-7305288
-3492246
-4562523
-6363076
5592435
-2949462
-3242902
3758031
5813593
3736089
-8180569
3786318
-1511819
8595199
190567
-525522
-8449158
8377327
-8813850
4969826
9037181
-3550580
6693435
-8541355
5879225
4890523
-6984475
2869312
-4227600
6224511
-5718300
-762436
-6644567
-2388041
571150
3121457
6126864
5405703
-1496581
-6577344
982613
9504698
6290651
-3750362
-153049
-7692529
-2290443
7598223
-4599737
7025131
2126764
-708155
32276
6682955
-6359617
4841135
-5526020
4008707
6455510
-8003512
-6249960
485296
484658
-9789056
7816506
999309
-3052873
-1790730
6417109
1339659
-2817471
5833502
1770551
-3147989
-1700565
-1157887
1990339
3632830
-2538324
-9132699
9983623
-3928629
-3329045
-942369
6794694
-743943
1378697
5816665
5982158
5284463
6825853
587172
-5662096
-297319
-9510881
-9757945
5834930
-4003748
-1856445
6864032
5500331
-2015855
2476563
-2587381
1912994
-2610963
-4165436
7150993
6521695
-5458825
-8217158
-1400017
5634612
9866573
-8238921
-4416125
413108
-8323324
4674388
1248605
-860911
-244138
-2942951
678815
4890172
8912667
6710508
8446554
9087126
1992829
-7557545
4906867
-3152059
-9356018
5731634
-445284
6244009
7486985
9305940
8253404
-770518
4868701
-1137737
7227788
9032259
452503
882135
3715271
-6081804
321514
-5499584
2216708
6986092
-4187496
-4781273
-2727826
4455133
1190786
4618376
-371990
-6614835
2497876
-699372
8750912
-4535231
-2836890
-9041479
8541258
8218762
-9694648
-1897746
-8821178
9889653
4018676
-5091319
7026412
-2980919
3392208
-55766
4664606
3091442
7412829
1658827
-284247
-9981576
787502
838426
9921594
-3214065
6782687
5476154
6384268
-5094842
-5531649
-8852114
9406382
-1575038
8253442
-2282476
4478845
4105767
-7643165
6061141
-5338624
5479102
-8889741
4450746
751167
6676968
8445536
-270929
8812987
-5242171
-921117
3015310
-7110759
3448282
-6470274
-7453873
-5100152
-8740098
5910615
-132297
-7601610
-2142238
-9776240
7770145
636110
4432555
-834577
9060723
-7688998
-4189504
-3243401
3656872
-9881520
5587063
-9454008
-6455941
6663123
-3254759
4624895
5129295
-3052853
65993
-5487234
-2708571
-2038763
9809764
2657769
7662204
-9011338
2017163
1716957
-8134700
4283848
-6335006
6402714
-7837647
-264132
5060242
2335184
-7970226
9254678
326696
-8633704
-5610052
-1922985
-9601693
7891042
7103751
2655013
1633926
-3046329
-5101851
7447099
-4434981
7749455
-7083237
-3695552
2412527
-1573172
-5289533
-2808483
2751323
-3321814
9569295
8055316
-4850370
5171355
-4430566
-4026086
-526271
6730355
4109347
4042404
-1373097
1379004
-150987
-8041616
-4243640
7973006
-5171821
-8465908
9943619
-7928925
-1640358
-8925624
5753182
8090534
-6552028
7700831
-5232568
9528524
3617767
1693357
4187220
-7882336
8061568
-9015202
-8548837
4928956
4472571
4805464
8752414
-7886955
-4257248
-6247256
-1575909
-1108344
3419886
4567771
7734988
30716
5507760
-7988755
9362990
1451633
-2270851
4783192
3627980
-1020253
-8379117
-665070
5537425
5677514
2507473
-6663879
8010290
3193125
8477891
5007539
8740091
9288393
-2178116
-6357578
1933964
-8316025
-4195872
-9410875
8376548
766495
-3818649
-814808
684144
8236412
-2325674
-6949626
6948120
3522912
3186381
8200193
9448148
-2616805
-3862716
5402317
-2771623
-4959483
8479254
8231819
5809071
4198372
4582800
-8382933
-2134656
-8803797
-6345356
-3005613
-1422964
8825077
7850428
8101367
8557924
971643
-4749612
2895325
9455820
5094576
-5401664
-8594106
-3436930
572090
-5119097
-7792332
-5686464
-3384177
-111751
-9624387
-429583
61551
9250625
4580884
-5985012
-6010760
-1806175
-6598182
-7191876
-5295260
1672016
-199145
-2669815
4716640
9102245
7392986
-5931143
-3608481
-7648140
-3982610
-3414098
7325467
9835338
-8975163
805722
-4260553
-8721465
5214845
-4639045
-7321475
-5175227
-5955119
5576207
-2565885
8526759
5675842
-7780604
3064129
6913617
-5924295
-8177361
4360207
-7210604
-158875
-6592595
-3855027
9987816
-1800112
-3837092
4791784
4737929
-9899817
-7401502
-8900951
-761992
2166966
-8358279
-9048514
-3327911
4584030
3838155
2097325
-5398370
8982790
-8063782
-2800010
-5509517
6923436
-5229143
1150463
-3150004
7842629
-2250186
-1691275
862437
-8149724
4233430
-6569483
-8693801
-380037
-7867874
-985141
-9360560
-3947580
-7691493
-1901419
611717
-9261588
-1323251
-1668707
7605987
8217191
304222
1153332
267394
-3035339
-4136
1504875
426100
-7074189
8548100
6628486
9073890
-7218461
6437777
2117031
-5321469
3248391
-9520759
-7954861
671740
-9145976
-8784838
-319134
-7513617
-6452221
2029223
4512518
1551903
-6717769
4612681
80421
578426
-6151978
4165287
-3419324
-9212499
-9972617
5250222
4240910
-9710731
-6033814
1134935
4864823
2200650
3270381
7531288
9523989
-5689722
4268595
9050727
-594544
-4404547
-2652094
-8899389
8345481
1642521
6297682
-1035222
-1926307
-3706307
-1222739
793415
-4741529
7514250
801502
-101879
7555206
-4458212
1769403
-6648297
5650670
4250492
-1170668
-8155830
-8797847
-4697306
-8487704
8678164
-7413457
-9233842
-34395
-7831384
-4884296
-4992468
-4743238
1436538
8227545
-3014148
497019
4884506
1938482
1703433
-2061967
-4271309
-3426332
9047447
-7651952
-1402573
-2639891
-8374687
-4957882
4756864
4037302
1992146
8133945
-4947182
2819489
3020666
555776
-2042620
2091976
-749921
5457440
4258809
-9824672
-5840462
-4519114
-3704188
2935999
4801002
-6073118
578062
7602922
-5495771
-1486036
-1449739
7204054
-7559942
3166140
3823399
-7983898
1507188
-2943461
-4583043
-8907125
-9514890
3305378
-2161881
8509822
8611633
9251276
1228021
-9294456
3046428
-4618194
-7586111
346719
5138820
4521761
3454300
7199780
-2907217
-8960382
-6151623
8183251
7557883
4192228
9540609
-3499173
3883491
-4326617
4655654
-6570991
-9725046
-4707080
8262557
-6193378
3335231
-3356197
-7897221
5689056
-7782236
6496238
-7683684
6387559
-651687
3217215
-3363048
8033572
-2377685
7696524
8800940
8704127
4035766
-5025644
5446566
-3769743
-8879362
4735179
4168851
-8818130
3526551
-5787821
3739685
-1645067
3107278
1626291
-1831700
3161541
-4793441
2072361
6431338
2133187
-589167
-1435555
9213438
-680680
8661259
2481533
-3059635
794945
-5205360
4924726
-8703850
5213161
-7506185
-5835050
-9814998
6615424
5528304
4840580
-6545380
-8233778
2231802
-7105316
-5078511
-9701640
-6440564
-7691234
-2641954
8147697
-2192860
6993831
3227234
-6394716
-7756581
-9944008
-1810681
-601786
3525874
9874606
9014917
-3717339
-944413
2614650
9348761
-5550810
9435231
-4035270
749341
-4594473
-9636405
9671881
-2160558
6415030
-7946456
2118176
-669502
-767698
-330927
-5524684
5033113
-1442588
8516107
6611166
9884898
-2296717
-8063232
5161755
673712
7982704
5536510
6473036
7995443
-9284411
-5136884
7373330
640439
6335894
-7188590
-4642560
1717058
-2166030
782766
-403288
3159863
-3802986
686269
3560701
-7392326
5152202
-8402495
2102205
7801379
4959797
7782033
-7845043
3996091
-34465
3101586
-3306765
-1275286
-3554372
5293598
8154068
-5971901
-6560881
8030322
-1594052
2926681
4925372
6804310
-3580648
991232
2195775
3859821
-1278215
5675435
9323314
-8549114
5336823
7747866
2497931
4220940
-2167661
-5909340
-4420091
7541626
6736405
-9367443
71023
-613054
9172770
3032541
3877937
-9406942
4249730
5336554
-3422104
4275163
-5580117
8599548
8162534
-9822094
9194083
-4866922
2197334
8552487
-5398443
8043500
-46944
-2508032
-3993637
-2539911
3116408
-1970839
-5102103
1578088
2225983
-3685356
-3695199
-2372955
-7700565
8975076
6196310
5728173
-2101721
3791282
6611075
-8774594
4959193
3511239
2112940
97596
4040410
-1609532
-6168038
5398958
-4954332
-1031425
3662090
9194719
-829763
-1527095
-5133266
-127216
5590303
6353958
775536
268644
-8090464
4952447
16190
-9965818
-9297681
1670781
2711373
803470
-4066150
9742656
-6551427
-8131593
7247393
-8269432
1756747
3062382
2219667
1226604
5363728
4881779
-1203932
-3331169
-9934962
6303225
9915258
-9617919
2093635
8826890
2305658
440544
5835450
7167297
-9701505
7053642
-8594597
-3246912
-1504828
651521
-8508121
-1916142
8366797
9114338
-368414
8824569
1045990
5355014
9178403
4134531
5976765
-5685519
-8219385
-3930862
9185881
-8704033
-4862262
8400551
7199600
-9123466
156237
-1697245
1307404
-8195038
-743857
-2384553
-4032916
-5122156
5706550
3705101
6406932
3330369
4301287
-6202219
60162
2634542
4892198
-2948613
-1462257
-4171899
-4994624
8216816
5513386
-6676476
7768862
-4704990
1517990
9603944
-3648827
-6289075
-927271
-9473877
-1811897
873156
-7134103
-3936666
8121986
-8749937
6986197
-2475132
-9247540
8063581
-4533101
-2262248
-910240
-9602894
9244172
-1020604
-3399261
-7792623
7171486
-5968416
4874150
4644516
-193305
-6243492
-7137961
-3020574
6000914
-3927350
3651818
9747438
438758
3465384
-9802942
-5958093
4819783
-1047846
-7616636
-5097713
2458094
-3207906
4628406
-1227599
-1406502
5211658
7168757
6802826
-6379349
1146607
-2994061
-5885367
-6551390
-4976497
-4596082
-2970811
4983879
-2996536
1819456
9262980
-6720035
6319505
8026263
-5407635
-8130467
-6155715
3886220
-5120246
-3987420
6419545
8538219
-8978979
4003114
3393947
3955802
-6920893
5064605
-2578222
-8470502
5157289
9091283
-7960525
-2856746
-4611483
9138767
-1519799
4595374
4373550
-92231
4525570
2399335
2222330
-5651266
9753459
8988270
7963899
5170917
3166047
-2636419
5698298
-1278838
-2240506
-9278654
-2116243
3648162
-172651
-1519392
-5085918
7896934
-4055970
-2383919
4047768
6256495
5294951
1315779
-7815784
9213455
8297908
9221216
-1768517
-4322080
7700271
-1270510
-1876705
1077683
7798095
-7068141
4069271
1932429
-3804925
511239
2735957
6942950
-5561223
-5476373
-5661888
-9788102
6274148
-4358351
3611092
-4849672
5466231
3778155
4252119
-2834290
-2946855
7565170
-5063933
-5665647
2917325
1553044
2407914
736045
7156826
-3049665
8888129
-9532707
5769295
-169543
4200904
6212099
4654872
-1552067
3366037
-9235138
-6035458
1671565
2187663
9771326
7844285
-617950
2400704
2750504
-9177455
-1628830
-8756006
8122628
-9798562
7382860
3038953
6087118
829447
-2387531
2618745
7169858
1816577
7435720
-6402399
3156550
-9578485
5826929
6514202
5182113
484689
1895416
-7079157
6006294
-4776743
4084070
4833448
1688099
-5369128
3150497
9459484
2652540
2216228
-1720140
2049337
4017747
-1868216
20170
-5793121
-3625658
1501201
-1129328
8430602
-1894377
-1972656
-551145
406272
-2856765
7282500
-2139630
-8461315
-5442758
3100610
-6296809
-7205904
-7517904
-3895037
-6477108
47521
3507532
-3163328
8935827
1001494
1238880
1786538
-3952526
-2805317
5157157
5146453
-9838073
6234929
-4987024
-2320301
8084365
-6450159
-7966932
-901135
3722974
-4359200
9805064
2005757
-6921021
-7643041
812699
6036480
1089903
9025616
-5105275
7471194
-5117198
6511561
-4482472
3476623
7060920
692383
1958491
-7622884
-221835
6779825
2492112
-7348582
-9087209
5640760
9250865
-4336287
-998873
-140087
1595744
-3055474
5501986
2314435
5162888
-5424084
4254114
-8147854
3945209
7069795
-3458612
4216988
-1062020
-4405580
-6146152
-2869478
-5648854
-338502
6075570
-1294157
3695099
-5841650
4416333
5197436
5754677
6500998
-7179080
-6072369
49335
7957000
2310558
-7521826
1355113
-7839269
-7413496
-4759489
439256
8003625
9033643
4689530
5303325
9583029
5702474
-7059514
7728998
8430837
6314568
7853825
611489
4133235
1840915
7248467
1956208
1453040
-4162357
9441368
711746
-391141
1011634
9174677
1796164
-922749
9897660
-3847591
-131921
4412351
-5011379
-1900241
7889545
-8207913
6347827
-8752020
-5410223
-4323672
17144
777797
2907573
-3220443
-4166488
-4657509
7530060
-9908111
3648884
4243075
-7187723
4279787
-7778965
-5801912
752481
-906495
6169721
582520
-71396
-312188
-7021345
-575067
-1182022
-3978452
890276
8000264
-4925613
-4388822
8751222
6444530
-3656628
7375014
-786352
1731359
5724139
-6234789
-7497095
-2036656
-8899266
7356415
-7720760
8248725
6873381
3070155
5405394
2928930
-2429060
7521581
625805
3234243
-620588
4604995
-7823586
-5143253
8135364
8090704
-5180497
5211822
3852229
-3619425
-302072
3117452
5198525
-3568012
5880522
6617354
4406620
-8405539
5921185
4152351
-5189174
-3991168
-5602475
-1003085
3057199
-6671988
-7637584
6012314
-5502096
-327982
-1628884
2455664
-1742699
-8605228
9612352
-2816736
6400526
-7953718
9071654
-9038679
7372445
9153481
-546720
-4053401
9782083
-4336156
6957894
-3951581
-8979946
7516714
-6504411
9043659
2182386
1130701
3258805
3659100
-6158063
9994972
9020989
9955535
5239737
2596733
8709146
3210915
-4411917
-6548071
-9367156
6532604
-2007930
1479558
8454637
-9126445
920418
3707692
-1687658
5304781
-9885640
-3356199
-2853925
2706112
1753521
5627063
3893461
8978590
-5368504
7493077
6624907
-1219418
-9100424
5226390
-5456438
-7131334
6591176
8597525
-6263061
-3734252
5427753
-5711886
-2470805
-637935
-5827055
3527226
3593446
4703413
3233202
-7458112
2235264
2028564
-5252317
-6870505
-4829750
-4611139
9182785
-576014
8031248
9726818
-9203208
-4111354
-7851384
5859913
-8006894
5105823
9191370
3001392
-965734
766329
-4234088
363306
6940801
-4283181
9353521
-3305579
-4028181
-7191617
5021237
-1002740
3724248
9663484
1261143
-3754731
7093074
2536576
-7016063
-5147615
7275713
-8391137
-4980534
-7837489
4489887
-5850611
5579996
-9816506
4279550
-3932913
-8941897
-4324323
-8344324
1843592
5362
6628774
-1854499
2979885
-8577681
4035799
1290627
-2747826
2222694
-444461
-7641484
9099781
9238275
-9488424
-1124506
-5117414
3224
6285485
-4397269
-9797360
9233604
-1592641
-6390850
8199903
-3834456
-7036228
-8909801
-4553000
2844929
-1957868
7553722
-7137919
5446965
6982885
6910927
519793
9004371
-1652960
-8161232
-5177046
-8476800
7170237
5613391
3227580
1716760
7074493
-6001064
-4028614
-3273174
597619
7417686
1437201
-4253808
-1271167
6014985
951619
2512068
-7607571
9660738
5291080
1571172
-9484842
-8097188
-5034629
-4566775
-7211529
-434182
-4171945
-2345856
4601799
2227946
-8359000
2568722
7063725
-4051494
-9517364
-2139142
3262677
-120677
-2411613
-3814290
7778344
585809
7572694
-8770224
-8963472
2044143
-1578929
-1324483
6507057
-3016094
7911986
9086817
7481588
9450556
-4603180
-2165001
3577201
9100824
8217059
-2268892
-442733
-2146725
-437793
9208324
-8050618
-3581310
-5658049
6393134
9279113
-3124935
-2093459
-6428251
2627071
655148
9565622
7497258
-414434
9305798
7085412
-3698399
7932424
632896
655939
-1907456
8824895
-8255001
849442
-9517423
9853309
7717535
-3523739
270530
-2382776
9215300
9710072
4651331
-8541331
2718444
2433283
-1109731
1865715
7976897
-9000456
-7245335
-3539392
-710878
1442514
-608410
-3669345
2888141
3150706
-3973802
6983244
-7839802
5598353
-918199
5714197
-8121812
-1075407
5116442
9190342
4150507
5129324
5420067
3620122
920612
5200318
2614034
-5308144
239964
1740092
8272548
9711743
-6158769
-7595327
4106537
2519802
4933117
-1173346
-358027
-9092100
9980709
-9836657
5896048
-8035445
4757654
-7378487
-4147879
-1251224
8851942
-9586005
9723618
-4888425
3574548
-1821248
-8067018
4890509
6017718
-7799496
-8243438
-6720974
2994674
-5286401
5100465
9725099
-1473571
-2792260
-4012096
-3896175
211616
-8992820
4927670
-3054776
-5817898
-9936258
3555073
-5385662
-245447
2219876
-1337199
-7222606
1810904
-6424930
4970334
4411673
7049707
-2812517
5443742
482303
9428958
-9983142
-938130
-7085403
7186463
2963966
-176490
-24953
5155506
-6626163
3163991
9575602
2771354
1106329
1800652
3279148
-813167
5897650
-511684
-6183431
1858720
2858388
-5757577
-4989089
-438395
3127923
-5839208
2067225
7576705
3691039
-6818891
4062008
-838716
6174207
9999502
4513135
-1631962
6501595
181684
-4206131
-8649693
-5591052
5724296
-9267952
2847261
4553450
2925601
-1681927
7935912
8640202
-9327753
7702830
8184526
1344109
6980949
7998073
7238031
2421209
8489303
8288107
-6774847
5125420
367605
7316257
-8492712
4626060
6331863
7214910
1389280
-4388747
7868490
9124894
-3586081
6557366
-3675843
-9656438
13135
4456597
-2308129
-1366371
-3981068
8343565
-7304412
-5229683
-6532276
-5536780
-5991197
749244
-7507320
-8205570
6471049
4961818
-3349085
73627
635917
4807671
9455733
8923860
-8271662
-244720
-7464593
-3555254
-1766082
-4295598
4426153
9044202
6639100
-1518267
-7093467
-4530079
6454883
6225936
-1561511
-5107928
8312979
-4883341
9761557
-4800739
-8653315
7847905
-1965299
-9891435
-8600517
6252499
-4984399
-5390283
5132240
5718249
-6572418
-2890866
8632439
4277986
7375065
-371269
3436780
3632168
-8269082
3748092
-9074621
5868868
3195432
-3189352
2124941
-2090630
-2459179
8036325
-523478
-4747204
5801099
-7269928
4843301
-4258792
6531605
-4175947
-5309179
-2682173
-682875
4144977
-5232956
4620679
4270093
-9824929
2030939
5133756
-1438518
-4066560
-2301276
-9018937
-4164115
-7162459
-4369150
-3121880
-3560459
-6249369
1423337
-1192926
2838239
-9898340
8699167
7115326
-1869439
-7671560
-6527607
-4451561
8869327
4196814
-9138819
-5316148
-1012840
-5321397
-133324
-7435049
-2097259
-5427247
-9981201
-437957
-3643388
-9555861
-8158695
3916893
8337982
-5900938
-7215280
-3667043
3803367
-6254769
-1195950
-4965640
4945072
614066
-387583
3555845
8426107
7604635
-7408475
2895005
-6831020
710601
4907991
4935791
2500664
9847408
-3543344
-5764723
9495332
6162333
170516
-5437998
-9406726
-1601621
4375384
-4429890
-8510543
8109855
-1021609
1539655
9078408
6974284
5624461
-3973795
-641179
-6597937
-9948575
6482320
-2182735
4547958
4951476
-502463
-2874555
-5874957
-6528254
-8207432
-7938760
2211484
-9467223
-534339
-309740
-2691715
-9602173
5070871
-9435676
-1976168
-6198131
-2972540
-1779170
9510184
3783806
1417125
4850889
-4812840
3896202
-5615241
-2027419
9639987
9652876
5655662
291420
6590569
-5328252
-6988058
-1164552
7692242
6989263
3552003
8813387
-2231317
-4981877
9872462
8620212
3527087
7216377
6102517
7751623
3719061
-2133511
-7592178
-9128359
-9237719
-8101575
5476654
-7401211
7108135
-758289
5420880
1884477
5366457
7358588
3383984
-4009491
2257560
8830530
189604
9315681
-8440661
-1926497
9932118
6113353
3693667
4453198
-4966352
1299628
-4177850
8098029
-4626
9217591
9546919
-126972
2668802
7004302
-3039126
5653522
-291134
-2966501
-4161665
535656
-5058307
-8406303
-482407
8995352
8439393
6824732
-3935335
-1800722
856958
9219820
-1251463
8829552
992483
-3210589
7668812
-1146413
1096051
3108626
2089631
4455503
7608537
8032993
-3723885
-2464632
-6378423
-7572158
-7578438
3832576
-8632029
1572647
1744708
-9519667
-5236888
3527339
8227029
8895035
-8235858
3768686
-5170544
-8299277
-4763091
-4135931
-6296167
7534112
-2568505
6771890
-8590526
6205936
-44401
-9352011
-1034471
9132382
6081911
-3255125
3016846
248351
-303036
-2184558
-6372923
7126133
-9587494
-6318946
7815164
5011038
-6324710
608182
4915375
9158772
2034729
-6056880
497997
7585751
999298
4597234
-3365322
3721023
-681906
6829741
-5822234
-7707907
-1226168
-9450830
-9619402
7480986
-2466762
1247495
-8721096
-5418287
-6965655
-7764427
-7465013
2585724
-8613644
7014378
5770539
6137982
9848082
-1368748
-7433248
-3053484
-6071369
-7288724
-5667747
9653330
-6627081
-890633
-606318
-2746607
-5388437
7208495
-9963930
-3219441
-2719429
-7006060
2630873
-6543578
-5819806
-1555934
-4422261
-8980265
1537228
-6569245
9276716
6372829
-1590409
-1461761
-4177607
-8645932
-9057203
8486829
-2586287
4291334
7572603
591405
-7957683
1664963
-2506421
-7193530
-6316760
2594218
-2908925
6420231
1373628
-5225727
-2755751
9070646
-9834193
2558049
2433156
2094869
4494990
806541
3156158
-4579769
6654750
-1303512
4429545
-4150648
-3750223
-9349488
-787920
-96014
-6408969
-6879646
-8900614
-6526301
8111052
4696370
-237162
-9832102
-6831306
9489539
5262024
5522717
6138596
-2012835
-5983033
7067821
-6699756
-7032896
-7517226
3961745
-4995810
597414
4710292
9131639
-1762113
-7619765
9629002
7791621
-6596473
-8972429
8712593
-435433
-2350153
4252255
-4509571
-331224
-9902858
-9863717
-7415961
-8930986
-5424982
4142240
-4137666
-1744765
1124630
-3378267
-4827297
-8300936
8464115
-3858405
-7491106
-2593983
5085285
-6625248
9086746
-8293726
-2820318
3621153
-9358252
1222458
2880635
-3940239
-7204751
-3731694
8511052
-498447
-3731911
-9632706
4578948
-7823885
-5430462
-348659
4238072
-3344380
-4056566
5564817
480067
9595506
6362181
-4382602
5465151
718528
-7553172
3768162
7898726
6095374
-2011381
-7139401
-620130
3687736
-5635846
6723931
-6943547
-3003958
-3442117
-1250608
-9694631
-2151483
8759620
1282835
1187380
-5814476
-4738760
-4145047
-9267162
-4955481
4403223
-3184271
2732467
4363136
9297429
-9498612
9034938
2857008
-7278794
-3500606
8013665
1800423
-8634614
-1849116
7901063
9003022
5691805
-3261343
-6588308
-6401937
-286114
-9285188
-2919074
1439185
-736393
2333718
-783511
-3928546
9929122
3301785
1822815
-2651641
6902919
-7994858
9657815
4408669
-2222308
-8328360
1202635
3918279
-2602007
-5924866
9791527
7341333
7036693
9099609
-9586719
-5163770
5473825
-3390163
9525002
2144633
4152642
8915171
-4341163
-3592338
4597550
-4245046
9158308
1043472
-7821424
-1797503
7530760
541357
7213997
6299483
4523125
-4516918
-7468946
-5834249
1719389
-5736869
-4847882
-9096671
2492552
-6933563
-9206240
8854046
-5208306
-485477
3650833
-2561269
-4114633
1849077
9232983
2694745
9696978
-4498108
-532158
-6013778
9600284
6691740
8204191
-9717541
-1601418
-1469395
8688231
-2024285
-8563751
-5740305
-5208332
3358040
926722
5417709
-5978878
7948226
-499553
5274257
1822580
-4017605
-7041749
-6137380
-4022165
4875517
-3819987
-4045582
-128349
-9881619
5196205
-2741629
2497622
8038342
7757732
-8211637
3899151
-8187990
-9135452
8791643
463114
-4873621
8906843
-7772850
-5875858
-6632214
-2547389
-232695
-6963299
-651757
-5831376
-9883218
-5061346
-9042845
-6628253
8157559
6429971
5715545
1409089
-2928554
-1440547
9599817
9358196
1524879
5812607
-5092589
-5139772
7499154
-7456890
6879618
-4966642
-5274667
2662468
1389160
2358194
114417
8779593
-8400074
8556400
-4242058
8872440
-1219814
-1608172
-7830577
4179382
-6365721
1594147
3372007
767446
-3841455
-215096
-789955
-3735818
-3910948
8480773
5027771
-3125951
-435853
-5374314
4855943
-12553
9378890
-5963161
9930125
3613680
7258029
9328665
-6019750
1675839
-2767848
1213941
2356391
8629458
-9190178
-1805428
499993
2382134
1988435
9990870
-6726309
8323990
7844717
15164
-4843022
-5265327
9879405
-9120524
1644822
-3499410
3727926
-6224835
-5394466
2786537
7183213
-352743
9446042
-7313810
453486
-7208085
8655625
-7979497
-3263504
9621377
4478425
-1063602
4657646
-7470712
-529863
974637
-2499294
2156608
-8412863
3928081
-4808325
-5269266
-1442418
-1831967
-2436511
-3563155
5942300
1650173
5786089
-3845858
8385353
-980311
237460
-4061959
-9475579
-2002426
-1340297
7582486
8519282
4186388
-1335648
-3147401
-2012918
-7519980
-725226
8590958
-4229533
-6321846
-3350926
-6167896
-9405935
-5109910
4037289
9167820
-6247810
6167590
4179558
-1609478
-8184683
5800920
2011512
7913482
9257871
4551722
4951080
-7270950
6649053
9669199
-7899397
4569069
-3948006
148056
2295862
-3499789
-9445833
-9844849
3672778
6143448
-6071042
-61391
-9853294
-2800614
-8067599
-6447070
-7590243
9913514
-2376957
1036795
3806902
-8415496
-9795739
-9442067
-1762901
1056402
-2920008
3997060
-6409587
6046221
-5268325
1599413
1158234
-3905820
1213073
-4386131
-8738384
7332715
8481702
9411253
-8443820
-1464205
-5905275
2022306
-5277993
2314726
8882609
-4500053
-8059
2338858
-216992
-366085
8585039
-8979501
1557034
623874
-4835223
6473451
-9653580
-4899653
2547600
1173666
4571074
-1284632
6586424
5108583
-9153069
-7737208
-6801017
1756400
-5212217
4629959
5253431
1997032
5886431
-4093074
9763303
179024
5499869
9683903
3935328
-9889164
-8487488
4864482
5095709
-2101268
-3728092
377670
-7621243
4897558
-7990612
7139796
2599464
1346161
-2276348
8505430
-7123173
4609699
-9723500
-2525194
-3227480
-1929031
6445754
8147744
-2861966
6802356
1813215
-9318577
4200321
-6606216
-426757
3866871
-9115163
-7517574
6331333
-4337963
2088989
-4890621
-8451100
-2547127
6831970
-2332723
5630468
-1338362
6689313
3752725
2934593
889937
9821755
-2973390
525702
-1673691
-102126
2006029
8182280
7277857
5257691
-7487472
5955772
9145567
4212209
-4561389
8851994
7972412
6083781
-5873603
-2087132
-1439717
7276090
-935420
-7834702
949658
-7812357
4218595
-242923
8714040
-7069146
5092634
9092821
3460260
2988973
-245414
-3598786
-1409474
871052
6996399
3536669
4136851
3103466
-2422022
8271411
-9103698
1364281
3507458
-4457695
-4893496
756823
7966895
-3904005
-3177098
-4016110
4479141
2626960
5461709
-6055555
690385
4112176
-8720454
8517071
-6078092
-3599506
6314797
3589311
-573484
-6882146
9572039
3319405
-711922
4509299
919294
-4707963
310892
4344354
499012
-1746727
-9846513
-365468
-2816476
-4773914
-8132504
1391881
5788705
-5539413
4348182
7569183
5002337
997349
775903
-3440095
-1228987
3969376
9030593
-9896043
5210973
7785929
6889580
1167824
-5320571
1449391
-4380314
4517809
6847240
7732699
2455330
-5654700
-9888142
-6989367
-8018025
2030338
7859214
1582139
9710951
5120103
-3911710
1189758
-964745
-2487171
-6783606
-4929008
1710821
-7280910
-1341584
6541228
485120
1528758
-9730001
2016651
9430704
-6437024
-286478
6553098
-2607449
9909045
1306420
-7831014
-4970412
-4416999
8317726
-5676383
-7977028
-5866379
1628260
-4526810
1066887
4221630
2968554
-4887038
-8486488
-6994814
6404666
-5126151
-8308812
1476441
-1516940
901745
-75738
5308513
-3119467
-6153626
1685939
2690484
6772435
3451167
7063827
5675986
-5728369
5145850
-4944761
-2496160
-1441233
2533064
-6211247
-4888983
-250644
7640357
9931625
-7276390
-9308836
4892652
2337017
8067493
2460965
537229
2965011
8244676
8630386
7461760
9823012
-5086439
-1155259
4535814
-7321018
8636967
-8479542
-2344901
1579137
6964442
3792734
4851517
-1497753
3440485
8990762
7189600
-478895
6726384
-3616299
9343087
2822926
-9269201
-6724111
1997113
-9157823
-9578833
2844125
-3756515
-2791289
-8705198
-7244274
-5308966
3839024
2003178
4752859
-5773040
-4989553
3677210
-8827417
4510194
8386258
6722407
-2762974
-2849425
4700002
7770406
7601589
3703805
-9339990
5365750
-7315581
5042014
6393621
-4082057
-4421419
5954236
-8516992
-1570959
-6655681
-4617684
-1492604
5796007
96468
3123917
5603537
-578458
1141554
1147672
9640545
8049717
-5049760
3110676
7965259
-5528955
4659221
-1801819
129250
-4185761
-5556915
-6778063
-8602997
-3434258
-9100330
-6604346
-2089711
9259037
-5115881
1989546
875555
-5270471
-6514100
6670334
-8121371
-1576746
-9448819
1174040
-807157
3621710
9093668
-1626645
-8880362
9597751
-3444472
-2649693
-2218353
6779011
-1583780
7028422
-4795972
9576127
-8412116
24250
2883160
-610660
6995292
2076468
-824121
27950
8251567
-6196822
8794273
-9116373
1867921
-3946659
-2806117
3259173
8487286
-511448
-5190132
1732890
685313
1354697
1132803
5099356
-351685
4333145
5002062
-2391692
4746354
-3176216
2275668
4981385
-1527527
1274295
2772051
-1275895
1416864
-7379194
-1487332
-6369361
1401707
941142
-9754719
1684867
-7729580
489829
5978166
-2084054
-875987
-3963987
-4733119
1686967
-9893547
-9752873
4795189
-5899213
7035886
-287517
-963925
9351499
-5662987
-105321
1035292
-7698248
-3288975
-2164007
-6411163
6635610
3003826
-9986423
-7805718
5652051
3553923
-6810938
4338048
-6635760
3768408
-2278645
3570113
-1898502
-6170176
550386
-4238374
9121776
1604046
-5278935
5443466
3512775
-1954266
-8673408
-6520929
3053218
3760145
-7337667
3200890
-7093658
9646980
1574134
-5919439
5127301
8193754
-999808
1898068
9283377
2053334
-3663260
-9406843
-6066460
-4984357
5286871
-8808247
4411856
5014125
-7991670
-1994148
-4107115
-7926743
9253668
-695324
1015902
-1029159
5332106
3195240
1185661
3934764
-5300091
920225
4100815
-1958413
9550358
-8192184
4002233
204713
-9216146
-455564
28379
7213621
-2527517
-3551523
9368003
7204285
6285081
7128445
5898038
-4151638
1300286
-87467
2670739
1476817
-7140371
1909123
8045533
5076952
-6109927
3055624
-1681236
-8744348
4800885
8873025
-4739198
-8853047
5745534
-1343867
298322
-1552168
-9418915
-805324
-4354684
5606439
-2384588
2399660
4983945
-2894141
313721
5602124
3809723
2552967
-8020347
4129316
1665427
-5716645
1676463
9109763
-4242066
-798197
3993105
-3951172
-1447312
-9449124
668043
-5356460
-8674502
2022073
-6064114
-5692726
4217506
9989830
2871594
4832832
-6082302
-8842868
5192546
-2342278
-2343944
-2769146
-8679536
-2120301
-9863831
2517695
8900140
-86000
5500579
4780556
-5876446
-9539167
6809803
6158691
4610347
-9917478
-3669210
-326935
-583679
-2272459
-9224767
-3233664
7084530
9714588
2704767
512265
9252217
-9804731
-8716594
-2728838
-567240
-252471
-3788067
3749852
-4822774
-4577703
5753550
1848619
-111148
-9816585
-6252710
3796134
-7621562
-3158492
1084791
-1452001
-4240206
-1141129
-9990665
5088650
-3844357
9534633
704658
3272083
4559892
8714936
35660
7960245
-6881894
2049716
1725181
-7093962
5099238
7715890
-9054427
3742459
-3780719
-8773831
6694886
-8433650
-4519082
3696956
3272848
-8632668
-3511053
-324571
-738691
4526091
-5071429
-8457608
3137999
-6641299
-3576399
4986630
-668891
-3698628
-3629784
-2187215
5455277
4091744
-5466319
8537951
9513768
4013637
9106983
2643570
-7640720
1320446
7011484
7923715
-2227299
6095785
-4005128
-1455122
2190188
-7301552
4984348
-4090406
-5544778
-1337572
-9830236
3794255
-425792
3922646
-4123995
-5458154
9685332
7804875
-7277522
1753716
9057943
2070419
1857597
6110651
2668778
8158961
7901028
2329475
4245781
-5945690
5906557
5268157
-8930508
-4284978
2712959
5347766
9956420
9167124
665594
2736398
-3969343
-4585990
1705652
2646334
6254006
6007916
-7610385
3804569
-1830121
-1722687
-3372193
-8871251
-206915
3982397
1916768
-3299360
6678411
1144849
9196800
1947036
2869987
2648384
6530722
-6780008
2319465
2280512
-7800478
1493665
-5826784
-929254
-5851493
7357034
5520739
-8823029
-602688
-8157003
4109021
-5426628
-8179708
-8391305
8604655
3391366
1188774
-3502250
-1229369
1870492
1221703
9281882
-7776466
-3056116
1396738
3015831
-6657397
-7848122
-8986079
-9130740
-8726589
-8956830
-8158336
635638
-4822197
4482650
-7454165
639199
-8985600
3526220
-4147246
1201173
9187615
-5600125
4437348
7359961
-4148307
-4904865
-9362766
1807471
-1561290
-3302022
7808058
-874885
-6172662
-4716161
-5604410
-7006987
7244657
2505875
-4410350
-7991816
5136653
3890938
-4541363
4780454
-2045164
-8871736
3367975
-6811441
-1402859
-2249888
-64042
-5912137
2798582
-8354762
-9453878
2358371
2970533
212455
-372031
-5698749
3200448
5986893
5322913
-8993383
-6929281
-9488204
-8161376
-2295850
-4105531
9691591
-208108
-7234718
-865061
7474616
9964205
6584971
-773763
-3285981
-7820000
-5258908
2086281
6915138
-4651687
-6970831
4667713
-3366182
-3512494
-7795716
-6721627
8431369
460433
5190933
597522
-5405380
1605805
8677939
-6820499
4752040
-2710733
-2692445
1962749
-3495501
9633497
-747435
9921659
-9436119
-9885135
-128173
5690551
8358215
6721122
8163126
-8734305
3642942
-3109770
-1647165
-3239152
5108263
-5318412
489095
-5969166
-9677454
2673887
-5592633
-8745287
7760359
-2428417
6036551
9699025
-6366125
-1524049
-3522144
-9474510
-7254021
8068483
-417910
4468798
4786736
4461785
-7143315
2498397
-1521707
9828987
-6911207
-6190381
-9531220
2775423
-4374507
2634750
-9416143
-1741930
7452206
1221665
-3453408
-4692962
5640262
-3753748
5326551
-6883233
-4289101
-3172246
2362001
2303434
1647260
-9605930
-7173093
7371520
-7400411
6639561
-1511883
1838440
-8766188
-2825672
-8095535
-554488
5026554
-6654246
875562
5685336
9599683
3927139
-979654
-404133
-4153851
6068721
4512073
-7962199
6972488
-2956415
-4335209
-8009649
6359015
-9021271
9220400
-8154706
-5624496
-3443315
1332024
8883858
-7585871
-460170
3417111
-1897293
-4677786
931537
-6571536
-6594562
5101085
-1393864
-9004637
1445041
4782896
-160496
3712867
-6606439
-2835953
4616141
-6077931
-5139632
4167090
-1322722
1976008
3937868
1489541
7016997
7291510
-8117871
-6826661
-8457852
8946231
5071782
-7896656
9694922
-4387483
-1596555
7373354
-6605001
-3877906
-8965135
-6290237
-3250888
-2832325
-409289
-2334205
-9370004
-1874979
-1874737
8311532
-7799669
-7967463
4980156
1243737
1699799
171135
6601054
8245402
-2337101
-4497781
8948437
864330
7955181
-8080206
-959139
-4923434
-293631
-9654393
-1839367
-1781459
-2572974
-3871328
-8629787
6212524
6765904
6574794
-7749281
5462652
8895703
-5768380
-3445662
6095936
-9220514
1432974
7770396
-2495469
-9466301
-8586063
-749647
48564
-3199072
-8475327
-9324901
2202646
-5860760
6533233
-6588137
-8069698
-8258351
1102945
-3925218
7924754
1857567
-9479823
7997764
1801338
4469649
8204451
6054419
-8347375
-7830382
8635528
5078285
5753697
7679778
5498845
4854480
-3713019
-607972
-6712973
452790
-872930
-2590374
8677568
5160864
-3078606
-3248259
5610928
7366860
-9437589
-6226252
4073045
6863799
8681670
-4905760
-2360426
-1947183
6666872
918868
5172259
5560136
5835961
-2092030
8638715
1625851
3001806
-7010875
4780716
-5674855
-5624259
-8118229
-3328594
9037734
-4253116
3033474
-5770116
-715653
-6347368
-2663470
1581800
6237159
-7768364
-5277830
-3560179
-3577485
2279462
-167197
7805432
9821754
-7059054
-3973616
-2599530
-1438653
-3718967
9533934
-2108838
-9735463
4516536
-485200
-7228487
-1241622
4699953
5622645
-3793766
-4939215
-4453823
-3550574
-7519770
-2239763
-8968643
9987746
2076628
9770763
-4222053
6720168
4679426
-5748023
1187928
-7069475
3336078
9187997
-4063912
-6461056
-4029755
2397388
7772380
2277508
-4174179
4107394
-9908678
-6257029
5542934
-7091488
-4491397
960626
5903062
-4640040
5993558
-4149904
-3045784
9999422
-2054484
-1094874
8055427
2582726
-973954
324663
-659577
4201509
-2376351
-3738021
2013330
6440147
5820999
8991744
-4547771
-5931254
4400011
-6134045
2431524
-9492800
8326592
2558080
6712369
1789403
-8368734
-607354
-4013754
-4050991
7507621
-3878607
485343
-4490009
-8685546
-8886067
2145717
3886840
-5765959
-8409485
5234783
-5571096
-5984343
3376411
-2250564
-418355
-8712046
-9362274
365463
8444370
5452493
-2627899
5522145
-266141
1188191
-6420873
1305084
-3759914
-5451371
-2063175
722638
9025451
7336423
-4314767
3400789
-6212546
-4812954
7769474
2930385
9763532
-1558994
-6904413
6674814
-926769
-4356003
-8213252
-1622284
3934414
-7069811
9702421
7651431
-9343704
6785276
6537398
4693087
7434034
-7592991
-2629237
3025545
8646588
-7263422
-1521570
2927487
572381
6943462
-1781101
3668032
-1758763
5189090
2984627
150511
79443
-7997674
-7645299
6210712
-3233647
-220654
-3819370
-7746416
766876
9632444
-11265
1131138
-3813809
7921476
-9796111
-6013443
6812203
5062393
5561694
9862354
-106797
-5658074
-1896142
5221639
-7544777
-2695811
-4572400
1815168
-3139119
6252104
-2804897
3805808
684255
5331934
6872584
-4502723
-5282129
1828843
2042570
6887774
-7644484
-7472023
-470286
-9285302
-717357
-9727318
3434715
392203
-9960248
-8947719
5135372
-3141935
3069283
507119
-7206989
-3518847
-8489818
3105283
8008157
6256701
2514493
-2435934
3217478
-6570990
8940931
-147271
4429209
4221424
3907643
6378050
9320688
7984115
-7608961
4003112
9571490
5457005
-8643459
5382676
-5222611
706078
-3890797
-1807302
1890629
-6150926
3605980
-9734949
2057655
-7969070
9384525
4067185
9822623
2636176
-6553689
9471765
-238944
2370583
4794169
8004149
8718634
1581591
-2605987
-5609317
-7130879
1842382
5333555
-8617469
-2832680
-5167496
-8063394
2465979
-8808167
5245620
4321904
9058148
5200234
-7917519
-9110347
-7737846
5766964
-7574701
5631621
-9603529
-256381
483868
3719843
1945940
-8713656
5164458
-9568156
1282985
-5805661
4694089
-2795534
-7917070
4936353
-1047391
7786233
5894559
-2588495
4115282
-5346248
-7274701
6878155
-3403443
-7085592
-2801747
-9269221
-4709113
1519531
3206772
2632581
-8843694
5619063
-9266703
6385058
3735044
2250653
3075367
4445014
-5217641
-1886062
9024124
-9568595
5621220
4687576
-3787134
-4213746
3305860
8146934
2047121
-7865328
6664930
9757979
7684536
-5544430
3873371
-6086716
8511501
-117095
-4768858
-2117950
-9436724
8917263
6027161
9857250
345666
1260222
-4761912
-8738203
1360028
-3452393
2107456
-1937701
6568387
-7854119
2397066
8081162
-7623829
5783276
-5046770
-2005712
5870520
613204
-2652915
9690763
9787595
-7029924
6291090
-1788812
2573709
-6267913
2528863
-311568
-2009577
-5773669
-1587563
-2481695
-8157710
2041796
4042877
-5469499
-4007473
-6693167
2640437
-320045
-536858
-9988989
-6185978
-7175823
512778
2580067
6280398
8176585
8533765
671389
3515712
-5899301
-6754528
8439800
-2426775
5219744
-4721566
-1732333
-6234118
-2684655
-4584982
3780986
6357074
-8399205
-1730973
-6620507
9554708
6555826
-6075805
-8943549
-3664396
-2376058
-2921865
6325368
-9497366
-7675046
-4274508
9673188
7716831
-4982878
-7794634
3425112
9433811
7905
-3095027
5636213
7813401
7806858
-8780905
7005292
414738
6076031
1330893
-9832297
-8904760
985951
5989782
1590747
-2854304
8399840
193135
6220706
8830116
-5829267
-5753799
-2480899
9610555
6403974
9170965
-5518107
-3442279
-5919153
2588795
-7592354
-4424070
-8335930
-94216
3906419
2155834
1841494
7284543
7050590
-4559437
-838466
8216797
-2755456
3468835
-9239667
7561953
1578274
2464726
3848169
1209030
9086507
1296379
5777755
5129762
8947978
-3241365
1941374
-1405282
-8889116
-1857102
9253611
-7468273
-6460983
4675439
1465226
3563908
9947133
-4633433
-9042026
2613735
-9467029
-8495795
-4966433
3432475
-4696493
-3792564
-4623403
2054154
-9380143
8956957
-8107492
-5894931
3115474
2487562
-4572787
7995906
3731897
8466272
-2443824
3555686
-2722299
3052899
6266346
-5816541
-959923
7140309
-5356633
8939600
-1549369
-2373248
-5816068
-2963903
-9374156
-2127950
-4727112
-9676566
7057175
-6318588
676936
-8901793
-3463428
2602683
1598980
-5092563
2061908
-817048
2037130
483085
-2462262
-3399494
9813254
-6210269
9697945
1022336
-8254381
5197432
8258633
-7803035
-1953786
-1994222
-3935714
-8677765
5253645
5430816
7037792
-2584576
5924494
-9400318
2921075
2317663
3028092
5179554
-2711294
-7215475
-250312
7192174
9436646
3246083
-6033810
-3692037
-8598431
3476957
2917839
-5429218
832594
-1611020
-6851598
-3913418
1221528
-6315946
-1673146
-3446252
854411
-8587994
7179147
6019257
749712
-6507253
9584874
7511638
1076659
-6242698
-8450443
9027315
1282386
-4853135
-590134
4950432
-4758975
9206575
7154172
-6508974
7410998
7226880
-129697
6325417
1764647
5159653
-6652742
4188605
4117323
-9035300
-9538193
-3025102
-797789
-9816882
-9895410
-5430783
-247712
-965601
-9164471
-3697819
-1687854
-139184
255489
-4345190
2920565
7281483
9080251
6150850
9442966
-9051107
7383607
-2408103
8323137
-6001307
-7906426
-3490342
4141072
-6420298
539442
9235586
-9900092
-2484148
5130074
8241207
-6989693
-9571415
4620338
8668547
-7414168
-861971
8421432
-5794124
7599834
2198841
4569997
-4454579
-5069019
5955157
1540860
-9111159
3239112
6609375
4250736
-5803559
1635338
4805053
7365741
-969860
-4482833
-164715
9734781
2426391
186718
-1973664
8555401
6239517
-9444219
2515335
-2318004
-307640
-8044221
-9018243
-7858415
8335072
2370175
6449560
3454169
-3697573
9419803
-9609500
6840177
714711
-3202250
-8165487
-5479593
-1770112
3379193
3604230
5162787
-7589608
-9355923
-4956195
5949483
-5849403
5121764
4473879
-7813206
9686749
-5028228
1073952
-2375986
-1638685
7843215
-8755223
5263202
566826
-6865787
6409690
-1245621
-5160527
-2005673
9488502
-1944684
5291460
-473288
-1127102
-5201490
3933527
-1850055
8104150
-4507689
2970072
-4928073
-8962368
-1777707
-7500238
5379904
-2682364
-5810003
-5699221
3534985
4478208
4446289
-2565713
4913499
-9588581
-9924478
7763176
5597552
1777968
2417519
-2343454
-4117547
-4755250
9830711
1711292
-694877
3429887
487279
-9689784
-6623520
6494820
-8734670
-2202155
-9985604
2201061
9041413
961244
-4471470
7635212
2953420
-6156698
-542105
-9595153
-2675341
-5050411
-6024027
2203465
-4832966
-4998881
-8421250
-2160160
-4618094
-9944274
7470243
-4090261
7570022
1961321
-1650899
-7197778
-3801944
-8158641
-32167
4641141
-6929846
-849819
5036085
-1218564
7200136
-7330544
4376280
-7984515
-1851790
3576243
-7922989
8840764
-9062756
-3810260
-169169
-1156353
4457641
8485011
2560484
-6975096
-4303679
8047664
8124181
-2677815
798971
7384120
6163906
-6830624
-4622747
-2881616
5224770
5199186
8468607
5986442
1056239
7064644
4799147
-1314445
-9322035
-8432926
-7437272
-9753464
103911
-1712486
-2411989
-5456021
7638593
7378301
-8441803
-2396079
3835006
7440182
-9809862
20351
-4546628
8663663
5543081
-8639980
1801666
6331124
5381826
-5563149
2217619
5282535
-7308001
5231304
7044701
5939695
952769
1198676
-8177409
-2055814
3506173
-7867378
8836929
-3205233
6528678
-9519817
-679404
-2659435
-6890352
-817516
9151790
-3677075
7758814
8912542
4883150
-2211686
5256679
9900380
-7613535
-3650268
-7380151
9100555
1948769
-9133175
9536125
-4524910
-1674424
-32359
-4064125
1048049
809849
7436538
9029113
-8803018
-8797320
3920007
1482478
-8006279
-547090
8004872
-8562456
9079031
-6210187
-5537022
7929180
810740
2018718
-4657068
8671375
3900598
-3118416
-3467725
2052461
-8757045
-3005976
9259213
5742861
5330423
1505439
7999303
2188984
-1819959
-1327758
3676839
8859646
8204822
-6117495
-382352
8711803
-1064400
8097719
8705178
780076
6634675
-3978327
-197916
-8388805
-1281407
-9359067
-5002032
-3868825
-4021366
-8421833
-774066
2607875
6926984
1177864
-4043455
-5469963
-9686472
-9626618
-495936
401127
3683945
8761525
-2546720
5564078
-9184013
-7830495
5072538
3346335
-9772061
5479865
9937154
-9313096
1998298
250111
9788785
-814620
833675
3519184
-5927844
5668562
-7921253
9877408
-5435750
-536738
-2022438
-9025444
3447850
-4258974
-2037626
-7791502
5678309
3178371
-6843534
5553524
8922950
6603789
5408890
4054340
9090266
4133964
-5286657
-4476534
-4532780
-8368459
529070
5451691
4886843
8915346
7289178
-4619462
-9511232
-8339871
-6288525
1614652
-3569438
-1398021
6464299
-3736648
-6947759
9787181
-4057443
-6508189
-4062955
7033993
-6319751
-5414375
9383575
-4980627
-3154454
-4820103
-3696487
-3785702
8311603
5520642
5178134
-4552062
6770116
8633608
4267720
6484303
-4794333
1772028
-5689673
-9360090
-1822696
-7489804
3683079
1449684
1469433
-481701
-8947982
6779410
8747192
100270
-7122359
-864545
1346773
2001843
-1341014
-7308144
1742982
116938
-8711092
-8617138
4684346
-1775611
8560503
3192270
-1833955
-1403704
-36292
6850681
-411002
8698745
8629102
-1419633
-5130925
-2175170
-4770063
6030376
503624
-1555619
-3366078
9334412
3678170
-4543924
4219256
5263312
7231919
-3309164
9971411
2995082
5360348
975799
2965485
-6931687
7928635
-7402943
1338162
-8486867
9921633
3737599
7091440
-7103773
3328822
-3278222
-101672
1581231
8789757
1436814
-8811933
-9767115
-9638769
-4798742
-2867305
5607486
6908848
-4275018
-3672169
3726515
-7130329
2173016
-6484340
-4762033
-833034
4236886
-2932373
829717
1381176
2874656
-4334825
-2897727
-2408456
-7021607
8721002
1474390
-8302631
-531579
-1924604
-9979897
7630742
4669698
3578313
-7881973
-6941403
3875651
7482424
9340233
-2510225
1203939
4177307
962864
-3838180
-2751267
6143080
-7156458
2816007
-5160908
-4544114
-3278192
922642
7084279
1116096
-235460
8883921
-9817517
-9482472
-8807669
-8551899
6084561
-5520042
8425774
-761877
-3286833
6572948
-3261183
9374825
-9919980
-6554814
-1333766
9404271
4158299
-1800902
-6961994
4116282
1320679
9407012
-1650328
2056904
-7294329
8561542
1804060
-9353797
-3725217
-8757482
2889795
1033395
4068516
-8837805
-978912
596653
6310983
-1029691
2038111
-3491558
9071073
2001564
1913036
-4719303
9613907
3954595
-3715312
2284826
-7273750
-2750068
-2701671
-6022756
-4952474
4435801
9271856
6501578
3827435
741398
642619
-7933361
-1334943
-7402269
-2213937
2111748
689760
-8782392
-9731241
8244984
3079096
9532027
-8473333
4840730
1269679
8960157
7084661
-8366234
8864838
-7193517
3400239
-804806
8578228
5633518
-5706820
-5190234
246962
9814776
8136537
-6539211
3571370
6602016
9094611
-2296855
5677227
2379928
-641017
-7576293
1512304
-617745
-918452
1910116
-1211889
621239
-9780562
3055749
3537795
8464933
-8862267
7296112
6397559
9283573
-7577916
-3822205
3122033
9076369
1681423
1496324
3677761
-8649344
-9923939
-2079431
7488902
1243331
-7820200
2278926
-1219277
8302178
-1977294
-5710933
1827273
-2294284
-6432272
-2629283
897067
-4653082
1572161
-9844152
360911
5018761
-2630090
-9911440
4632144
1720352
-2000115
4795732
3520973
-7741986
1720465
6206802
5590770
4837979
-1634961
9368390
-2380186
-5378319
-6512020
-7597828
-9774765
-3940120
8785139
-7795493
8199174
-5782494
6816541
-6652355
3716914
5824209
7936855
3974862
-7095202
-9417805
-7616683
8566546
-626499
7586617
8818439
8162377
-7660533
-8586258
9843993
-6246321
-6188847
-8663040
-530085
4773166
-684327
5679759
-4948129
-1861875
6736288
-1629026
9961841
5038275
6436241
-1196111
-8739789
1830628
2330901
-3959723
7585631
-5704542
-6941845
6707571
-60120
443248
7971724
-112473
9460181
8645436
-7275887
308333
8632602
-6227994
-3874121
-7370820
-8883730
-3576302
2294664
-2924513
1450263
-1968002
8486728
1002227
-4985375
2292866
-4764502
3188674
-9930634
1165065
-6293204
9007325
-9542809
743058
7523116
4849969
671382
-5228810
8226329
1105455
-1873144
4505620
-5770794
1827248
310096
6453603
-4518793
3466469
-377451
2726870
-211865
6296587
6595048
-725083
-9754375
9220742
9545641
-4608822
2061090
-4502395
-4030269
-9202589
-3935630
-7195986
-2429619
-6770911
-9695418
-9288194
1277275
-7550985
55971
9940998
6956146
4096203
-2010017
3301991
2401753
-3786743
-8040891
-2169872
3060079
6872836
361642
1621632
5775288
5139373
9047669
271292
4844802
1172622
-5283541
65402
8188431
2574787
-4945704
-6796114
9326689
8495310
-5419824
-6829490
1058522
4794584
3424646
-8214966
-1572226
634613
-4114554
6912847
4791184
3130037
-9422547
-9251495
1693043
-8260556
-8087395
-9509312
-9142685
5135812
6590617
-6171262
5803808
3976330
7681985
1183437
-2641669
-5831502
-6700375
-58269
906178
-4206220
-3311913
8799150
8582815
-694787
2803971
-1469960
1662131
2464392
-1315068
-6608010
6793492
-7192384
1667338
-5186026
-5548710
-3664617
3754988
-336473
4421734
2282522
-1403190
-8146468
6072542
-7067965
1757047
5234926
-7837658
6026576
-8655104
-841278
7891342
-3137564
9714794
-9551024
899011
-9999646
1261421
2618888
-8628175
2097974
-2245083
-1881934
9174075
6298992
730987
6463832
7296401
300114
3123704
-7220100
-3613043
5734257
4586773
-8456208
9554442
-9576255
6608327
727561
-6726387
593854
7770921
6914549
276458
9799631
-8525051
2449592
451568
-3803515
399778
-6438775
-5281706
115279
-8946588
3152573
9204628
4104504
3684466
-8301446
8215595
4006579
-1099463
2990870
-3325003
9964537
-6870299
5797503
-2423101
8406293
-1090702
8395109
-276716
-8268272
6630440
-4279275
-9999667
1647066
-407053
-4592638
-1455568
-3945625
-8010310
-1368588
-47752
9732150
-6155441
-2998426
6021711
-1189255
-5100980
2164115
283334
9587366
8605589
3819630
-890984
2606487
9722709
8176083
1333359
-835911
820593
-3579959
2771227
6078049
3484574
-1585148
-1467085
9337311
4712464
9598188
-6697787
2353307
9508772
-9218858
4050171
8254729
405484
-7826016
-1857841
-9547685
4122867
-1635571
-8984659
-7033257
7161999
-1021088
6143756
-2616524
3890310
-7688653
207073
-5644640
8487828
5689214
5086293
-4628072
2960998
8553020
9821783
-7724092
-2929380
474865
7718381
5564900
-9204469
7075749
6353016
2351326
-4944145
-5942131
1462262
-5568684
9779999
-4688167
-2611758
-2460964
3902119
8496912
-9606912
-8200336
-5827182
5527088
9433228
-4552329
-5103069
-9225994
-8769100
8584953
2511117
1005889
3613840
-5806078
5375484
-9796868
4481394
-2998988
288670
3816590
4135124
5859373
-6010218
1244113
-5421052
-1184036
2016743
3265207
-4949192
4000472
8501870
373237
8239240
3822560
-2962175
-622845
4852930
4918244
-5596105
3991403
9811614
-191879
-9131142
-6084679
-8787819
4630576
-5820249
4312544
-9462836
-3209065
-3112698
-3230865
4760631
-6130415
-1774853
5574124
-7516757
-6805192
4933378
1151488
-3234991
-2226866
-1296814
-2656318
4562067
-3231405
8781939
797174
9162951
914316
5417224
4375095
-5469348
1322223
3290492
-2042253
-7204858
7053680
3548527
-6000912
1616087
-6942846
8222464
4336810
-3678117
-5399520
5458760
-7898313
6781915
1812063
9314502
4347510
-6295157
-2234854
-9674652
-7013085
3804983
-3918128
-9567504
2333648
8141399
9556571
-3107396
-5670415
-137077
2866769
-768647
9048243
2208013
5878021
-4907000
-2963432
4135442
-7348521
632202
-7015743
-158699
-2282652
-2750674
1728090
9983081
339050
-7026369
-827901
-3573532
-4357798
2743012
-1731885
4845751
8048844
-6899815
5516416
-8593248
-6456961
-7771119
5232264
9642875
1733391
-206078
-3021932
5675016
9710677
7289481
3800986
-8549296
-7093614
-516946
-1083988
-8969712
-2567907
-1749430
-1715356
1740167
-8059039
2784035
4879253
-559764
-7918178
6138868
-3264092
3664225
2574331
8787088
721916
-860078
461651
5043144
-8935389
-6589711
2778035
-8974159
-3036094
7431377
-8221199
-1947883
8975229
-7569571
56787
4539742
9986252
-356841
8246846
7599554
-4254521
7118666
8482198
-1432275
4861792
-201891
6532999
-9653299
8438746
-8878098
7653896
1764291
823992
-4140650
-3502727
6103737
-3380719
-7680727
-32206
-536617
-569270
4128930
7443207
-3705320
754859
5440070
5595745
-6119637
3480732
3909999
4377607
-3826182
1548473
9870760
2340639
-4667134
3819118
-6975812
-4847460
8381819
-7395476
-3394705
2636972
-298705
-6895055
1631212
-8026373
-4250778
472380
4849919
-4574151
-2929215
7996349
1685631
3548588
1086162
-6595015
4248561
-4542019
-9175847
7835972
3442851
6938094
-5589982
1618389
5970320
1580634
-1366682
-4663726
169293
5138949
1942157
7690976
-51716
-9432218
-892232
-1116312
4567340
6736358
-1328042
-6106147
3164168
-8416410
-8269183
-8752705
-1798115
1430160
3660740
8531741
5662644
-5765455
-1053637
5658350
2781160
7611680
4838456
-6165710
-8394085
2183674
8949973
-7831541
1004456
6039520
1671312
-6058074
-4911369
-1193130
-8510477
-7896887
5470278
2294705
1422743
-4203871
3996223
-8109018
-5096190
-7410924
4861906
449539
6484011
-4262177
6206238
2826300
-6561140
7667833
-1240296
407365
1421218
9064786
8029230
9743800
-5987892
-6085474
4032408
-5827639
-4847377
8007935
4380707
9466549
-5633793
4038173
-7240564
9255461
4340157
328272
-7475745
-7660731
9081890
-7470818
-8365984
-1671526
-344039
1981715
-5122164
-8776827
5751131
-8685039
5451846
-3115255
-9470867
9933039
5381654
1349736
-6818611
4969818
7197621
-1509439
6992892
7946061
2902353
-6810424
6783304
9102683
1973222
-8831624
-3996541
-3483883
-6841017
-844076
-1023945
-708455
-1111513
6499596
-7949212
2027507
-1158139
-3486002
-7813750
-2834218
-3924192
-9194684
-8683781
9450246
-3107233
-319674
7763373
-8970783
8095387
-9163198
6079495
6583029
-4134912
3430721
-9408541
4328694
3619997
9555401
-6452513
-564849
8033680
8770863
6766321
1834782
-4038393
6649262
4210225
7042570
1606226
-3352298
-5026390
4121426
2787201
-7426947
2657717
4829333
-5426011
9602999
-4378009
5922479
9179971
8185861
5011226
5318713
-5011214
-4181415
-3566430
5641119
-6494600
-4151902
-8383247
2530843
-5480052
-8429561
-846537
-6596352
6992462
-6712312
5535337
4316935
-9195090
6481148
3501868
9676053
-228115
-3138861
4764327
6859449
5931248
1366245
-867343
-810217
-2266563
-8819814
7482271
-6315613
54765
-4357830
1148591
-4077884
1122698
5587397
3905585
-7069425
4027684
3466173
-9570408
9840651
4491114
-1052697
9596337
2919756
-8075727
301482
-738011
-4137550
2574203
-8184553
-9068865
-5839854
7384437
-6235098
-7831340
128987
2793403
460776
8203113
-7139599
-4106045
2984643
-7485488
-6738710
-6783127
7558273
-2782491
725252
-3035819
-5201471
1771191
3720543
4441988
4421817
4411009
8352369
-7734893
6157733
-5496008
5643281
7786118
4485327
1776911
7516716
1575922
7106263
-3744617
-1744040
1412823
-4760176
8978079
-8644781
-8977217
2516908
9226306
-3361968
648792
5911678
-116537
1412622
-1265540
-3395920
-2580063
-9888219
6174934
5783104
-8755365
3677113
6991426
-7512685
-8739487
2617788
1463947
1319812
7333825
4344974
74916
-676353
-8454972
-3401580
-234809
815288
5529470
1176166
-8594497
5027080
-4343405
81602
523746
-5563431
-829666
9909578
3327469
-2475114
9571051
-3798464
-6964778
1371129
-8558486
3810167
-8429355
4693665
-8456119
-9921410
2208879
9030244
4461284
-6260174
-7721579
3599346
-5358845
-8554964
6194954
2930610
4908724
-8012393
2243329
7858407
9714746
-3900656
-9784159
-6272101
7985690
-5513402
-9655045
5509740
6155848
-9706668
-9033464
8190361
-7768814
6138159
874185
6939876
7920519
2835906
-9145394
-2188035
-6029140
-9418951
-9799467
-7072593
-5760418
-882602
-3649669
2408051
695973
-7092095
-5815347
-1226142
6178166
7105702
-5816752
-4881343
-301540
4120568
-9009979
-9250053
7575309
-9888261
-2016495
4667237
-9930043
-8879727
3977930
-2513064
1311214
5508255
-986147
9363644
2367088
3093360
1375897
6836233
9040351
-9136707
3581053
-5473306
3104639
2604153
-8173558
9215649
3933654
-9019775
-5384129
-6904542
7835946
-5283009
-4776992
-3677719
-1775879
-4776930
-489139
-8354382
-40446
-7385435
-4502233
-3249832
-4531183
9054851
297358
-9960823
5943607
-7480880
8507894
3320848
1272452
1595414
-1783211
5650412
3471137
8735157
8434683
-653962
9873911
6511986
-9813732
7540074
-8409135
8684621
-1060088
9446804
4013517
2109774
-8426143
8407850
6504447
3971050
-7929950
-2234202
-7594137
889853
9155116
2393612
-5445307
-3770114
3878529
-2211064
-6267488
7452324
9526059
-5836224
-6926846
6644400
6694547
1107927
8310229
-9117047
3028180
6661375
3910156
1071357
-2875134
-1724286
458571
-833183
-483706
-2075691
-8310083
9945728
-7728528
-2327671
-9040755
-7780590
64648
-3915459
-9633553
-9382443
-406819
-8719752
-1486632
2363845
-6369905
2603788
2081063
5132660
-1833660
4121079
3373045
882407
827863
4790533
-4619062
7706731
-8968336
-4097631
-9612549
2782231
1777106
3788692
297758
-5604037
4581214
-7709867
2382512
-9327738
-6042234
3255791
-7959484
9961848
5915042
4122761
-9136829
940159
-1105986
-425008
5573867
6514535
-7050571
2815522
9373010
-8331322
-6623993
-6045359
4937228
6068470
-4000505
7625048
5236607
-9881553
-1562011
-4397091
-7296390
-4411536
-7027752
-3484223
4015145
8793713
-8379302
-7816752
-83154
-7525820
6223515
-1478756
-2105426
363098
-2164452
2275476
-5126701
2029284
-5481863
-7764413
7878926
6725958
-6111819
7407711
-4583987
-6068249
-5863634
-6745923
-4752204
-9464252
9429092
1909170
3523613
2573792
-3153683
6038685
3509378
8753402
5593816
6173995
-8877060
-5148741
2536756
-4005740
-4492656
-8291897
9174798
-1797143
-9632583
1197706
-5588398
4490883
-501037
-4816976
-4912048
7340078
-8648368
-1030491
-937732
-514225
3511884
-9853294
-6903972
1366771
-7932117
5192637
9833973
-4444199
-1720142
2015561
5558245
7202032
-8733591
6502041
-6718715
6551646
2542628
1207730
4230647
4701052
-4377258
-5339842
-3208622
-7186630
-1112070
2874335
5730644
4244289
8240317
-9668999
1861318
1891163
4927202
7995779
2858270
1640649
-7009273
2074755
-3421496
-370074
6016404
-8911576
5818695
1930661
5696968
1217804
-2711716
7862144
1711423
7544447
-9079612
-8720494
-8400326
2616097
2232475
-9054655
-4940359
-2781474
-9868031
8501723
8005616
4780923
-1240046
6622431
1348401
-2027241
7331209
-1575268
5882216
-6691240
-3149103
5575165
3313522
-7604335
6935254
-9834580
-5264559
5027260
-8266583
-4362051
-3865153
3059772
4717431
-9065108
4980484
-5847139
4194556
-5199908
-6232337
-3990120
-4241056
5716628
-7018439
8335334
-9340821
8624994
6071052
6904598
-3348985
5236288
660384
6910539
1248593
-3771329
-5848362
4055490
5301166
8596434
7155596
2718353
4359969
-9505173
6296252
5569370
5469309
-2860518
-2445500
-4858021
209067
-4455533
3054339
5682600
-3239529
2064566
8267244
2005839
6713262
-9096153
-8819747
3751512
-4448927
-3191558
-4209239
-930725
1313994
2354207
9993267
4780648
-8201359
-411909
-747204
3410945
5698580
-6221375
3806989
-1217186
-3231733
1148121
-6194152
-4958447
102554
-9564582
-623643
6710651
-4285032
5791603
6605908
2109268
8359721
-1620515
7957275
8308075
-9368799
6091038
-9870663
6306269
1884606
6475656
5695169
-3478562
4333642
-5711921
8890735
6520706
-3165205
810502
4186831
-7297359
9615300
-1343072
5376331
-9827238
8789741
2501910
9409781
5005135
9954751
-8592035
3969063
-9290700
9977952
481818
759771
-2259956
6548317
97851
4740571
7385108
3629803
-3379355
9225994
5320039
2320587
-8263282
-8694429
-2182341
9960116
1366280
1299163
5911979
-7208643
7246770
-5328386
8567083
-1291194
-2484455
2263210
3435312
9815107
662133
3032828
-6987263
-5317390
-9769284
1410251
-8987165
9406777
22069
7939763
-3841035
-5653387
-9381344
-7040261
-3768610
8785348
8813798
-1037951
6400192
6162677
1390657
2498802
-4444172
8111825
-1542672
-6473086
-9603763
7672795
9556330
-4901680
9934389
-5627698
3554752
983659
-1389267
7169025
-507302
-4074749
1040228
-9923132
-3282257
9874719
-3103289
-3893019
9560353
-3338198
2467917
-9126765
5291150
7746074
4713667
-8761343
-5562588
-6933845
-8299270
-6731435
4145655
-4978377
-312933
-5387487
-3989804
-6092470
924346
2469986
9964081
7350472
5934516
6348395
9026595
5908886
8682295
7241681
-2617609
7526884
-329798
-8783656
7239298
-4466905
-6197418
8029044
-1324229
-9824424
-3508910
6501369
-3100227
6787218
5436085
-3914901
8614124
-7398180
1197547
1022340
9577623
-4686048
-3800622
-6150456
-2932424
1178616
4131115
4796125
-9109239
6475028
-3174828
-2882767
-2305383
-2722723
6903023
8701796
-2184233
-2464606
-3568587
-7868140
1379766
6881912
-3204929
4766902
-1626238
-5787777
1630184
-671638
1668109
-4957328
5945744
-6899345
1209008
4918001
-9882285
-6956748
-5656953
9787140
4934280
-8678668
-7726160
-8472799
4583575
5410511
-7688530
-9709480
-6310997
-7842536
95058
-9794490
3376931
8170259
7569732
-4192698
-2556563
-1100628
9494600
-3656451
-4927674
1656030
8446145
-4632141
-3568901
-8754480
-4800867
-9082859
-1768759
-5214212
-2961338
6627083
-8169617
-6225897
-818385
-4215656
9364696
8080731
8865598
-6695721
-8678134
9694674
-6695754
-8069952
554722
6555873
-2641488
479063
-4776849
3524871
7262696
-5038511
6238952
-5021637
-9023752
8031497
-1643681
904247
6308225
-1432262
-9925018
831482
8111255
-8337722
1543954
-6401349
-5217271
-3057231
-7457313
-7768129
-8383457
7150616
7982750
4286111
-2878616
-2322209
-7338725
-5553156
6642351
-8595769
5601170
-3872327
1975610
6156458
8931097
-9726765
563709
7538276
2007437
-6768721
-3694074
-1987922
2484891
6287585
-5114804
-1940993
3390029
6839329
992269
-3783092
4437805
1445891
-8353177
8278868
67340
4055024
-3343018
5615095
-6991125
-2799971
-3142611
9886786
8218129
4207375
2505662
78902
-5729457
2764351
-6207367
6346233
-4773424
-5945913
-9268944
245221
-5436069
9552835
2325190
-5863840
-8048667
-5986958
3123741
4192052
-2899404
-1944301
6959081
324750
-4732014
-1938913
-6096083
-8578821
4847177
-3600249
8957762
1560781
3024573
-1126802
1167752
8740271
-4565756
-7644447
3900134
-5681978
7943344
-8626071
-6067936
-4955266
-2445237
8566210
4460952
-1952533
-932817
5285071
-1885298
-3033723
-2558475
-6290560
-9522547
-3383836
-8385870
-4253380
-8020243
-4100393
1229510
-6493560
4109008
-6964161
-4953618
4757914
-2943627
2766858
63808
-901133
3118098
6367409
-1032258
-8658137
-5308305
4505796
167856
2268272
5178702
106803
6461710
-1324917
-1098034
8180166
-7001528
-9462562
-2818767
4184790
-6786360
-7976994
2403901
-2364564
748164
-6889645
-3633923
-9644421
341665
-9766216
8275144
6510663
2977835
-1378156
-6443767
9959666
5206746
371390
8129844
-5772610
4662798
9339284
5133740
-629918
6330507
8339105
7101093
-27770
1717160
-4872688
-2432799
-817521
3686167
-2636907
-3765783
3677118
1237367
1674446
-2632085
2929787
5004779
-4493555
-2750375
-4173738
2965549
-2951798
2059069
-8737716
6718264
123396
9557837
6172805
-8431353
-6563015
9765370
2083086
8565719
2500962
2545622
-3632142
7587454
-5662852
-7467683
-1038642
8161592
-7958067
7664785
7637368
-723890
4464190
-3297132
28857
5128427
-2549030
-3215448
9674372
-2721454
4240335
6841965
148572
3618318
-3949653
-7085259
-5184163
-8228477
-354465
-2989654
5497333
8680889
-2253360
8082287
2237390
-9134031
-7744250
-7836296
-2750394
-3285916
-8704118
-7781755
-3532321
6647391
-8958863
-8873032
8127610
3505772
-8831978
-7214320
-950287
9096482
-448452
-7005437
2469512
-9371095
-1700557
9524764
9881928
-8453665
6776730
300550
-7272811
7117155
-5723210
-5597702
-9928637
8046393
-4313010
438292
-8030821
3593821
6815946
4921062
8523632
1605022
-3578105
-5296046
4139729
264303
4272059
5459744
3045854
-7329352
5914339
3920598
9082237
6367915
-1807827
4662573
-656674
-3191307
4691907
-9641764
-1724954
-7532861
1593355
-9674265
7921973
-5610694
5885979
-8654408
955860
7940456
-8348522
2704942
-2406976
552583
-5300584
2559521
-2121714
5972091
1473499
-3081641
-5262874
-8952179
-8640027
3466159
-1081079
-3873046
9174516
8601632
-241369
-1399202
-6351688
2186677
-8099460
3947593
-4642309
3099892
6319422
-3663632
3315391
-9117817
2203846
6136414
8158632
4366706
8012465
-2014597
-9567533
643756
-1872718
6223845
5096653
390689
-4846421
4659571
-1139868
4755490
7271161
-8449852
5764999
2898390
8958197
3893416
-4918158
-613646
7988215
6505697
5376129
-9831441
1621005
-4146331
3227044
-3816040
-108688
2628665
4801323
2919847
-5206912
8489198
3412798
4388586
-6602145
-979761
2420196
5559755
7521428
-465509
5008396
6918518
-9767365
-7201903
-9670627
8040646
-8358243
-8493444
7108879
4050214
-5149042
4726640
3985032
-3571527
1424417
-951633
-7924263
3390063
-8386091
-6877060
-8861028
-6975260
5816532
-6642773
-98289
-2974130
9750570
-2343243
268306
-5819879
9987976
-1451600
6344603
2591688
-9339423
257347
-2305888
-5240951
-4878669
7875597
-8891261
-461392
-8952481
-7093421
-8055638
7731478
-9031484
-3321540
1644961
3238568
5068821
9609588
-2832687
9585801
7917197
-9299559
950741
6573707
-8646982
-3767064
-1200699
-6188017
-5116729
-4644905
-7462586
-5937321
3401404
7088490
-6967587
9849206
1711026
-3968603
-8046821
-3705040
-2059043
4482512
6987051
-6787422
-7208272
-1484354
2975657
7730790
-7786158
-7700178
4143115
2359489
-9567648
4730464
-8421819
-2351855
-7088265
6298277
-9622677
-5182187
5769328
-2819694
-5867157
2898162
-189737
6892701
2219739
-2134435
-460782
-9286440
-5233573
-6945797
-1322196
6514600
8442543
6563355
5455903
915588
3875569
5716764
-149148
-4298915
9751840
5519048
-2098313
-5605650
8030199
8026783
7749471
499861
8523853
205784
1054593
-7235918
-7700738
5093849
-6511069
-3160313
461548
-8089831
6391486
-4291601
-307110
-5396750
5040424
-9785592
2640850
-1868904
722314
-133529
-9756099
2434383
-7765195
8266058
7174295
1238440
3763358
-8756104
-8361511
4147073
-4883387
7653311
3785539
-5958072
2568669
-136734
-8210152
-2707120
2716091
-286354
9394818
-5673560
-9124444
-7426880
7924582
4079060
-8416769
-2801603
-2573221
-7836243
-7367844
-2244855
-3023944
-689096
3632038
-4565863
-1652633
3133595
-6536720
-8276464
-9165399
-9263564
6472878
-7742060
-2479299
9467678
6531936
4661394
2665011
2620118
-4497427
-3726861
-709136
-2547010
-2084397
7551641
1922090
-4270891
-8010460
-9821172
3417263
3679481
-9147334
4065731
-7448576
9124833
6246652
6398676
-4718428
-8583734
-5098575
1304463
-74640
7357954
7968086
2390559
6553740
5547322
6410630
-7724724
8534207
4647538
3345822
-7677704
-2853886
7464316
-8310980
8570571
9256846
6774843
5486255
-5982480
2382123
3962267
4529557
-1311032
-1395310
-6570831
-472909
6491191
-9062321
-5476053
289898
4261834
2340767
-8086418
3224397
6267434
8907889
4950735
-5066891
-1911483
4955361
8351640
4936079
-966431
5592478
8019026
7584106
-8661893
8021075
8666624
-1129947
-6711531
-5332073
-3736127
-1422890
7542795
-9733119
-6576181
-871129
-7828445
-2704274
-6919723
-6287470
-6561215
1888309
-5720246
798950
7531389
-7022629
-2294526
-4703973
-9204551
-6983052
-8792736
-9479371
1510840
-1604104
-8198394
4059002
7297865
4939772
-2491809
-5862985
-2356873
6663593
-1906586
-1923612
6677767
-9985561
875583
3659056
-3103214
2365806
-3324640
1174204
-7239188
9271040
4505600
5357859
6445757
-4002535
9125443
-4419859
-3823033
-1362614
-985982
5986831
-6085331
6388825
6429932
1034194
5336328
5803784
6777204
-9366944
-2989048
-1776596
4749004
-7814586
7585554
7227480
4125130
-5787386
-4485383
605103
-727042
761218
517555
-1626966
4082905
-1507822
9943482
2132886
835245
-9036149
9726905
7960999
7065968
-6941914
-141892
-44513
9092312
-4017058
7824703
6564051
7596104
-3135224
3944113
1061153
596526
-8476915
-5916274
-7998352
7498847
-6819896
-7310948
8524685
-8139213
-1287831
-2904954
-6692047
9637379
-6998707
3352597
-1171077
-4785540
2346071
-8955880
-5459143
5183926
603782
-7795601
-996643
2682801
9142979
1078518
4495327
8217776
3746708
-2240503
-3268009
-8773169
7557552
7601054
-5991813
-3178724
-2161730
-124247
-2799081
-5713368
5948466
6542131
5705989
2188620
3223609
-5970894
-7454329
-6652442
-5084156
3298192
1983213
5108614
-2176365
-6346086
4576317
3988968
-8817706
-2973088
1379774
9235109
8550100
-1144776
3646129
1320371
-4032390
-5138215
54082
-7047907
758980
9810657
2921886
4519479
5070290
1334920
-3153219
-4901503
2373781
-4672523
-8546310
6148026
6949080
-5100947
7027747
3672052
3646585
-6821440
647047
-9611653
5278407
8113855
-6042746
6726988
-7130044
2140322
1111704
-4276103
1153331
-4521072
-963595
3972415
8885355
-6850696
1500362
-6249563
-2518993
9929234
-8399198
8479898
-5503264
-9801095
1921491
2347199
-7892122
534607
6044600
4830948
3407820
5022029
8059938
-7259393
2881215
728964
9568531
-7517665
314014
-167189
-4943219
5826347
-9859111
-5504179
-4690867
9869513
773454
8978035
8209322
5773739
8494214
4505904
3326281
6200041
143352
-6773406
9977216
-2628703
-9724429
1719849
7272243
2025454
7534164
-3729771
-9383450
5443313
689109
-3084552
1628942
5462211
999797
-8334356
5765853
3053393
-1939744
8227309
5562089
1275652
1828681
-2238005
-2987487
4160347
5206009
3367883
-1540521
-7105267
8724425
8546347
-530860
1223554
9199325
3798834
-6043910
9066368
5809744
-6252087
-9521475
-9667879
2760246
9686685
-4927001
-7258992
-4013884
6801342
-7360694
1632602
395076
2289596
-5365496
9940261
-153907
-5617826
6465202
7616589
1449841
7340044
-8173579
-1187475
-4718081
-7265735
-2128380
-2400175
5508049
-173243
8906496
3927025
-5158521
-9046236
-7590974
-8716289
-2268446
7956875
-1725685
6387175
8295215
2431304
644449
-9511687
-8128903
-8239950
-4309351
5005992
-7511338
-1131661
2781136
-7957253
3792752
-2968373
-2330527
-4507559
-8369406
4387109
-7154605
7135392
-7113937
-1359795
6400710
2614309
6675583
-9242938
-9386513
9453273
-9218753
7857144
9783270
-590341
4997251
-9740255
-7909857
-9895530
1181303
7997650
-7327228
786729
24695
2464318
9648549
2116097
2977668
-9680311
-4368089
-1176261
-3160492
8386600
-4618333
5512636
9994381
-6292223
7188743
-5493683
-3230264
-1673733
-998714
7385592
-6421781
9242649
4918114
3991936
5639134
-7047969
3937161
5399343
-1755696
4290289
4473113
9930948
-1253876
2960075
-108615
-9004623
-1372299
3610339
-5242318
-9711931
-8602410
-9190479
4887772
-5679325
-683191
5551605
4706179
-110348
-2661862
-6221743
7273320
-4322159
243891
1126724
-8390571
5183489
-397986
8938841
-7773747
-2254724
-7836906
-3866118
4898107
-6095605
7618349
-562739
2177468
-11020
-519500
-6646100
4773012
-4296714
8157876
6290062
9302185
-527496
5546502
7088357
8188453
521217
-6131240
1146360
-7660940
1782340
-4170323
-6125666
7644521
-544785
-3188900
4299304
1215056
-6951965
6104948
-5345546
6360023
-2287719
-8041597
6366133
-6975314
7900848
-9787472
1201549
4305487
-6200147
8817693
7257840
-8370640
609797
-9059715
2836247
902569
-4723647
5407883
-5154521
-7792582
7148891
-9233825
444569
8807990
2105983
-1059274
9471024
-4091492
-2016305
3073467
2058412
-1555057
9513441
5466560
-5304499
-2674539
7035919
-1735060
6920757
-707608
-4040023
-3212404
5340639
-2645908
-9927232
-634781
2501925
-6331595
-5357386
2388046
4175344
8436274
-7937765
-6107824
-6639333
-8782777
1461930
-7559358
-4849743
549405
-8221238
-4525233
254953
515108
-7491921
-4698104
188967
3200156
1663916
5185899
-649310
445925
-4873900
-6955110
3788852
7584855
-3052947
5589409
1832394
5744047
-508945
8662972
-4775223
-2402570
7336020
4008055
5914522
9031077
5853622
-1267625
2679663
3527632
-9698302
-2780743
823817
-971249
9490813
-2708727
-4889449
7079523
-363228
2557368
9025372
821157
-1897512
-7115859
-3719877
3560089
-6645959
2351618
8902523
-1668303
-6563382
-1167125
7735465
378023
-7046123
-7337305
6776732
-9897586
-3453874
-3215048
-4593349
6601363
-5020949
2057595
2307086
3905039
3273352
4626533
9011598
-9409492
1868024
-5432420
-8575860
274176
2896714
-8275331
310342
-3510013
8543332
-1694053
873698
-2156250
9858722
-6437520
-9686153
6338526
7614282
8511677
5939436
-6844201
8588487
1130932
-9716516
7942616
-7651606
-3511444
-9316687
9247357
-8826243
2353929
-9913189
6630209
2109859
-4555150
8113921
-4704095
-3835906
-9365791
-9839738
3229837
-5199039
2910488
6490329
8008405
-6431837
-674408
8428211
2073204
9103695
8900865
-8121248
179955
-4087225
5708796
-5472564
-4973827
6219503
-2308648
-4832286
1769113
3142088
-6303000
9725497
-8986843
7412629
6692111
-7866348
3170604
-7670475
-3146069
7241341
-7913056
8707906
-7023593
316695
7356161
-3251824
6244076
4742229
-7456920
-3574188
2353046
-9470199
-6633725
7086146
7785722
7527777
779328
3334903
-5643983
-5163078
5700349
7045569
6614259
-3420117
7706871
-2604730
-1470930
-6455309
7413713
-6318913
-1376704
9701361
-82495
1098620
4220417
2892121
-554060
9306424
-1714867
3229905
8023920
-1318522
-3827580
9583353
-8312614
-3720842
5552500
-1018835
-9079332
1022234
-7139318
-1731298
5725582
7975756
9885528
-4920581
-8216778
-1586162
8183273
-3379294
5161403
-9731898
-5498950
-4298364
7489481
-1801854
3049968
3361359
-8200300
-3174309
-8821136
1122185
9639672
-461382
-3481020
3714429
-6593013
4852722
1154080
-3407998
-2957914
9272368
7512317
-7867549
1420083
4742897
3321905
7021916
-4759363
8962705
7990354
-3124821
1024611
5587880
3232490
1923299
7207700
5400395
-1303293
7940284
5916051
7263190
-8736996
1860361
6062196
6716693
-3796454
-1823273
-9581550
-3082716
-7139096
7310804
-1337835
721985
-9751831
-4316834
9037580
-9579769
-5132293
3066049
1336714
4656354
6766168
5288240
5083715
-108957
-7078381
5294260
-9988517
8189048
5148092
9119965
-4234466
6999892
-7956585
6575533
-3604384
-9232756
-2976845
-1311920
4724918
706382
9566873
-5102145
2913897
-8092545
2784290
-7936946
-3278368
3839166
676480
8984477
2751840
-3061913
-3524494
-2092178
6059346
4867181
-3180735
8080395
4587357
-9440040
3562012
884486
8954448
9874976
7514054
5143995
6218519
3279384
-9479971
6669710
-9787113
7988714
9530526
-9950682
-1788876
-3707125
-8117212
4454795
-4914043
-1014835
8352664
-9514569
7420615
5562091
-7889785
-3046511
1359235
-2025728
-6791576
8905353
-8687586
485882
2386725
-6557081
-6509759
-8422322
1851244
177967
5689315
-2552963
-5959389
-6386795
-9525897
2640266
-9992820
6005163
-7222092
7454134
9089120
-7039240
-3552730
127533
-6462530
9173258
-4758178
4268972
-2661552
7956384
-3217819
-124709
2154238
6119067
-9119399
4667646
8706205
-8927947
9213159
-381530
-9484912
6861300
1081167
8021823
-9819203
-2836653
-8759601
7081281
-5535293
6930243
3597000
-7255135
6581102
4226107
-2216552
-6025345
-3679252
9486916
-4890868
-2428260
-245025
1147185
1224693
-2553410
5366240
-3790844
-7489099
-1137353
-9942062
9632324
6935206
-57210
9210235
1764833
-2742861
-7780711
-2036860
6194654
9024079
1091408
4595603
-2120001
-7613647
-3247343
6159482
3107980
5905258
8200006
-9900436
1920997
1207613
4363051
-694026
5023355
1381203
-4312628
468693
-9164573
1302605
-9453311
-8129614
3939885
1526589
-5798896
8657938
9641152
5159487
-1129064
938450
3166396
699304
-4146333
-7188548
6344459
-9238100
-2323387
8494274
3657474
9447590
8111966
-393300
200245
533268
-8994370
7111545
-7126137
409131
-1957759
-1839958
1222809
3612615
-1688479
5768116
-7682718
4799716
9947681
1184397
3447276
-5965144
7838339
6026819
-6503891
-1111255
2150573
1355287
-1878474
7002477
9035120
7387136
5576442
6420716
1132277
-517115
4350817
-4105251
-2549102
-9943162
-3160444
7214074
-3132055
-881307
4372636
-5625522
9031341
-6447986
7575043
-8406773
4937807
873158
6269799
-8956779
-7052637
-4810854
-7408027
-7084463
-1066973
-3654198
3762498
-5862555
-5194867
-7962108
-8455059
8744765
4784985
2368517
979822
-6205913
-3574568
-9243315
5592571
1704433
9223049
-6875300
-3151230
-595196
6959269
9976139
-343993
-113193
6553016
656681
-5822065
3934872
1573187
-6882124
-8786896
-1484752
-1825405
-6969833
4910418
-5679082
-1424850
-5047601
-5130845
-5989963
-1970274
-2526794
-6402122
4026350
2141181
-9859039
1426736
-1204371
-8220867
3174635
-7884218
-3347917
2168101
-385472
-2838669
9665302
6193382
-7386568
3744456
-2344279
8252083
4088895
5009241
-8556907
-3326951
2883836
-2893405
1553315
-5970160
4685910
3478588
8163938
2508419
9925558
-1434918
-8519079
-5939611
4811375
8009012
-2774865
6352640
4527545
-7227436
9365502
2871120
7709385
4113051
5388398
-3185659
9791231
1563923
4693553
4879182
-6656364
9695415
-1181045
-6962852
-5670029
-8820732
-5042542
510522
-6441780
6629593
-1908147
5531576
4065895
-9732336
3135246
-4551799
-5622201
-9276827
3116403
-4002437
-4670717
7596707
7407215
-3903038
9812132
-3485910
-2260712
4066868
9932756
-6783383
2599116
3045783
4903037
-3394468
6960519
5392858
8849831
-9631796
2549087
6007171
-7129430
7737802
4991756
-1487767
-7679529
4857118
7516076
6124557
-1800913
2160572
-3044532
9652373
-3581811
9012608
9218722
-3526832
1296544
8906836
-3446445
2184811
-9609639
-5615604
9754701
2186437
-2701828
8283194
-2648137
2127266
8518677
9901587
8048585
-3613361
-3130040
9111466
-59003
-3629755
-6010794
8963625
-6130681
-7016201
3502759
1502678
-1095104
-46473
-4732991
6811033
-1481456
-591627
-7201330
2943320
9106709
-5933771
-607183
-8817172
8050114
6947903
-6588279
1829409
6123746
9997554
3599542
-8095768
4917080
8080697
-6060879
5802153
-5506603
-2433669
6078678
3523233
5880740
1255522
-5229366
8138064
1514100
-3866403
-7828307
-7238185
6061599
980622
-6968275
3647908
9912447
5461076
5657519
2585836
-686168
-8199460
-6945464
-4445289
644602
-7335794
-3589631
-7048143
2321278
2657301
2715072
4299574
-2521661
-7791707
8002417
4450361
-7391166
-7744313
-1452777
8815784
-9847929
1664175
1937694
3472314
4944746
7539144
-552508
-6246477
-1404150
-3518159
-6529956
4136581
-2412367
-333737
8662595
-6495569
215496
-9417094
3889219
9587203
-4389431
-2595114
2119350
8865765
-2455649
-2682809
2692429
-295686
-3213816
5171413
-4512032
7632556
3973089
-711815
6322368
1047458
-3215586
6484635
-7732330
-1588351
-6431728
-9006031
2113221
2097775
-1379320
8001206
9414247
-7243543
4670635
301201
4707189
3705390
-5494364
4355389
5180129
-7998022
-5132660
2866728
-7696840
2404191
-397596
-8562124
-159027
6365455
-3355491
7737344
3484974
148822
-3725095
6619733
-3392386
5378675
3324014
-1371218
-5601101
-8918050
2656505
-7339906
-4201203
8542090
6540134
-4719320
-4861850
-8972087
2435310
1716509
-5808925
-2469169
3968460
7404738
6319151
-3677046
-8705262
3868250
8931462
-9657246
603664
6823411
3956028
5258597
6570430
2896231
-3112543
8691663
4475678
-7790095
-1866306
-612615
-8413659
-2846646
-5814726
9729918
-5126520
-1159480
4704355
2094651
4816960
7153031
6010619
8475920
-4087222
-3799958
-4296532
-5555843
-430676
-7563411
-1593196
-9746990
-8346263
3252614
-3005331
-8338405
3766921
5843929
5386674
-7375719
-7224020
-4394176
-6580735
7708886
700862
-5482446
-2658260
-4572096
6741083
2754225
8978714
-1067714
-4241878
8490144
6427241
-1950080
-1233499
9609934
5154017
6666032
955435
-1422543
-4444678
-2458726
-987072
-4217126
4075115
527563
-2598649
-9468676
7788361
-8509206
5062807
-3822485
-1424557
-5624991
1191490
-2546573
-793784
1839360
-6228585
2336124
9985984
-7068230
3540575
3814920
4756302
-7713731
6640104
9715746
4266074
4303020
4578617
7224559
5151780
8187326
7454610
-148139
-6572208
2192050
8275377
-2510169
-699871
8429517
-5256585
-9678356
7890886
4841065
6794095
-68570
9788308
-2283345
2965492
-1905639
-7453958
-9943764
6465255
-6101613
-1888231
-7801671
-9156253
-4317473
4730870
9809404
5089173
-7712179
7500443
3787558
9955958
2386060
4251245
-7667616
-4461540
2488588
-5825473
5548246
-2542485
-6669946
7590836
-2338122
-7491837
4459585
4640049
6985126
3480669
4801635
8070119
8795699
555957
-3224641
-8991059
1514871
9680238
-9483772
1572894
-8628501
3283959
5683687
4951658
-4769891
9959849
5264636
-392954
-9526023
8808334
-4524224
781617
8216526
4489034
-2882715
6908028
-3659297
2251448
-7050208
248885
4772698
4841969
3146748
2845296
7724473
-885469
-1247607
2290485
-6636228
-2477993
1389655
-990451
2051040
-6587632
7306642
2705143
7418897
-9157199
-8443229
-262956
57993
-8740653
-3464803
-9728085
-3283037
-9113070
9739874
1994946
7440115
-6311190
4127284
-1751959
-5132105
-4108146
-2766061
-5089134
-696588
-7567863
-1242520
-177831
-5619311
-9052092
9376336
7363515
8267563
-3693898
4040453
2592345
7412473
-1571508
-6521794
-7601797
5213194
4392120
-7042477
-2127904
-9743414
-8781513
-9530784
9267596
2550914
-6768898
-837934
3774942
-1363856
6646844
-5360745
-1444062
-8909061
-7955049
-407372
-9210459
9784411
7443998
-4762427
8280330
174459
-5041935
9310771
-5211520
3082952
1904503
-174643
5409065
5595511
702994
8606695
4044280
9725221
-4800238
7695084
1819751
9511265
6979066
2473658
998197
-4563227
-743560
3654383
4381027
6086737
-453142
-8047589
756053
-4932080
8833080
-6879404
-8441470
9159131
6478272
6889369
4702522
-9446342
755768
7447308
7696166
3824008
-3102121
4358005
-9979628
-5288444
8926700
5343368
8829700
7907838
3498553
878231
-451884
756988
6649686
606519
4410314
9322144
-945580
7762039
-772279
-1109074
-9892918
-986314
3887162
-8795422
-7361079
-7388142
8599324
-4793750
6817896
2560752
553223
8600170
6244186
2900935
6961393
-5633976
7150294
1409263
-9741640
-7554859
-5455547
-7198516
-1388929
-9231793
3091817
5010616
-353570
1870726
-8837980
-9818717
-1904209
-4758840
5208634
-5099053
7910398
7089028
1457112
-3859599
-5952030
4305330
-3952757
7518928
-4209264
-3713934
-3951461
-3716860
-532888
-9464422
-733618
-8375308
-5984876
-8533580
-2989524
-7093997
5160978
5676677
-9480495
-4780239
-8075152
6131244
2833188
5811842
3880934
-1491369
-6348507
-6588327
2065526
-4521133
-9235106
-9675395
4991725
7404668
-7877036
-1066439
-5854921
-1055860
-9087660
262264
-9171480
7817242
-2654412
8629316
8954816
5832275
-5649561
-3868530
-1338044
7892856
2683291
-6034769
444428
2929675
3936256
-1967548
-8177411
-1764785
-6518247
3299211
290513
9561317
-2212966
745619
7572334
6628352
-4139704
-4318591
-4147777
-2278286
-4003348
7820836
383606
6556969
7334061
-9410757
-8883274
-7443287
4394811
-3739654
-8665028
-674235
-8701847
3839739
-4641211
8133690
-4142218
4264491
8207021
6201480
-8884374
-9847789
-9333481
1425580
2281731
7956948
8324122
9257729
-4830246
-6498555
6922471
-9799038
707880
4712910
-5074722
471365
-1259861
-3498572
-5670966
514705
4956940
-9130569
9913607
-2065533
9294678
-1432380
-2509442
6981191
1527839
1956712
-2120736
6642392
-2314463
2461957
5325216
3450017
4905689
-5838813
-5499181
3744379
-2272988
8568078
7314361
6150092
-9567273
-8771780
-2140131
7906309
-3847162
2715431
2524888
-408899
-2456731
6832170
-874350
3657117
-9627702
-1479798
6787069
7863329
9161892
-8762783
-4812348
4652427
-7530034
-7317708
3781666
5910436
3000936
1891376
5924784
9295357
-3372912
-3675753
3756554
5066875
-3293469
-2473889
-409566
-3337601
-4871720
1471899
6547614
7670214
-2175125
5629377
7467996
-9098321
-166588
515526
-9469082
344384
9514929
-4888533
-5179144
-9172642
8016420
-8737908
-6323379
7991740
-7694397
-8521884
-3527725
-9844571
-4585850
-9948289
819616
4131627
246040
-7584842
-9548889
6690259
9019133
-3409886
-2734279
-7723172
-4159760
-4209836
-6968020
-3674529
-8461845
-8573514
-6748258
-6844680
7480366
7884535
-8669372
-4214171
598240
3132384
-2185308
7090915
117501
4492804
-2385122
1578916
6160916
-1977862
3050045
-1468682
2642539
-9668846
5078485
8283285
-5054043
-1984183
1792487
-7360887
1883776
9471936
1996746
9133937
790607
4966179
-2778530
5272215
3537450
9072358
6836248
-9509927
5301403
3338167
1346031
-1856117
7749876
-6360731
8824699
-6665510
130186
5841119
-1256802
4676227
-1383990
-7227915
-5328105
-8838702
-8937593
-616208
1260760
2833167
9460096
-6928274
-8928630
-3723203
5036355
-1658207
-581441
5922590
-7909569
-9026921
4324748
-2439291
1054735
-9174953
6477388
9483770
-3831691
-9639431
2992488
5985450
-8862016
3305544
5333549
-9867172
4689509
-57916
2585860
-1906714
182227
9873289
-2536144
-4374025
-4865218
-1649930
-5133835
-1112568
1499171
-813637
9714958
-5562258
3495934
3626282
7475871
5276992
5920081
9425160
-7791213
-6483740
5783952
8172353
-6112753
4574460
-8137135
4545104
-5613744
668660
6411806
-4644919
8810426
5672730
-7339068
4781462
5032600
7759247
-2431192
4988045
-1401488
4207782
-5165895
4948116
9011521
930719
-137011
-6805548
-8466841
-5820623
-7363083
8373614
-3312132
-6119413
6133547
4611863
-1066692
2545526
2894105
420810
-1563659
-1491647
-1908603
-8705911
-6867293
-9734933
-7677321
2187289
7920116
-6719398
7401171
-9705099
-8973795
-83433
7414938
6299642
8154859
-9992587
-9234320
-265022
-7609877
2299772
1683629
9163448
7701825
7491765
4321273
4564806
-8927852
-104650
-7514207
4142262
1427691
-3681446
-3271016
-8377483
-5807485
8106418
6423152
-8675566
-6502919
-695172
3203154
-6262470
9727088
440176
7276846
-1118364
5767734
1295959
-4924407
-2886445
6328373
-8746921
3384250
2671008
-5769431
6000559
-8800862
4464200
-7297938
2693856
-9926462
-6777240
-3837221
-4360651
9868201
4713961
1745174
4565131
-7889419
43306
-3194143
9706919
-5553242
-1724316
-8940052
-2399929
-4841586
2125757
-2989772
6571541
-875839
-7416136
9451856
2714630
-224413
-3654869
253985
5660513
2187419
3643938
2796313
5398163
-2521773
-1553518
-6700279
4174146
-205777
-7718523
-7481405
5649123
9391060
-412352
-6834438
-2342090
-1925074
-3115951
-6565344
-6509615
1742415
8794658
-670670
-1174388
-893110
1499238
-4195538
6130923
4659070
8832922
-5028579
2919196
7780780
-927438
-9873206
6585131
-2570170
-1171664
5031578
-6521374
-1714752
4156991
5306840
-1170918
-7488224
-2981728
-5792694
7975350
-9494477
-4707115
-416126
-3810457
-450972
-5732351
3769354
-8452417
-1443282
3834931
5269451
-8342578
6726757
2976985
-1625957
3045809
-246047
4072520
6238813
-5680608
-808275
2184024
-1216715
-7716549
6468104
-4243472
5586237
-835354
3652957
-9920128
7180001
8602753
-2946067
2884898
2770336
-3017072
3722293
1894776
8973024
-2715803
7078096
-9046029
-1156348
-741660
-9030621
-3008675
3819308
-7109768
-7111522
7846080
-7988853
-8824514
621862
-1801476
-4178418
-9818212
792638
-4833875
5882863
-8504483
8628010
9925413
-5358341
-9245664
4419715
-8274446
7994065
5389232
-5324046
2576230
-2754298
-4177020
9732232
-4250553
-448167
259374
-6864213
-6089231
-5589196
-3040869
2037565
-9776658
-768472
-38404
-8299625
3875172
5428911
-1549515
-2033205
9140613
3560214
-3088274
-5645321
3503785
8034587
4062376
-9689827
270583
930105
4725957
-8847825
6168321
580142
-389358
9632828
-3670523
9918531
-2875227
3467384
7581386
2085782
-7849488
-7129902
-8018894
-7204684
-7001777
7342665
5306315
-656953
-7916528
7825748
9069465
8567019
-4023958
5765970
-1483501
-8613214
5368274
1006310
-92179
8384904
-871075
-2975613
528858
7541966
2149147
-4629635
415578
-3041956
-2056915
-4549662
-794101
-831763
-5715195
-704449
-9472768
-219834
-4183212
-489735
7476204
4655840
-2321708
-6959019
7755741
9558688
9550677
-804199
6754823
-6702017
-4567770
-1474747
-6883079
-1639218
-452520
2047402
7311330
7205257
3282950
-4775222
797884
2648931
-9685288
7259215
8667363
-782892
-286534
1989854
-6192029
-7462838
4304315
6153476
-9809624
-5516974
-8474325
5956739
-9388218
2826357
2102198
5059512
-3131322
-298922
-720895
2398916
-7948819
-5849784
-9877971
5969813
-2147499
-4431853
7457718
-5665499
-1257176
6545450
-7772471
9976419
6080830
-4492764
9269522
954372
83469
-2659472
-5063720
2924940
-8687337
9878429
-3103860
476726
1397032
-8273784
-8889386
6561862
9320304
-7727039
348103
9136092
6502803
-5502981
-8919442
5710864
9780825
-5416110
6050419
-3027884
-7391645
-7638593
-3674553
-6248730
-3958875
-6966612
4995673
-9625874
-6359706
-7771380
8831705
-3965387
-9984848
-6954584
-2462421
-1340119
-3019380
-2675562
-4118798
9070045
-2741721
7270495
-6166787
7782331
-2110629
-7599034
-8881258
-2321572
7568631
7057733
6759149
-7287391
-8283662
-504485
-1714073
-369051
-5754528
-6680585
-1947219
-8746609
5764321
6956176
2207644
462478
-2927074
4166770
3714549
612807
18607
-7685551
-2182888
9032529
-4946313
5266597
-5740125
2454365
5308060
2755560
-8560312
2018929
1129784
-5023104
-9831026
5389239
1023127
-7488966
2058731
1696819
5721923
7198302
1079690
2919695
-1366319
-711736
3873142
-256766
5133407
-5454351
4441560
-8480154
5475772
1921993
-7245924
-3948514
4867344
-187539
7769092
7934393
7251249
-8162442
-924305
-5362743
-4758211
326295
729740
-7509638
-783662
6904343
1899938
2077103
-6851270
486378
-7475410
-5650460
5657418
-6405067
-9451826
18235
-9055656
-9095929
-425616
-5929103
-8916253
7704166
-9481782
-4174606
-2644145
-7395990
643340
-4470609
-2555031
-1262903
-1476206
-5865631
-9699198
-7065736
6668516
-7378254
3475674
-7211510
4868517
3263631
-5604373
9069257
-5711337
-7154303
6823960
9545358
3335595
7857652
6830288
7992746
-7169466
7324620
6345403
9809583
-767076
7420230
4446907
8636536
-5451255
-7240265
-1801019
-5439765
9192871
-7343036
-2609181
-5612635
1973490
6327658
688085
3774279
-6959750
8425325
3511063
518526
7037734
-6494901
808760
-5436496
8536175
2936659
9198556
9906062
3123168
5534390
-186420
-5757381
6379318
-2902302
-493877
-8933353
8865288
-9639392
-2715041
-5504091
-231567
-5340971
-4334245
1911093
2391144
4945240
2790479
3784203
-2542686
6885489
5176297
-4086455
-2333603
3449110
2236438
-7528550
-2397429
-6773235
-9532538
5038576
2866728
9669418
5191938
3438597
-4279251
2151583
-7243507
5253015
119581
6836341
2544249
-4539212
8290370
-4358058
-7211268
-5406465
2871018
2723427
1516290
6282945
1462576
3640369
3434662
-1835455
-703545
1627965
-6880247
-1651917
-6418334
1413324
2046816
-390755
3588038
425655
-2150028
-6043258
5970177
3392797
726503
7911798
-2884236
-4985501
-4001783
-6125151
5745040
-3295635
-8202583
5887371
-3451348
6248445
-8767362
-1279796
-5018010
-3033487
6940674
8921294
2770222
-9681848
1144330
-8854210
2761227
-9542977
4821204
7935034
1121478
3578581
6278744
-4049335
-590797
-8216849
-7572304
7595195
-2580872
6551579
8682095
-6292430
6734392
-1422050
-6035769
5565609
-9476181
-4909215
644207
-6250328
-8664207
1320191
-9313151
27323
-8693124
-3539696
-443218
-3283501
6974268
211993
1092475
8779587
-4380335
-5514447
-9721924
1722752
5588493
-4845965
4217392
3167819
-8354308
8301618
5720753
8936007
-1187500
64845
5806993
-858782
9637036
-2565408
4730652
-1658045
9407918
-2764277
9933657
4347700
-9551103
6452165
3921651
-8072862
-6580738
-6915295
-8428832
-6453439
-5575064
6745958
-278759
6702218
270939
-5330328
6594172
-9410802
-838234
-813174
4102835
2906351
8277751
4087151
-7509108
-1070332
-4096914
4921249
-7072431
6164409
-3743228
-42466
-9354993
-861858
-8457553
1047472
-2045153
-6555018
4838813
2343049
-7876859
7549720
9504125
-7791637
-8792697
-2342509
-7071506
4713617
4172556
-9589439
-8772616
139781
-2320688
-4317845
6522119
-8916216
8898439
-2325030
-7094745
7529617
-7723636
-8961821
12399
1314702
-5409512
-2092181
-4316499
8869065
5293091
1733187
8924879
-4233434
-1256525
6887070
3209597
-967020
7772583
9861141
3509973
1950647
-607907
-788703
-2095130
9216566
789825
-3069918
9078766
-1497466
5092288
1634654
-5836222
-7457462
9344392
-5173552
6782110
-8113755
6339199
1408161
-3242024
-2399208
5594310
3499686
2310534
-6550598
4363094
-1229487
8736827
9241372
-9542
-736608
-1526093
517958
5191189
6672739
-6615239
-4016024
-7100633
-8382578
2253796
2176566
-6578238
-1895385
-1507936
3022822
-6996388
762813
8937480
2069035
6916263
8957746
4400692
-882309
-606292
-6066611
6821218
-5159742
9872408
-5132543
1487311
-6932653
-6338982
6040867
2587033
-8448125
198072
7348298
-7573595
4065300
9068157
-3064843
-8588533
-8608155
8926342
5965980
-821670
6265046
3340454
2635193
-4580470
-8954038
-4156401
-1687543
-5804143
4478497
-3201209
7367350
-2799112
-7366890
182395
-4970828
-4362110
-5534246
-4977836
8616127
7574698
9466364
-1985224
9792648
8801926
4479556
-1664199
6685930
9794360
1495953
-4189340
-8366610
1692819
1427528
-7192210
-5760831
4344509
-2234536
-7015771
-7956023
-4389567
2691389
-7994813
-5173328
2060079
9697354
1322089
-6893243
-4602025
-429655
1629441
7953924
-4807850
-7794089
-7069571
4115914
-354910
4983629
9342265
-7661794
8167574
-4737829
-8130189
-2691005
-9238536
8064589
-3145206
4792756
8261323
5488902
-9814901
-9852335
7243796
3468398
-565706
5447257
1976403
-2079062
-3705742
518539
-7141456
4298429
-7981365
9594976
5309071
6729092
3120462
-3810302
-3469417
5661709
-4550923
5843870
-1439139
6577101
4537067
-339874
1807581
-5107214
-3549974
-7928973
-2107668
9809579
4565367
8847788
-9955356
8494250
3133784
4733253
7369560
-5222793
-8160320
-2933358
6632054
-2512705
-804122
2616553
-2270699
-4862420
-615595
-1637287
5567970
1506786
6147376
-6025827
-3946966
-573615
-5893812
-6042379
2330115
-6867390
-3881079
2484636
825590
5866770
6013097
-5023235
-7741019
-1837298
4189062
-3792611
-3875745
654224
-4210110
-2357420
2507064
-4061677
-5013936
138903
-9357735
2446553
8735598
-5442384
-6480187
-7822492
-3045400
9948905
2796618
3934383
588025
-5143
-7663282
3305845
9476049
-3060596
1782584
-4744586
-9672778
7503082
6036563
-3344
3283180
7219025
8032397
4612778
438999
5315396
9742223
-3921611
4394839
-5412582
-9785824
8580961
-6039226
2843915
6891986
6667478
3948712
9502875
970327
1266287
-4920586
8590644
4440332
-5336927
3082397
6962466
2666388
-9759352
-1364656
-2954215
-4368198
-7529427
9685761
-3387579
4523769
5150508
-8863637
472835
5207611
-4871322
7571653
-3086618
-7490750
-996580
3737863
-7578424
-5636342
9935787
3005976
-3283683
8207456
3030053
-1091568
-7240705
-67221
3433151
8725357
5865373
-2661547
4775965
-5195153
4549911
-7643931
-3490226
-6610757
-4119039
9566309
5962946
-5800357
1813110
-7564850
-773472
-3191109
252461
-8243918
685486
-6217969
-5698024
-7264777
9080576
-7329364
7612407
6790238
-268897
-8084854
-2846720
6273122
-2749602
-5170967
-5615384
6480142
-6939556
-8040547
-4763878
-4740655
1054900
-6756506
5962205
6157848
7587575
-4929162
-8423314
-9733137
-9301508
-9343841
-6146744
6435711
-9900621
3400046
-6966478
-2085954
-7517873
-2197952
7898809
-9335218
7990889
-6824015
4670866
-5343293
-7856158
7747405
4369380
-1179799
2578258
8479914
4038954
-5027190
-2372870
-5956111
-6278291
5995379
-9224172
7321300
400822
6884390
-2980506
-9826121
-5837145
-2220777
-6031257
-984630
8274650
-3354354
-3698299
-1531781
4540114
-1364647
-4259649
-7090535
-7931043
-1169243
-4152569
-7371887
-4973458
9812840
-5932929
-8283829
6203140
-1697544
9882921
-8443079
8924606
280790
7626356
3065341
-7533719
4894957
-5780962
-7558502
7166898
4681866
9500886
7722337
8060991
751412
7197724
1246964
966467
-7134035
-3866240
-9857413
-3211123
8950384
-4653355
-2109078
-7447875
6851598
-7800465
-6293835
-5849019
-7340479
9459115
-2781988
-592121
-5641061
-6291456
1332618
3826548
2444507
8448802
3781721
-995971
-1801127
-3305706
3711248
2343786
5227836
-1587732
-9779356
-9288811
4348584
2535334
-3740501
34298
-2395056
1845772
2690949
-5977952
9086573
4681478
7524348
-18863
-7926235
-5202797
8475633
-8016842
8617918
-2494944
-1213402
-8919320
-1030565
-2677942
-7599438
-6982108
74876
3736047
-1407892
-4632427
-4340669
-9892507
-8124185
-8608169
-7430718
3583066
6414493
4506294
145396
7972996
6769258
4336570
1237924
-7418265
-9518437
-7411043
6884276
-9193266
3152386
-9441224
-3960000
-4097097
-7185921
5884244
6648356
-2375229
3417377
8008211
9319260
3051437
-884481
5833615
-9242433
9728835
440328
-1320292
4400263
-2992788
1057670
-7127613
-7468522
-3360348
-4879958
-8440064
-924914
3023665
-2516238
-6324816
3701055
4792722
-1908851
-4972524
2553192
8497099
1329375
-2335410
-2128852
-1838818
7695803
-5828512
3192187
-2453919
-9568181
-6433980
-8854517
2250962
7798656
-2364108
-717161
-8752830
2985425
-1049356
-6802631
3847774
9151314
-37996
3420704
4820012
2033502
4799394
-7796665
274422
-2895879
9366005
8273317
2918611
-7697416
2816696
-1002646
-2415629
2228528
-6314091
1044205
-5218284
3739386
4303735
-1853617
4099662
7463490
96899
7923463
-5313544
-7669619
-9864148
3981858
8226404
893531
-5890057
1874729
-7729567
-5890502
-1449238
3867388
5232025
52967
3111596
-1604426
-6778669
2967961
8790380
6905742
-7531547
2679570
-6026352
9103905
2391651
1462840
-8823605
-6780543
-8066316
7459755
-9364684
-6869916
-1658904
-5696176
2048995
7749276
1532242
-1254575
-8710965
9185353
-862843
-1350732
-7595207
9517662
9228168
-4743541
-341010
9282572
-4715373
-3558038
476428
1858554
-2703775
-1749159
-2500806
-7999334
-5958354
-4344023
2625792
-7884215
7385021
885380
8067338
1978232
3602803
3784327
-1631926
-9653839
-5981935
9124291
-9535468
68998
6459131
8216592
-9431577
-6011026
5394957
4702592
2880540
1279332
4977632
4254989
6184038
713648
-2689305
444895
-8100146
-7711971
8016392
7180010
-1866590
4652553
109893
-3485672
4569841
-4010657
5836036
1300617
-1252906
-5474973
-1022239
3665714
-4763856
-8894663
4965774
8118221
-2650442
474938
487670
-5704304
1142704
-9271654
1367388
6688856
-7967675
6175685
-8566694
3189683
8005534
401086
1886609
-7327177
5588112
-9909211
-1096187
2888478
849920
-720684
-3023022
1737352
-5776234
7112436
1884617
5904239
7188234
-8339857
-7609985
-7006341
-8387172
1564631
8618468
6239850
-5499513
-1948939
-6173115
262188
-8926906
-1898019
4758486
239992
-9214361
9460112
768263
-3413657
-5098680
5344498
1864054
8009081
2014572
-2146343
-8463256
8377179
-540746
7316324
-7388862
-5392315
7866081
8308923
4901015
596499
1374970
170374
-6473525
415528
9761116
6787976
-1235390
-8488528
4035547
-5621808
3010507
5648748
-1009979
6265882
-6073627
9268930
-9529580
2343684
8241347
-447032
8546912
-6485676
-4815196
-4129035
-5678514
8196110
8202753
2316932
9866036
4348739
3306069
5688054
7079933
521204
800098
6174372
9585321
9872103
-1129102
7769182
-2001456
9351738
-886374
-6015543
-7102429
6702952
-8962486
1732048
-292115
9978268
9672938
5980055
-6799337
8210343
-7022850
-6573096
2795102
9266673
-4133764
-8937976
-6292621
-8046500
-6276711
7130238
-2824094
-7584135
1020312
-7345448
7731855
-4941238
5299088
7507381
901357
-8243951
5184997
-6834875
1654141
7880582
-6442780
9244843
-2251168
-1397692
-1514305
-2008715
8461254
3526703
-1425382
1960483
-2011480
3758045
-9222940
7986263
-2825563
2688081
669743
6897274
5951242
-8291053
3536872
3620348
4450899
-1845690
-5251446
4339040
8691478
-7425981
7648260
-9594396
4151497
-9109107
-9519314
2246471
2386087
9034818
8120710
-6560621
5419712
3625233
4511759
7309210
3927949
5212349
-1416911
4412979
-1282350
3272357
-6270085
5367174
6089132
5846386
7779034
726910
5956816
5703050
1863427
9708516
6986658
1503937
147403
7139929
-3176851
-181505
8233010
2706719
1508817
-9449362
983214
-1190883
-5908865
261695
-4191826
3309271
-1987213
-3646747
4235363
335095
-8241812
8930556
-9025817
-9348507
5976034
9371585
7914096
-4248043
-8030685
8747288
-8059024
-9720062
3950064
4340463
-1965061
6180736
5878363
8847252
-7020357
1469033
-9592930
9575353
2890179
8013305
1000299
-4823718
-7843772
-5129207
9492330
-7217990
9141086
-1826626
-3968323
-9619801
-5275161
8853752
-8557509
7893145
-4237266
-4478561
-483666
7136996
-620753
9732344
9955333
2350963
-1197021
1155819
3006661
4637766
-5683703
3527951
-3016381
1824034
-8736383
8616415
-9519562
2898259
-6594053
1248080
2414212
-8300966
-280425
-7290537
7316879
4008445
-2020290
3705872
-3935924
1901030
937449
8079557
3711442
6511113
-9632482
-166328
8924552
7728138
8468261
-6233145
9519364
-9404643
-7241893
-5700469
-1939558
-6904681
-2637783
-4375959
-4685693
4610253
-7802622
-3437034
-6609290
-5373505
-9732300
-557157
9776514
6585321
-3317496
1707917
-3279324
-9982017
3086135
-7949188
-1685286
-6425379
6128437
-8838017
-4088750
9295695
9680827
8015500
-3870568
-2193442
-1854441
-1247361
-267036
7166830
8565634
-105931
9030949
-7157486
7086226
-6583269
-9146301
489903
1100178
9493000
-4153443
-5171674
-3442367
9322199
-3700657
-4753718
-5410594
-2394217
96444
-2375325
298315
-4375692
-644608
4976091
2793695
2331937
3104200
-4626710
-8458500
-3675772
5008127
4517736
4516811
-2302414
-7204557
2194029
2786293
2685805
8136662
-7504614
4098438
4628441
-8234163
2188018
-7975204
-236681
1338990
9068120
1130051
-4966926
-3829310
-3506292
2655209
9286212
7766544
5376303
-4963711
722560
-2268918
-4938167
5265905
6718479
-8656775
-1243591
-1528767
9187356
-4624914
-7674458
-7551430
3668234
-5136699
-732498
-3133317
7765620
914092
-528979
4016333
3223614
2459859
9599999
2126072
-2027170
-5428737
3962831
4433951
-119520
9657236
-4596163
8185671
6384420
380775
1559695
8368274
1285372
-6381453
-7046209
116031
7158486
-8438549
-1066740
9600669
-6366529
-2330289
-83778
-2569857
-5287577
2790206
7440086
7991541
-7064034
-2990332
-5666975
9301020
4324796
-6484003
8635282
-5811997
-1315508
-3655726
1864210
-2582657
3539267
-7105575
1690359
-998192
2567089
-3317839
-9717571
6522698
-4807046
6292780
7297850
-6608041
-8920298
-4801955
9209834
1291201
-4520957
-7773886
-6097354
7011834
343679
-5963006
8945163
-8457855
4845402
6923082
-6731749
-9094291
5854797
-4123184
5782438
-7097576
-9901112
3349525
-5100511
-3096275
-9818453
9878168
-3115974
-9185289
8140348
1823505
-4565705
2284019
-784951
-2912283
8568307
7288564
3658255
-7600815
-4368089
-6074505
3256625
5119019
5201511
6602270
492168
-9598988
-5095770
-3531759
6880305
-550027
9085900
4454509
-9168426
4920057
-5351170
-7287542
-3725074
5276050
2867349
-4169509
4755946
1731863
-584477
6119377
1520045
-8401943
-4020786
-9338667
2633535
2623351
-4075008
-3130753
7409810
-9564180
-3877832
-3847931
-9527061
-952273
5355502
-9897252
-699558
1737634
6172787
-9489989
875094
6940837
7748540
1410729
-6185808
2835821
2931841
-2495547
4023797
9991141
-837597
1332839
4411522
5797980
-5095937
-6628884
5449733
-2841637
-4553549
1400060
3777033
4521636
-1739128
7253468
9866451
2583350
989187
-3978592
6240523
9837847
-8926990
-7775130
4416746
6939923
-8840182
6607701
4066490
7326993
-3756295
-8444377
-2349700
-58864
-723801
722378
3574737
4294869
-6419378
5777342
1328546
-8137501
-9047426
-3847687
-7260188
8447061
-799864
3102187
4380193
-3733235
-1425061
-5146777
7474800
5284609
9876270
-3176084
-6312634
-8051172
-9686743
7693967
1520229
2043936
5262830
-9419635
-7802009
4245530
3566925
5870671
-1683654
-1790719
-9604998
-781064
6466198
3175625
-6360521
2100128
4698891
-5832241
-5720405
2101589
-4058369
-2201344
472002
-4996663
-6472684
1697381
4582178
-3162795
9089633
5478286
-9071556
-6553958
-7639957
9391510
-7258110
2188521
-1381792
-8455762
-9863245
7618259
2739560
-2977099
33745
-5915260
9853081
4975777
-9967835
-7939211
1848991
5130117
4933897
1085487
-1679660
4102498
9646439
6450530
8791040
3735294
8203699
-5532284
-1770997
-5975893
3605256
5766588
3550281
-1822082
2748441
3606446
8577470
1713459
-4462721
8611474
-1082021
-2387349
726084
-6156980
-7074090
-292316
5443157
-4636657
1178109
-6158961
6928058
7148940
7941728
-8684414
-6367504
-875574
5521692
4360997
-4007834
-5969098
4199492
4326242
4863288
958953
-1212433
5909254
-7954853
-1076845
-1001745
6673873
6886377
2693837
3801855
5825256
-8063921
9502708
-9377718
-2213086
-2422243
-4538208
9864450
5959750
3338782
7221980
9727628
2586307
-2552283
9771470
-1546089
7957622
554122
-8539630
-3387705
127059
2641785
3505134
-2266571
2208662
8723959
-2222837
2247350
-7156145
9033162
6223266
-3602375
597853
-9075473
-741232
7418608
-5679067
1520896
-4320814
8364801
-3378835
-684491
-9846434
5678642
-4258206
-1195982
1851796
4892289
3954492
-8239544
6314886
4829338
1122159
-6318632
-5149029
2755610
-1469702
-8621767
8653108
7814991
5893276
1388115
144490
7913981
1197122
-8945807
7765469
-2878798
-8270067
7866975
-4691870
-2525746
5118615
-456256
8316245
9589119
-6581813
1325887
-1825867
-5507799
7353360
9661836
-6264390
-6814504
3923814
-3944624
9605658
9313267
2773491
8474209
-9752679
-4157925
-7545640
6703407
-1831688
-617688
1964936
5256915
-445570
-917776
4525475
-8040143
50801
2484876
-7759865
-1763166
-7275268
8617764
-3367969
3418872
-1518074
-4421527
-3388999
9204332
-1858265
-281780
5285930
-3132267
9596979
-1243765
4865378
4251483
-3067008
-4382260
4670540
-3616168
2896680
7863358
-7896000
6781985
9983742
-6630478
248164
5953866
-7210893
4405295
6334912
-840949
-6504442
-6807527
-7563321
-3252432
-2929804
-1571479
7505128
-8103170
1754722
-6070481
7484912
5819391
6903714
9617270
-2094610
6571107
-7166424
8545915
-7049781
-2976118
-8214664
2788974
4341432
-4925
-4800589
8753289
7809010
-4897768
3924363
983823
9288705
-8201910
269192
-1352674
-1314958
1416064
876256
5726157
-1429452
-6715503
3759376
-4138003
8067289
-4591890
5076506
4703249
6368492
2774276
8359466
3624068
3209308
5816587
-4742675
3394655
2148985
7825258
804718
3260603
-7334062
8354808
-5485947
387967
2760900
7793572
3821457
-6654281
6738688
-9630324
6312393
8471229
4344682
4854730
9847651
9841184
2862504
854362
6777496
7763030
-1144404
8223399
-6715676
-4509925
9590294
-4997501
-1256439
-2594053
8264822
6281013
-5409092
-5029598
-2781808
-4017960
-2327308
9619422
6463766
3555883
-9065073
-9499940
-1013477
9834021
5954187
1111401
5655467
-3944281
-3446591
4027685
754385
-6746011
9613005
-6732826
-4705651
1086223
574267
-2775490
-7402506
9132860
-2884936
6536034
8424008
6434790
-2560620
-9669442
3697135
-5017904
1308834
357163
-3970538
-401871
-3904443
-1190688
1903657
9436700
639906
-6786829
-1992481
-8974768
8058826
-2890135
-4429484
8747186
8592698
-3389281
-2943083
-4234164
-8602827
7880255
7196161
4762836
-1865416
-9395514
8474702
9214685
-5247231
3771750
-9061793
8676549
-6887287
-8938677
-3694355
-4543877
2321412
-3792274
2567335
-6981298
-3487213
7809889
641358
-3099001
-7774284
-6885484
1061308
-6970387
2053546
5121109
9627473
-420381
40585
-8319368
-6901675
7423910
-2599546
6746495
1463444
741387
8682587
-2704214
-8390231
-7101742
1333677
-7564822
-9171637
4603221
5467194
-5019507
-2037965
433029
-2274442
-1335977
748233
951642
-7067403
6278303
-1357588
-221088
6136667
-8935947
-5171699
-6304973
8264689
-1728871
8736557
-9196820
3567140
1439671
5849107
6076274
-542899
-9155080
736928
8937218
5922906
-3082769
1759411
7897581
-9524828
9428646
4162161
-7037075
-5592640
-7237216
-8945817
-6510329
-7142745
-2985744
-2023880
2618340
4767732
3805784
4997965
8233271
-9816091
-2445715
1884554
658278
4345119
2538022
-4289524
-5492279
-3027140
-5375345
1727267
-8123313
1672013
1216299
-3610512
257842
1936340
-6095205
8349290
-9082663
8860554
949132
-7475881
9644764
6259332
727490
9255935
-820896
-7733474
3596216
-7228124
-3619852
-2356011
1495993
-833156
2539797
-1087065
-1603358
9865512
-7936919
-4238180
1037428
2728470
-9881951
4375889
-2794567
4039673
2420957
4586622
6628977
-5556023
705168
-5563848
3864625
-2654059
-4129928
7515703
9068349
6519928
-3698600
950294
9643220
9654219
6913674
6538169
-616334
-5592353
-5930216
-9860560
-2210017
-7400680
-5035423
3649883
-7643475
-929368
4176827
8960262
-3043037
9548792
-9665195
2521890
7306182
-9699020
8639097
7488634
-412075
8369874
942740
-9613058
9335008
9006818
3342521
-7131467
437095
-4644554
-1612394
-3698382
5574262
5646126
-9481908
-7491558
357949
-1237004
-5179302
-2022080
-6828257
7075349
-6967752
4116572
4732170
-1130947
7178412
4716842
-5519745
2971361
9830244
9053223
5126134
-5291096
-7479821
-6233714
-1369359
-2377097
4032003
7063354
-3450689
-7509446
1746374
1390584
2337214
-7650040
-6221159
-803625
556813
-9570609
2410763
2670788
-8155004
-278230
-4502162
-3359143
2270889
6883143
8903049
-1283184
102387
732719
8288040
5706389
633715
-3070901
-1398094
1766630
4222035
925493
1601828
7040858
9818667
4145486
-270180
7953717
-8656992
-3158096
-9704569
-9334227
-394874
2242307
-4731533
4821919
-9052308
-2807010
-8553577
-3876843
1541856
495376
8519596
4910643
3258608
6862872
-3414463
-3817255
5281765
-281504
-732498
7118218
3624934
8158233
9164885
-9956463
6486398
-8638910
-8974183
8046734
-853442
-8120348
9831192
-8788306
7182799
-9548029
-232590
4210837
3431705
2790000
-4204304
-7863408
-1825890
-2469366
4329402
9286004
8359165
-4441030
-6666529
-3919100
-6629205
-2771104
-3492776
-5188484
-6297522
2696312
-7600979
1821450
-7310470
-3685694
6879212
8660191
-715773
1216293
-8852001
-9771858
-6825752
-5989970
-6551833
1367273
-7511255
3177965
-7058146
-671043
-9946313
-1301856
8491359
-1974033
-6601292
5546865
-4871956
-2696583
4281465
-3857174
-6690516
8562102
5586323
3854907
-5928553
-3251699
5276582
3063752
9051939
6171710
-8063045
8003828
2067129
-4051428
824325
7210805
3218264
7270279
6715810
6849606
8550400
-5195476
-7595860
1156783
9352350
-6323794
-9842463
-7569582
-1639598
4739369
7662960
7082275
-9498830
-6576257
7945354
-3645456
-7048457
8519438
-5020762
-7455198
-3058772
-6425932
8277371
-1011128
8011990
-3406674
8323885
5612709
-2085594
4101576
159820
-2422208
-3285437
-8448597
7872712
-9806692
7889365
9098965
9869591
-1830722
-4712227
-4235394
-7580570
3142934
-4226362
7684759
-4259519
4684063
3119428
-9763966
-9593538
5339093
3799581
-876972
-7064467
-6059475
-2507364
815707
6217130
8353153
8747085
-470915
6699318
79557
-8735043
117141
4353388
-3810297
-3845206
7955654
-4106968
-9719214
-2157781
-6074321
5109981
7193564
2626882
6979562
-986099
5703803
8985096
5102620
8813989
-8389837
3739778
5925244
1424585
-1199065
442395
1054251
-9226930
-6039481
4677782
1440185
8685204
1683367
-4227124
2019099
2689803
6239351
3518922
-8103143
-588745
7067734
1384431
8568804
7287476
-897579
-9188748
9016816
-4078715
3327007
8920209
8576081
7940831
-6735759
3324489
7736590
2747725
-2083337
-6906586
9751581
1944116
2406963
6333789
1794069
-3942884
-476708
-1593618
8406282
8695869
3195146
-2762566
-4617653
-4278640
-5909081
5967099
-8063252
957154
4000182
-9339791
-428940
-8442452
-3000
-9757030
18225
3079215
5201818
-7786276
-8982393
-2296992
417512
-6801919
3156146
-4887940
-3489891
7767876
-4207210
-9227200
4674075
9425098
-9965201
3887446
7074546
5843483
962969
-613439
3291710
-7927546
-2219690
-2532514
4605104
7618313
1049138
8671878
9212337
-4455262
2606619
4496391
-7269567
-7149045
-8972771
-6659814
7311335
-4889914
-3986963
7972507
-1507334
9553599
-1765772
-3108274
-595441
2213202
-401020
9987846
-1158469
1373061
-6585699
9308157
564344
2919821
-7453888
-1018741
-253067
-2579538
-9602807
8450107
4153396
-1934291
1319732
5609523
-4407019
3318728
26694
-8550407
3151599
-5342603
-6985449
-6820962
-679930
-5344295
-4779758
-6877646
-4891706
1612005
8299736
9032207
-2471843
4850965
8288355
978559
-9076752
9174517
-8691767
3904987
7653515
-1539609
9741772
-7609951
6605103
-3194371
4014195
2158634
-7146010
-7432866
-5540580
7565704
8851275
1796747
4696809
2844077
-5057202
6035206
1278942
9088561
-9381772
135306
-1674420
-1706535
-7553821
-3319130
-5420902
-665829
-5013704
9039993
2500237
-5047913
7826497
5520178
7314855
5664058
-6587480
8761390
6553251
1097152
7017890
135398
7904969
2418087
-2138254
-7039951
6041335
-2510036
-9897882
4860933
-2355398
-8997960
8852342
1648525
-7492225
-3129742
-998163
-6403693
-1887597
4581852
2758048
4559029
-961131
3774839
3973759
5929938
-8345978
-651136
-1957058
4656309
279820
7677329
-4634560
-5044425
9816549
-9312451
3011650
8366283
283929
6724968
2805118
-2469541
4293038
5514106
1755890
-6775666
-3078169
-3852133
3052120
7951508
3621981
-7890802
2772101
-9668482
5519794
-2607639
-7520831
-1539353
2382636
-4516021
3892466
2223440
4142978
862017
-2763796
-2350610
-5449877
7941604
1794575
6481220
8169053
-3946861
-6112779
-6627529
-98432
9673170
4601695
6653916
6618280
7586294
4711156
-4788586
-9429480
-8659292
1664086
-7123683
3255820
-3969431
5299825
-1421316
-5695188
1314523
-5076748
6887745
7461813
8375499
-3307369
-5540076
-2376334
-2651653
3064074
-5517623
7386229
5871048
490924
-5367795
-1654802
4468785
-8587974
6627885
1152137
-432335
8828864
2555481
-6061121
5165447
7052981
-4410541
7955286
3417530
-8335953
-8620004
-4405450
5772702
1019343
-1284794
-9271325
1451820
-8848654
-5033324
-4780921
6589878
-2794651
1459584
1780025
4749837
6724959
2357344
-5254383
835911
-7816294
-672780
7276925
-6689921
-4166611
5459543
3975631
244276
7238047
-323876
-1626387
-8064065
8628069
7712798
-6959075
-114572
-8392883
7251400
-9893559
-9769549
-8027106
-59287
-7710549
-2370107
6964987
-5163781
4332849
-4782042
6470508
-3408806
-2537479
7733761
-8994736
7636732
2786260
3337928
5455544
579179
4390224
-7515890
2257951
-4046082
4731293
132130
2631852
-7807549
6183013
941169
4887698
-4592590
5369573
1788125
-8382508
7670685
-46466
9300253
-9924986
-9405345
-218864
-6818768
7598682
-5393834
9350361
-2251324
-8178963
2742533
-1177331
-9623738
-4756580
6273031
-4573951
1169900
-8499238
3009714
2932718
-6546720
-5177423
9002292
-6609210
9021574
-3324321
-5562720
6526393
8799000
2612383
-1197577
-8586548
-5067999
8048618
-4437345
-189578
-6637358
9770978
-7889816
943627
4104825
-7823954
6317222
-7445212
5625256
1214711
-7510068
-8704921
574915
-1030800
-4825249
8410017
856409
3132459
-3327292
4403527
-3504055
-6584960
9703946
3793011
332001
-4226980
-5339481
-4460487
-4281015
8899613
-9793405
-9513774
5811437
8993261
8111374
-2967581
4033526
-8759186
-6100393
-2848487
-149986
8264147
9933557
5749775
-1631663
6757462
6546800
4556482
1663021
8984261
1923810
4634580
50474
578157
-6814275
6244727
5902670
-7731577
-9387432
1398713
-2193926
-7944000
7399887
-2665082
-4297535
-5749814
4730964
-7674752
-3729849
-6421056
-4953727
6650436
219740
3436130
1410652
4358010
-2335818
-9223806
-1282472
1518073
3158344
4449895
7433495
9686375
-7130041
-8411419
-6800559
1482741
4673675
9482695
-3351694
1147275
-2040995
5023666
6720485
-2668300
8532217
5074536
-4614899
2851137
-4447373
-323536
3148752
-6334673
-7746080
2528252
-9039489
6653125
1679037
-9332243
9655885
-959605
2574955
6277003
6648952
-7188758
5761936
2032916
5839866
7800858
6841485
3179280
-1697549
1617030
-5739458
5508686
-7716373
-8590567
-1369661
-2432925
2197037
-4579725
-4614355
-5366017
9621813
-6377041
-6039495
-5055626
2934527
7787507
7287474
750289
-7544230
-4476755
-2365759
-3160752
2193416
-4046955
-4438331
4238250
2763049
7516323
4317077
7412815
1644558
1318872
-2206415
5826415
1383867
-250194
-2641002
8835639
-3725689
-6757212
-9388402
-4893224
1314185
-460606
748374
4685726
9561
9976876
-4108817
-6011091
6612196
-3250857
-8414634
7782427
2333828
6960648
-7152434
-670045
-4458345
-7835048
-3723605
-9029721
-9514775
-9961172
1709937
423309
7757756
1448112
-227090
502315
7579711
141086
9962487
5512930
-3588631
8221365
-8197711
7884507
5980956
1790194
-6893494
1772187
47936
5009626
-1476941
8368903
-6787150
670386
6469137
1107523
9156895
3284519
-6169839
-4529778
9841322
-545678
1847946
-1206160
1414885
-5500420
-9297360
-3805589
-362850
2632026
1174964
928407
2903754
8348019
-8908742
7350696
-9535266
1682995
9393132
2524656
6441120
-9208522
-9016903
9058725
5331534
-4274164
-8269483
6085382
-4711243
-9954686
1320514
9927459
8163646
7337838
-639830
2053408
-9629300
-4544791
5454660
1915820
-185715
-9530507
5483251
2896510
2893188
8738484
-9460710
3081550
-3814110
-3716349
1490274
3122809
-347503
1967339
793939
-3028721
-8897834
3106601
-1812459
8909701
-5341507
215740
-4368448
-5212068
8047938
-7672711
4230715
7700455
-9791780
-3318305
8842765
5212510
2394319
-7801536
7908124
-9386159
2741557
-3460428
1311105
1366290
6680637
-4599597
-909032
-1031323
-2968923
5564744
6416444
-403758
-7063867
4192898
-2033972
-2504853
-8828502
4136635
1405417
-1941788
-3246082
6192288
8355259
1747967
-8307221
-7635270
-7824831
-6715916
-753292
-8379048
-5851455
-8668709
8457965
2295523
-4829743
1049275
-6074889
3840288
-3161312
-8674105
-8768826
-8486286
3623463
-3773368
9348184
-9366591
6707617
139766
-6258855
8761069
-3551667
-9229530
-9684093
9290595
3865101
782544
5102106
-962840
2510033
8613447
-8292515
-4583802
-3509670
-6467559
6878105
-6297746
1636303
5538002
-6541730
-6534597
8070280
-5443956
5321958
-1834694
3003261
3367849
-2540694
-7237990
-1437410
7052117
7644189
9571533
7260425
-812073
9170528
7503155
-451913
-2406201
3764973
-1639910
4733258
9852983
-1249213
8662618
-7862522
4886482
3733841
-66349
7701515
7321222
-2002812
-3480961
-5638930
-583281
-9734273
-6589204
-4381684
-4589141
-8132435
6742305
-5110530
4478662
6719266
2247334
-4700704
1644091
4386731
6061659
-2290542
-8253413
-6376104
3485321
-80050
6902492
2515489
-2599270
3161569
8770495
-3965104
5470670
2749117
1543952
-1203229
-9668612
3497401
-9704831
-9701994
-1664182
-5547693
2273365
-6354195
-2151305
3258572
-10285
9200666
3131144
-2539126
-5367743
2122593
-9766387
8880406
745669
-2673174
1586036
6889225
-5578231
-5812103
-1159810
-1597350
2313953
-4733498
9665546
6166760
-7747753
5734031
-5184024
-1911830
-9263012
-757194
-9009570
-4317474
-8670595
701246
-9109240
2174536
5201618
9342728
-7299480
-671332
-2184969
957334
3123966
-1058111
-782877
-3193416
3962685
7908077
-2020066
-614673
231464
708861
6157808
7661386
5725736
-8026759
-1683966
-3520611
-4890769
-2967062
2127464
-5368145
-9799907
2800505
2748364
1897741
6282080
8625708
2554598
-7047883
-10167
-3862682
-3783393
-7723900
9466775
-6673008
-5905489
-8882953
-5179663
-5825426
-6039117
-4844486
-232103
6029376
-6259401
9244049
-8975657
-300518
2985519
6688089
1741901
4768175
-2715878
3555849
1334658
8854751
8379441
4728168
-6806294
4883223
2873981
-2729899
5318976
2800267
-2392858
-7075233
3296671
5018730
7971940
2388297
-1102035
-2265455
-6969934
9750836
6255871
-3435542
-5977761
-4695997
869536
3441743
7136123
2472073
-4693020
6998080
-1772116
-7446811
3511751
-5424487
4064298
8903376
9047941
249540
79782
-7068269
4696156
5497390
-3873172
2469244
-4532005
-3062267
9755151
4002993
2492970
5424862
9471319
-1613200
-9549770
-6690753
5060282
-5885630
1609354
-2933756
-9377103
-5431850
825191
-3772010
-1699190
-6569970
334689
9823680
5664775
-6232392
-4947952
-2412288
7740361
6909125
9616861
7004389
1532234
-2497208
-8949099
-6697012
-7948470
-413100
-8556805
-7890057
5763448
5329578
9110338
-6194107
-2862285
-5160262
9487125
5385868
-7644471
-896220
-1488885
-7424237
905865
3364518
-9906721
8091560
-2892784
-3270286
1525714
5965507
-3540003
8545925
9226739
-103404
982997
5485462
4243028
-9540201
-256404
1278810
4322666
9486662
-5274385
-5803769
-2147134
5331629
3104075
-4570703
-1092020
695685
2027698
683083
-3565524
-6949017
2244776
7876445
-5478703
-8624962
3949373
-7946405
1345575
-8023611
5175108
-3255735
9777013
-911625
-6933242
-6376761
-4059589
8745988
3015893
-8786184
-2367995
-6173730
2964266
8071720
-8206154
4216561
971558
-3511115
8264015
-4391447
3668111
-7084492
7341025
5935058
5328379
4309126
-8799874
4898816
5759233
-1379819
884572
-7363463
-223587
-3828185
-8994564
-1285247
1355377
-827399
845536
3813437
3798194
-1613259
-6771194
-9703920
7226753
-920505
-193723
-8833517
-2767893
3372047
-6614104
2655204
4673911
-4972174
4618926
-3283038
-4004846
-9025446
8618083
7061067
3009266
-2512206
1439553
4598023
2456257
4611744
-2432196
-7372224
-1513046
-9860472
3896528
-7693955
-3919212
-4705275
-6735710
-2609846
-2233893
-6692909
706407
6737523
-3696016
7990808
4174828
2199548
76858
-9365258
-4113210
-4401873
1185238
-9387271
-5788866
8615627
425704
-3452393
-7240266
9881985
-844934
6926103
999291
3408896
5536744
8750976
-2733692
4040251
-1279641
-2352580
-9247221
4618820
-7272730
-6959414
1428492
-4072823
-1147176
-3409173
-5418950
-3929059
-2285708
-6073666
6713048
-5924752
-2377383
-6481596
-8298507
-6267985
-2319514
3352115
-7426575
-6000790
4694637
9301248
4527895
-584522
-8599174
-5912128
-7161879
-4818756
1782458
-9824017
-9467663
-8802632
4910763
547249
3130518
8098706
-7194502
-3512664
4723470
-4130439
-2589264
-4130373
159894
-6629314
-424322
2705070
-6922140
3816117
-4174065
6106498
5747388
-7650588
786170
579919
9645375
7515011
7963692
6350739
-1619575
4735832
3609210
-7374453
-8137698
956785
2000559
-1814202
525235
-9356597
3769845
-9244370
4546749
7917439
-1789608
-3777735
108646
-1778922
2114114
-7651412
9400849
-2336044
3322667
1411114
1141999
4207691
-6518971
-7921526
-2303803
-6579574
-4266566
-3613749
-7143540
-3792425
-4895027
7267636
2222984
-8622092
6476819
-7312972
-8581699
-8606982
-871948
9472455
-6483137
1376969
-4522234
1963764
3828018
-5461832
-962385
-478223
-1788403
2476185
9871045
4249941
-249075
8595955
-1263218
-3470088
7247218
7305040
848832
5772960
-196915
-799801
7303965
-4401440
-7432559
1657788
-2920542
2754671
-6511236
-1453401
3553862
-2463827
1189270
1630679
-9764978
7661822
-2250850
-1203535
-1852491
-126873
2325622
-554152
-7996654
1868162
8931573
2604431
-2388009
6532004
4373089
6717958
7504662
-4196182
-3920448
8123628
147209
-8163056
5293940
398241
5860411
-9180606
4876752
-7080070
-5466583
8173863
-9815330
4702618
2433318
5188739
-2836734
-9614912
-2463388
-3646032
-8272054
-3035661
-4770003
4402113
4835798
2213461
-930910
7499527
-6331751
7239194
8828336
-2234243
-4711944
9282109
-3424788
2288964
-3623290
-7286177
-2241784
-612360
3838309
-1233741
-7007491
8585730
3928740
-9055148
-5296958
7448738
5235970
-3865263
-127242
3104734
6842797
8424719
8948534
5682207
8597618
-4277601
6109719
-3905645
-788610
-1297238
6608609
-9725576
-7948184
-8717152
-3528424
-3935654
7016992
3439495
-434464
8185554
-7042574
-544187
-6236263
-5363628
4312457
4090719
-8731209
-6977995
-9841003
4524300
5760602
-9752999
5130452
6203513
-8916637
-8971573
3392190
4365469
2164204
1103639
8686385
5982052
-3796031
-7211461
3898525
-5773948
799558
6594615
-2435158
5812065
-804129
6982055
-8088089
-6337761
5015309
-2940743
5696128
7995666
-3310768
8975664
5072780
9455228
8043327
2949058
190846
-2539361
-3644952
-8226510
-3256269
2571319
-1720187
-1377297
-2103339
-2414388
-9973133
-4159102
8973516
-485782
-6663671
-3027833
-4823909
3370686
5223174
-7071666
8974894
-9762571
-3317592
-8250039
8430375
9917512
7280369
5843448
-4473637
-3378645
4231990
3088326
3424851
-858182
-7739026
5597505
-2422720
-6333949
8535070
-7938810
9145137
3911961
-1658990
-1255130
723224
-9462070
-3364344
-4435533
6371869
-6086668
5395917
-6803895
-4349330
2585037
1109784
7557792
-8619282
-5532784
6297876
-2714060
9090362
-2421180
5330428
-4599614
-4656063
-969440
-1856050
-5159580
6520699
-6258096
-4414697
-9372293
1394217
383249
-2431927
2095873
-1232855
-3421822
4430188
1126753
6277234
6127566
7355044
7986544
-9078700
-3043040
-4134195
-1568589
-8491133
9000504
-6013047
5057733
-1520973
3426386
1097511
-3827469
-1256585
71156
-3834423
601628
-2617802
-4457250
-573539
7179823
3606021
9714592
-4218910
-2025219
-6676194
1994925
4006793
6686250
-150169
8712503
-4138607
-3865926
8004499
-8190381
-1290642
5728769
5493187
-884652
-5399508
631421
5101399
8863775
-3581577
-3876474
-1958409
-7548277
-3319288
-1423002
4852537
926145
8820315
-9382659
-6087178
-7455472
6206458
-9955992
-249590
-1223265
-4161085
2357290
6652168
1729176
4635736
-64761
-445413
4706203
-8809295
5213149
468681
7329530
4841818
9094026
7069919
3088918
2574327
6029412
9833294
-1386804
-8365365
7125036
-9598733
2964605
4575833
1656694
-6737457
-2073446
-604722
-8713705
-9388682
2744655
-5601441
-5050594
-3551956
-3609990
6588927
-8343325
-3949898
-9206884
308825
9603597
-8309977
-6088769
-6128316
3502953
-421145
5486808
-8661700
-1239807
-542972
-8406895
-3415465
-1154663
-6045063
-2755939
628628
7383854
-9867659
2437367
7380009
4512792
-9493653
-1105365
-6433396
-2360404
-6817453
-1748410
1443437
-7782486
2371059
4021341
8045256
2520770
9132244
1146474
3952198
844805
-5126535
9558578
5079054
-1536135
7560728
-6581627
-3883542
1197863
3356711
-1372566
-416679
-5528015
4416053
5265824
-1819208
1111045
-7552122
2014452
-239487
9461055
9424330
6180751
5581802
3301951
3752220
-7651909
5756327
-9653074
-4422156
-3125149
-2108007
-2867442
4785031
8905810
-8005215
-925699
7791519
-1552584
7269709
-6913117
4068666
-3225895
9484197
-3193108
2715955
-8232491
9921057
5960503
-2476155
-9016967
6858165
-9253171
8745130
-8353477
-8685979
4876456
746628
-6778954
5728896
3515127
-5684478
-1020080
-4675664
836253
1073166
9528803
-4786123
3459809
7862033
-538423
-474240
-6068385
-6796914
3110941
-6415058
494561
-5094968
6515346
-7368536
103004
-784150
-2487245
-1154560
6056641
-3403187
-359626
142488
-9542369
9238369
-8703603
-8543511
4146431
-6383071
-5339235
-6313016
4114495
-9919884
5767618
1640437
9819439
2580498
-8908525
-7952299
5150427
-9147141
-5063341
-5636667
-2409725
4263964
-2962423
7444737
-5037414
-9004773
-2016280
7304746
-3995679
-7389459
7511684
-7074818
2460960
4642570
1983940
-8370842
1433375
6015937
-4263696
-5708168
-4491833
-5116311
5261069
2849568
-1850939
-7900483
921972
-5056598
781824
4947945
-7391776
4862057
1698261
-2496416
-959766
9643623
-2146893
-587600
8283235
-2945622
6153836
2178770
-6221618
198893
-6251982
-525936
549164
-7702225
3287797
-3869204
-3015837
-2328069
-8217104
-4855242
2598214
-1437396
4641697
4198682
6277847
-4823426
-6952010
-7379553
-768092
1848861
4107057
-5587447
-36891
9145674
7110311
8889229
-4574469
-6369129
6669386
3700380
-9882644
-6891223
13191
-200661
8879497
6387834
-4546959
-3105718
4516632
-130401
-8881305
-7080072
-9672920
7150704
3198686
9723901
7780596
8971342
-2375275
-1504193
-1564097
-1191830
-6803445
2772447
3615533
7666013
9861953
6765047
4421185
-8051253
-3324607
7367210
-7144855
2699353
-5479806
-1140759
-9811271
6469576
-1066200
-4943509
8541283
2226029
-7328552
8186390
753377
8364160
7240150
-4094921
2972897
-6210778
-4966844
-4665463
4062464
-5407120
-5539704
-8042623
7215774
-8239110
-4938359
9226234
3593102
2228790
-8445711
-8890497
-73451
5467923
-2260909
-5260573
-3600834
2921772
9797146
5214806
7699373
-6635984
-932454
4426596
-2446402
-1881490
6693335
-1363514
3910594
-826869
-7591990
1841832
-5937492
-3406665
-4731346
8117499
-7204852
-2498790
6478555
-2020756
-9603377
-3186385
-5854161
8938845
-6414029
-1329429
-4474015
-7633031
5706774
-6364624
-3529549
-3711144
8638187
7179268
9392415
8423993
7001505
-7942240
-6805253
5455584
8705560
4161770
5739497
3328587
8224355
7623648
2131219
-1795658
-5721810
6057850
2605133
1934680
-9754886
-8243874
-1457652
-7585158
4508163
8655713
-5873698
-9643437
-9827446
-3299434
-549146
-7704023
-2260255
-8951219
8554345
-545236
8514395
-5779629
6297202
-6049094
7828030
-8947819
-2648801
-9214083
-2208188
4311162
4337716
-1711452
1415073
1868838
9420085
-8913679
-8136398
8875107
-2913088
1108661
3504530
-7813154
-5201286
-1774616
-142472
-3768070
-4195081
4416870
8486866
3365664
-8737391
-8817451
-5556430
-5346716
4590348
8743119
-4358125
-6417835
3538062
-5725108
-5579853
-5261190
-7833715
-282145
-5468225
2022041
-2236378
2230639
-256126
-9011792
3468953
-1489421
-3680110
1610139
5813050
2858120
3155317
-3523780
4089704
9939106
8318133
-3665686
117910
-7490691
-2605493
-609199
-9266285
-9724000
-1417481
6159489
4351725
5753944
8167574
8510316
6786732
-8896398
-2016810
6718778
4615371
-1028128
5603427
-9232627
-5888891
-366192
4673449
-7865779
5060419
-2998505
1792410
-6009409
5857022
5837969
8887071
1240742
-3051565
-1762805
-9484298
6851250
158193
1403126
-7545721
3016777
-4840592
-8930720
-7058142
-1320386
2860888
5569841
4962622
-5223249
-6606948
154163
-8373800
3122885
6404625
7697443
-5083704
-7801955
-3234805
-8397363
5340371
-8132786
-7916916
2429779
7138976
-1866232
-5744700
8512027
4637472
-9410530
-617258
-3142628
-6687459
6595229
-8623377
-6030764
-3423647
-207793
9890432
8420079
-1822978
1957838
-8507476
6037861
6781673
7520503
7940951
1795870
-53088
7898169
9541276
7295300
-4880857
-6297537
-1032153
2292553
-1957953
1864316
9931065
3185882
-2689013
-6876446
-5502099
-7728770
863436
-4853310
-3385093
9561696
-2883699
-5920118
-5797856
-2717841
1849361
5994714
5293049
2266962
-6073417
-6633316
6219864
4563682
-2465028
1681677
-3278360
-3675673
-4969327
-6711186
-2878059
-5809102
5453139
7478123
-6689295
119726
-5801936
7743449
5974119
-3137913
-2554740
1440775
511597
9416477
-2610983
7635577
-8489552
-8010262
-9092744
-12044
9616584
5332041
8455877
9528001
5261787
5895902
-3723500
6684211
4123870
541987
-2209928
-2907768
-1771105
4321108
-5849012
-4018602
344579
6672322
8719492
318940
-7508216
-3191694
654199
-3969938
4233449
-7903923
8277158
-8159725
3214986
743503
9773118
-599871
-6714039
6798318
-2956728
-1009310
7155392
-6891377
8820801
3499444
4618308
-1150545
1612091
1689740
9238252
5029
-3360080
2729156
3911952
-8385402
-8267785
-2178425
-7389646
-3083529
-7473566
-5584481
1911065
-4533731
-441238
-1453665
7948266
297580
-3041425
5941948
-9957410
446756
74568
6753924
3644008
570756
1495859
7581666
1277057
-4786438
-9483877
-4350684
-2141406
3396384
5141853
-6027882
5435526
6944455
-6647036
166771
-3725620
-4547865
1831135
6317551
2616446
-8221629
3218473
9138903
-8674271
-1166600
-2180543
2662146
4361681
-4374445
-3998693
-9679592
6275745
-3836958
3096920
3845316
-261760
7952606
-3243346
-6277773
162430
9564963
8051274
4967282
-9866039
9693801
-2257750
6750145
8098109
-6112128
5767448
8299920
6602119
-6030643
-5793463
-1871332
-2168521
7000820
7097726
-5937953
-6624276
2599444
3044225
-9427403
8572946
-7411178
3199216
4486658
-1841304
1172339
447588
10465
-2954909
-6376739
-8847977
8101766
7202532
-6347789
-284605
2210405
6330055
2670428
2141456
4879638
-5998487
-1688394
3920304
3370872
-9637400
-4755167
6181552
-230677
-1316451
3035361
-1842647
3337146
7955803
3586527
-387322
-1921233
-9472879
208004
-9818139
6480429
-9784818
2434693
4023057
1856502
7992604
6224982
-4354985
-1327421
2503920
-6164975
-4371567
-8579915
-3453122
-624034
-5937959
-8836982
2209802
9126344
8053689
-9113362
-9635796
8491433
6240817
659694
6623488
9792349
412224
-5625933
-9112958
-2242650
-3243660
9801783
-8085055
-8481110
-7284030
-4967904
1354687
-8951112
9301453
-9834160
-9694638
-9494525
7669942
6916701
5643266
7471958
-1093194
2392211
-6807948
9513138
-7801091
5025097
6400693
9810299
-3899890
-9190668
-3472790
3274360
-6671746
-8070499
-2077970
-567487
-8992015
-1427518
-9904369
2693515
-5589773
-2958328
9861506
-2525528
3158967
7792688
2284612
-465840
-1203336
8461771
2456375
-6369341
5539780
3914051
-2804779
-4565234
1348914
4758589
4935670
-8245954
4176844
1241521
-55814
-2235750
4921182
2125070
-2994175
-8292557
3756676
2974322
-9456166
6944880
2878810
9318917
-3748955
9978270
9371060
476184
4093424
4029198
-8224986
6679259
3626657
312708
1099795
-6422041
5469049
4356301
3992
-8369748
-1357519
-9105056
6950446
-4975089
1328904
3643445
2199569
-4361304
6538046
-3003480
7736031
-8882235
-5043706
-8822632
7228392
-9554610
-223592
6933373
-380709
-7082733
-6961865
-4741675
2780096
2230352
-600032
7118250
1747337
-2559103
-3024869
6913127
-3040278
-6287805
-6440418
-4006284
2498158
-7454664
2684813
9571994
-7786194
9563936
-9859296
2540844
-484916
6580484
-826957
-1553424
-1964925
-6502904
-5074399
8156929
-4470006
5897667
5227561
-8570283
3628545
-199501
3853577
6753523
-9970419
4552205
6282466
-7659407
-6578684
7647116
-2890081
6254695
-3348074
-3980311
-1790411
-4381305
-938284
-2021273
7125707
4153909
5501081
-8112128
4065310
-7965736
-2995712
2028026
-7559317
-6027720
-3885324
1678023
-9677197
1417092
-8660116
-9415133
1638701
4728748
3825396
-588138
-3664633
3830511
-4049722
-4165006
5539745
2766440
-7448446
2469552
834219
7007207
-7325433
1791502
5924261
8760395
-7457692
-4284580
-5169069
-2727791
8511354
-3175674
-1685563
-5434412
4049827
4348687
5944325
1493501
-669157
8464105
7042913
4189124
2245552
397923
-7555385
-3420000
-1051144
-2281782
1482988
190348
-679459
-5713495
-5449630
4459713
-4354350
-6557472
-8623612
2168634
-5627611
5579093
6438744
9449601
7918228
-4642053
1246100
-8991415
-9978610
-8308662
-3206544
8581899
3636919
1680134
-9715967
300637
5019110
-4943666
2464801
-1210373
5313509
8992175
7520772
4816635
8495917
2014846
6056776
-3301498
5799055
-673219
8914861
314321
-3766121
-2808667
1844010
-3773873
8823343
8327422
-8075233
5984328
-4607908
4597515
1995311
-6860928
-3588625
7451464
-2805431
-2019618
6040744
6664578
1309351
4189834
2588917
924082
-7734105
-426070
-7984505
499434
7697791
3833057
4535663
-631592
-846120
-6411701
2742214
4991061
6599821
6867882
-6252167
2787490
7990823
5199135
-9331173
4632223
-8835723
1642210
-7655334
-3386291
-7717721
-6531428
-3166461
-4695494
6135451
2420529
312698
8452671
4391918
5461573
-3125832
-4445151
-6082315
849675
6943313
-7097130
-3784511
6771868
8163304
2064732
2213991
40272
2872417
3772068
5833516
-1263674
4782017
1547823
2041082
-8068068
7175129
-4675106
9962551
1609415
-6001825
4417217
-4276188
-1791190
9510661
-4646
-7234089
-32900
4385466
-9970365
-867858
3561860
7301688
-2871017
-4437261
8931518
5911333
-3924667
-3526039
9344752
9974127
2741392
-8389255
5424050
-7023899
1903016
-8475277
-3077626
3015858
-3899840
3584078
-3903201
-5337208
8239440
7381996
8733964
-1326751
1720424
-9564000
8724669
-9502394
-9131630
9498945
9330503
4626413
-4960795
2400361
3932921
-995332
-8021921
5757983
1236086
2148309
-5800820
5529571
-7293209
2960563
5740235
-3933830
9960148
3510731
1882871
-4370837
7196678
-1168652
-1456492
-4200752
-6608946
-5540046
7256802
-9614082
4357101
-7789024
-814860
-1498008
-6510240
-6967153
-9193501
-523165
2013439
-3639785
4766710
8356056
5265831
-7102798
562410
4371875
1531333
-6046741
3498462
-583007
-7089129
8967566
-6858537
-1392734
3515312
-2935405
-6676845
-414756
8075493
-3035265
-9758826
-3220816
9790779
-794185
-1615645
3586141
-2934891
-3365776
9673152
-8976330
-5305360
7771147
5942792
-1201106
-9692425
8296041
7846005
4144872
3721102
-186828
2242170
3531983
-7911803
-4137127
8039081
-4848321
-5571551
3592214
-8539653
9345617
-9371560
-1032817
1376374
1039077
-2770126
-7089251
6957417
-5443180
9076632
-6866271
-8372878
-3264304
3976152
-830699
4536348
1970909
-6149983
-2945572
6737694
-3116846
-8392446
8522749
3126893
3892437
6514777
-919170
9786855
-141161
-6098251
1151759
2150217
7415043
5617908
9079574
-472857
8528928
-205875
-4230496
-2872012
-2239063
-9854063
-3776577
-3649656
3190729
-8059661
-1518660
8842197
-9080006
483379
7942171
-3910664
5980775
-7293613
497655
-150235
8443897
-9778092
2786786
696072
-20989
474512
-8858442
4828671
2307706
-3235233
-787006
6953017
8351874
21897
4790323
1253383
-1893564
-4561548
-6792249
7202100
-4219274
5304431
8720028
-8130736
-3781706
-5632539
9208834
-448378
8826398
-9475883
6336025
-9617375
-8299412
-8620567
-3014490
-7864695
3620640
3632273
392718
2455141
4101531
197148
4228743
-6854819
7924022
-267211
1428910
8077485
2891771
-1820351
-3626572
-5188601
6685698
4771835
1875319
-9316850
-1690254
172749
-268148
-9098221
-5923712
6709598
-2248661
-6213864
7943217
-5088654
-3474626
9994802
1145299
924033
-2337345
97447
608653
3881561
1145645
-6747416
9886493
-4346675
1626941
9488474
4506070
-5805141
-5671761
6600839
-515634
-4071935
8178496
-2014736
-1426256
-8955417
4514572
5225018
7990243
7689351
5911537
-4329107
-7765207
-8353933
2583588
6250435
2635734
-6430343
5136598
-122013
-3650560
451254
-8464820
-3397319
7913946
-6478148
-9853301
-8849101
3224505
5116221
-2454696
-4129322
-6468552
-5696632
-8662826
-8274328
6029907
4980015
4266182
-9632243
2866920
5983439
855397
-4257327
8175806
5554693
-1166378
8418262
-883844
949106
-6404554
7995370
9331074
-5753209
-8752336
-2039030
-474348
-3006731
-4581797
9922760
-1328907
6624233
2264707
3891612
6934760
9950521
4790869
2596629
-8002256
-7809001
5220457
6867066
2406268
8733088
6449080
-3037871
2566444
4245618
4380925
-4231857
8398256
7425644
6521762
1038917
9285458
-8449461
-7525273
2607274
7198939
5318170
-4259216
-2701259
1704775
-6171730
-9882163
1527887
3165020
-9175873
3258551
-5064456
-4639314
-7422533
8666862
5540068
-869683
-1484163
-4143615
-2347818
9865670
-1497513
7868713
-9741211
-8203116
-792732
2702253
1382774
-2852290
9823918
-9941816
224067
-8298724
8340919
9949779
-5124110
-4393732
-6205686
3942442
-7131775
-4507915
-6533335
754976
5821409
4222817
8476460
-8378295
8973818
-5972419
-9316291
-1904724
4034609
-3700166
-6045723
2048481
-1523447
-6551293
2498283
1512104
-8502842
3470049
7002656
-757228
-2885909
3735089
-1060107
4775983
6634482
6397253
-2690450
6540930
8817443
-8862599
6295978
6350161
8434104
-846902
4374559
4861225
-8625278
-2333405
-5010501
-719051
-6996368
9493951
4564
-4018039
-1610127
-731787
9341347
3734344
2071966
-6130646
-6855086
-1735849
6909190
9615788
1543661
-3945826
-5626623
1060632
4512932
4848295
-2375817
9742701
-8897123
8357552
6099921
5253012
-6930880
840242
-7624023
-6494536
-2662090
-401861
7870777
-4080108
8159200
-7144027
3547487
-5888038
8952163
-1995689
-1218003
8781509
-5396944
-8996261
-4943382
7886682
-4480094
-4596787
57971
-7447499
4369743
-3716593
-9931863
6905906
8014490
2670122
8944630
-6059333
5678766
-983286
1126483
7478285
4076549
-3549254
-746676
1743074
3179414
25953
-3671897
2730111
-4415041
-7476722
-2326178
1886232
3498870
3543991
6510341
4015989
-2512619
-2935279
8694936
-9005483
-3664385
9478243
-9693607
7326935
6068912
-3668917
-2693201
1041743
7547991
415885
-6107082
4509013
3069461
-7526069
-5498015
4836688
922007
1262340
-9169215
-4842341
8650229
-8321743
-4906588
3639198
-9272610
-7663171
1757632
-6484385
-481572
-9028007
-7480888
4085295
7775505
-6338522
-2584471
-5956444
-8178425
-2874911
-3161576
-6297690
3097725
4740533
-3547221
3391615
-590660
8623746
-1851349
8716311
300571
-6687635
5597779
6097115
8583213
-2862092
-7493274
-873165
3881556
-5501415
-7055501
9348958
1844290
3630304
2830493
-3394952
8143686
7824441
-2538239
1619889
-6652478
4892599
-3562157
-1303389
-807615
-3317487
8815268
8365007
-8934215
173114
6976557
-9057588
-2840370
-8408458
217910
4275707
-6561760
-4373312
-6778836
-7461407
3261921
-6729163
5624693
5566323
5674015
-9797048
9268598
6531032
4618186
-6611647
9707657
-209645
-8282131
-7057413
-435709
1383385
-631576
-4468639
8793427
768554
-1455353
7635580
9790774
-2259909
-4513231
-4746734
7460366
8497454
-5773744
-9744206
-7113566
-4635567
-5588850
6954754
-4092751
-7641672
1977306
-2627792
9383930
8424881
-3691263
3787511
2124516
8006965
3901122
-8977291
-8540210
2356118
-988774
-7535579
5314025
496717
9799425
1200004
6377949
-333975
2854701
-9411061
-7413206
-1149009
-1556248
-333172
1373074
-6253397
8209186
5139618
-952286
-1777787
-8828829
8543649
-9658359
7561383
-694823
2187730
8246462
5260601
1546894
1681892
9000230
8618428
6910700
-9304563
6678931
-9528649
9856179
5442847
-71593
588729
-1737634
1169950
1561405
-8131294
-6058055
-7992173
3356156
-4480619
6108859
3717192
4178025
-8853467
7391020
8822931
-2304353
2580402
-6171934
4234158
-9321939
-2615877
9364643
-9737085
-917641
1997966
-767012
-3979883
-3448231
-3020972
6617719
8937188
3299357
3535848
-6571548
-53853
7825712
8642331
4026992
-3684866
8457991
-1570999
3244835
1077366
-2943565
-8264831
8126338
-2663591
-3583480
6678430
3487389
-7173775
-7873029
-7983501
3125704
968068
-6976093
-3134012
3372098
-5868563
-7213638
9499810
7070428
-3115815
1896597
-8170808
-82270
765224
-6903717
8915048
-7944068
-8525951
4564911
-6537681
-5823707
270753
7232704
-5484066
-9193044
2980310
-9862162
6654315
6047890
5400380
-2476600
-7296958
6425781
-7387084
2376774
4948273
-5111773
-4736711
4452985
7867675
-999839
-239479
890776
1459839
689359
-8332610
155887
6566837
695499
-4393896
9124482
6551081
6469853
2507437
-3548273
-4573640
-52200
-1163610
2181049
4093130
3523548
-4470636
1221951
2237841
4160808
1532597
8141734
-8604679
-5524565
8412219
6389187
-8172234
293058
7544647
-4997978
-9822838
9968768
2446612
-4454187
-7469779
-7419658
8425638
-2327358
-607448
5947385
4794041
-6928603
-691540
-3892082
3321181
9764164
9218888
7824993
-417081
4862674
-5834551
2437515
-9871269
136839
-4104649
-1864020
9014575
-1250183
6944156
-1343828
-808975
6691445
-9829462
-1236661
-5719198
4558874
-7954794
6481895
2014662
9814075
-5904012
-7892897
-6057637
8854150
5727585
-471296
-203923
-3158370
5235538
4097370
1512654
-7344194
7334612
1871762
5421273
-4117740
518857
8111384
-2285285
-3823112
8504163
6822644
-7846655
-7776750
6075664
-333800
3099671
-1866777
-9380611
-9693478
6427243
-7435361
7266415
1366975
4157564
7185961
-3213594
-7982931
6420958
-6625509
-1990178
4124131
-270995
-506078
2720946
-5894006
-1172649
-3600455
-9906469
8329976
8394946
9413968
-4256253
6611555
-5196010
3219077
-122516
6341458
-9575725
-2097621
7098495
4796970
2354988
-619777
7127409
788601
-1478393
8216316
9991276
-4455353
-8459588
3963654
-5886536
-7841221
-2836387
-6444516
7728726
-6708733
470421
-1751834
-8756231
-9893662
9425704
4490463
-9290632
-7192771
-1290186
-7881299
-2197096
6341837
1025419
3815900
4996337
2173267
9335689
-1890565
-1454843
4652934
5354904
288854
8851052
9321835
2050003
-3102166
9975566
-6322588
-6401509
2872621
302459
3335084
-6353831
-4457113
6928050
2650949
2781410
-6140033
6674518
4894297
-6340355
-6871371
-2745858
-1400990
4880625
-1429805
2186325
-1425270
-9868334
7414007
-4164638
-5557816
-4133146
3358673
1172000
8964003
-6280367
-2930411
1383643
8349465
-9049776
1300734
-7660509
5745804
-1999517
141964
-5714179
-880403
-1721467
-3597301
-3029406
-9913137
7422266
-7153510
3334481
-8259109
6816277
683597
-3307417
-4877580
-4205123
1189494
-9553192
7014849
-9259995
9955145
-8864183
5254799
-1195743
-7070619
-3128865
-4678351
-3004143
2206792
-1297297
6690666
6832188
54487
1158982
-6294979
-7561625
-6489069
9672577
6887489
640296
6990344
1295929
545943
4642432
5258555
8901139
-3733664
1232778
-5925609
1058899
-922543
6546341
1403631
-1909360
-5363926
-4299796
9995817
-2643842
-9372192
-2043097
-5861407
-4761997
6426228
629736
-7369186
-2037508
6918952
2633685
-824549
3860128
3660909
-7691597
4448585
5128420
9217661
-975801
1141516
9661972
-7894032
-6980234
6235671
2646098
3299143
3220220
7322670
6595654
6831881
3738121
-1959775
-3171347
-499064
-4317646
3255318
9751916
-3880978
-106807
-111123
3311367
-8443185
-7931746
1151328
-4576993
1888830
-9458997
-4863586
4701036
-6482595
4785680
311426
-6396283
-8486464
-2999880
-5592601
-12952
-5998881
4493882
622644
-8080447
6443742
2637669
-8145454
-1528808
-6384469
4227622
-6111405
7865093
-4744663
-7559743
-8218492
-2728685
-5595730
7971758
-743740
8497027
-519380
3683919
5083953
4396817
5074587
7229415
-7989885
9838667
-8973814
3234963
-6074769
-3039381
-2224215
-8498060
6357007
-6333262
-1351959
8023493
2754021
-6428497
-5752919
-3220667
9925916
1146
-9977960
-844847
-9876985
8256890
-8499793
7436310
-4497543
-2956108
-4963041
630897
-1127106
185648
-6408603
2205140
1974705
1968360
-5977337
9074510
7547250
-5152386
-8772007
9378472
-2817739
7808782
-9293389
-4237240
-2634802
6596213
-5233545
3864138
-1848751
2226434
-9689000
3899871
7794921
-4293960
6500100
7257821
1311386
4480875
8304194
8637769
-9301218
3622663
1687204
-2939768
1561917
8119400
201215
-9839185
618573
5263405
2229360
-3134298
-1364008
7729806
-6409139
489345
7944511
9248373
-7097074
7986215
-6158297
-588299
2930183
6536239
4536359
6958941
-6897902
-3517736
3479438
-4178083
-8810280
7787771
8350571
-7102280
9164265
-9583917
-2180531
768966
-5127718
-9484639
-8103850
-9343833
-7053917
6420868
2124288
1585591
-7579071
-873913
-1469700
-7894157
7522515
-5461925
-9575644
-6394038
1191326
-1397449
-5976368
-1402207
-6781148
4547613
700128
4325984
3263147
-6842730
5611689
8023170
-4109593
2479437
1382664
-2305270
431832
8041856
-6636301
2858024
1035285
1798671
-2950444
-3805298
8148405
9449794
9204558
2898634
-9721696
-4576750
2374020
-7578377
2222561
6969001
-5853503
2774017
-1041039
-994004
-2883837
1837504
-6939381
-7390710
6427292
-2864483
-4850993
1784529
9195614
2938111
4044529
-1897880
-8847426
806684
1566046
2458182
-9429270
-2317079
5556661
5312360
-1194669
5289835
205932
-7872010
-6898514
1185852
7872437
-8716853
-8577221
-5991684
-7666083
5829106
5604544
-3769353
-7362262
-3384492
-3571058
-2255119
-3435907
-8375828
3327399
-5660317
-8164044
-9167333
1914781
-9449717
-4945346
2678393
7117716
4910974
9294612
9423891
5327877
6543929
-4532724
-156941
-7540024
-6133465
211308
5482796
153785
-1845459
-2185178
-4671257
-4091550
7143492
7280899
-735577
-6566036
-7228251
-2396765
7450452
1091965
-5729710
-9956127
-8128643
5973863
-1136308
-3358062
7815144
-5698398
-4733120
-1170938
-5690980
8359828
-1795710
2692800
-8564042
5073457
-1931064
4168359
-3157300
4031980
-4015633
1468520
-6787775
5352464
-9470879
-2322355
-7159127
6487789
-3957483
866677
4971238
549197
7317645
-2205
-8400068
-4426642
-7968271
-7581805
3103971
-9538161
-6120175
-5502202
-5202020
-1968168
-1456132
-4996205
-6930890
440134
-6677596
4640751
8807977
-1522760
2303766
-3753331
5674841
6417490
7688819
4401926
-1809139
-7265598
-2400853
2462269
-3271303
-2605254
3855424
6348871
6102889
9294991
2168884
4213426
-9258900
9086283
-9051930
-7814657
-9497857
9979476
458075
4637758
-9106479
-1547556
-5339433
1756761
-2845209
-8767598
5501733
-6746829
7461441
-3719386
5556786
-5352588
-6126657
-6888319
1448974
-2500559
8497352
-6098494
-7625884
-9108453
1054014
1924794
706415
8276816
3681924
2163979
598195
-754518
-2284250
1909668
-6827252
-4652222
8088788
-9075742
7633305
576667
2304486
3501146
3278487
-2925707
8026560
-6356674
-4479763
5573268
-4838672
3659364
8813791
-7248017
5916873
1577882
6685180
5722498
90859
4813670
-2284712
-9414432
1290962
6362473
-5475971
5376708
5421721
-5640394
6209823
-9066746
-4970371
-5204044
-4387899
-7848578
8590423
4704291
2896687
5951955
8097224
-3355301
2283562
-6428955
-1815337
5355120
-5302531
2913470
6579712
-6255995
-264766
-9907081
-2287244
-3902673
-660237
4962833
9482879
6461281
5115498
-402978
-642194
120326
-1024130
-2647235
-9930515
3129424
-2174780
-8084442
9922537
2449124
3336663
-752476
2621942
5078977
-5929112
-9573054
-5550688
2768045
-4616763
976959
-9238237
3150385
-3896129
2392878
-7754085
2017397
3447224
-7837347
9048625
-7295762
3762144
2131431
-6658728
9435688
-7099129
-758093
-4437865
-2310554
-2366510
-6548700
7281011
4944909
4381831
3242139
-380232
52268
-6952055
-3090010
-214604
3000613
-7086978
-1882557
7370051
-8419181
638228
6649108
-2357447
-8419307
9651330
9389507
-1213260
-5921973
9160288
2913749
8132994
3754598
-5286809
3499208
-2875958
-2901941
-8478404
2265850
3129011
-9377692
-7367671
337893
-1323393
6433872
9749500
-6458129
1597699
7446564
4824395
-9384109
-9640217
-7972666
-4402943
-3313121
-8682527
-8592651
1251349
7275930
7465509
9170021
1486189
7024161
865640
-2479963
966707
8655947
3874436
-7824763
-1971349
-1187064
302717
-5939991
5036392
-4968849
2151546
-825974
-4860826
2714436
5141381
-9811271
-560616
4450636
-1466651
-9971064
1197522
-3505103
-5125491
6718151
-5667904
6226302
8223451
-2252506
2386966
7298165
-4331585
-1943051
6603908
7874185
7476585
2632723
-7208667
-9800549
-7346950
1229187
-6171203
6562259
-8872860
-377779
-2120590
-3057253
-1708101
5657025
-1249466
7804448
2047353
2173489
-9002406
-7267694
-4436077
624685
-4182798
4465565
-8288916
-4039919
6230292
688765
-3066058
-331890
-1543028
7482297
-4085829
-6272092
-7230086
-8396048
-8046185
3842043
-6933554
-9445088
8920260
7944527
-5023422
6636454
-6309491
-2646784
-6146625
-5240471
4486489
9045768
-2556646
-5789647
-5079121
-9636775
5589366
-2904675
4962473
-349159
-6733322
-3876145
7004261
-5465221
2033436
-5829646
-7055746
-2345178
9208326
-3609985
-2831449
7822824
-162327
4313884
6776439
1788769
-4474612
-6210323
3099599
-9035575
-430814
6090306
-4466451
3699413
-4985936
-2206299
-2663614
-4882700
2555542
768673
9371022
2548004
1899640
-3772512
-3455160
-9122892
-2739802
-7456059
-9655645
8102124
-6903902
-5237846
-9212726
-8273640
-9676726
-7513615
5528914
7738936
-1226045
-9163405
-8620366
2924135
-6032372
-6792940
1911845
-239917
-1918355
-5919779
-4725088
-2174112
-604442
8892431
-4146424
3115509
-8455298
1148400
-4942893
846150
8069335
3567415
4303736
1880369
5090977
-6237211
-3967814
2856792
-2035916
5889928
384153
-6880044
-1221898
9116577
-5413067
-7252636
-1537640
1122442
2235848
8894994
-5877069
-2551361
-2112595
-4650039
3381413
7217621
5533742
-6800535
-7317892
3240816
-4395428
8351562
534287
-9937367
5749374
-1615638
148581
-5361700
8047475
-1217841
-3482220
-821026
-9232295
-9885140
-4738510
9035378
7805134
-6353234
1907202
8861093
391361
6213086
-2318803
5161740
-3830818
5645365
-7440711
8757648
2823228
-8119611
7442687
-6887879
6165513
5519196
636449
2202790
2703489
-2305890
6501927
5649014
9238
6617281
1901794
2979886
2503671
-7385273
405490
6546672
-438731
-141786
7648448
7919479
990513
-2978428
1445127
-8454502
6703705
-9367455
-4715074
8224471
-8644447
-2852793
-3662763
556192
8392279
-3128475
9674621
-1203894
-4753501
-6517024
7871096
6195902
7841139
-5912117
-7130424
-9442155
-5520733
1006453
-953338
-6793128
1385087
3527561
301905
-4673829
850926
-8847604
4370011
7107478
-4379147
-5145840
-8906854
-5607957
-2052585
-5245353
4838675
3335152
-7642356
-341431
-6142337
-9433739
1901684
8112752
2678872
5520253
-162304
-5400225
1887228
-2090766
3969847
-4414569
-5866936
1050704
7584301
3123614
1226448
-360725
-9330269
8186675
-7575409
-8943470
-7415122
1571143
-2895352
8317092
-1386715
-3106409
7415630
-9389549
7270622
-9847473
8031626
-2651693
1104647
-3237884
4623565
-7955902
-7859288
5713943
100726
-2438604
-1236556
6789663
-755900
-9894375
-7919096
-8054498
5579229
8534317
-7671557
-5109252
9660721
8140323
-2529504
3418844
9647991
2869412
8862254
3954387
7698443
-6601649
-4503922
-5391296
7935042
9482709
-3700909
-3957987
82474
-3195858
8989435
2508015
-1923362
-2130433
-971685
-7151874
-886221
8468493
-149724
8251880
2756772
-6883857
8988409
-2944987
4722400
686832
6327181
-8875317
5777453
-8425248
-8837345
-3474734
-5885411
-2793845
4786716
9447863
-3008051
-7820981
-2489066
-602752
-8323795
-2770962
416143
-7828992
8217390
-7032295
390800
4497882
7466746
3475830
3746404
-4919954
-7828205
-3331718
2107930
-295743
2413243
378841
-6656732
2640651
1978233
2045177
6992104
-2973745
-1385488
-5806765
5342487
7285396
7185642
2499931
-5439572
9610988
-4026001
8156491
-9404833
993635
4733163
7263242
1655755
129566
-9304440
3999767
5070153
-2426573
-5314579
-7959873
-8302670
1242952
9749973
7373138
218157
-7710178
8493544
8202088
62537
-5278222
-5559471
-3668002
-1071970
-721571
-8977086
-3156646
361518
-4255979
4452638
-4120512
-6670405
3446345
4760372
4224533
-7278434
-8132827
6788002
7568156
-4566266
-3306909
-7816375
-926406
4600038
3007482
-2043087
320756
7154623
8619320
-1814179
5493755
8453582
3769800
2060435
-1436587
-8708590
-3332825
9442208
8822078
3098273
-3669750
-7367385
-4266835
-7782491
-797030
6677592
3679465
7955342
-5886137
-901992
746788
2676296
8403913
3226111
-4302040
8691005
-4931203
5138983
1333895
7048395
3129760
-5656280
-9030538
1502852
-3879291
-3387916
4886491
4151108
-3354034
7857041
-2660279
6650592
-6080562
1777059
-5949278
233608
-7114879
-8152604
6730448
-6014260
9404269
7647289
3827554
8815802
6396386
-7887480
7278335
6785490
6724813
3215678
-2055617
4247624
-9250838
5404842
5475762
827319
8061074
7920204
1475792
6860424
2960141
-803589
-5976847
490946
7863587
-3422245
5976396
-1299343
-8022888
-9960822
-288816
-5368389
-6200252
-7188717
-4360889
-7445484
9715324
6262106
-4318959
-5608250
7333978
-5171871
3625806
5215884
7622902
-4548948
-1017967
-9169120
-3542634
-4937417
-6244198
-4420986
46623
6779949
-2694243
8456902
-2726749
-8975501
-124595
-2844384
-6651995
5926977
-6871422
1533618
8041799
1898118
-3373298
2737072
981953
9861395
-7630229
3227443
8534020
-8567123
-8258174
-1472506
-981551
-1965865
-1187840
6691070
38971
1474715
3124031
9716055
-5733360
8246424
4871940
2359583
-1149618
-6343871
-1779377
2425478
-8962906
-2097556
115088
8502496
8941859
5698853
9504263
6123714
-4982065
3992723
-9673405
-5856836
-9518321
7213251
7938044
-9684988
5009004
6870005
1435340
-189349
-486544
6624532
-6980623
1763046
-4230093
5550551
4650568
-5185324
-4335923
-7644855
870761
-550516
5969184
5559964
-4890377
6205184
5214057
-7200832
-2665242
1227304
5169020
9382834
-9128574
6215239
8389604
1805716
-541799
6012703
1511399
9476598
-3789869
725828
-7338967
6949031
-4295756
9197418
-5282649
6136982
9968272
4710085
3165565
571287
-7609172
-6807223
-1595779
8514896
-3060579
-4029978
6109509
-954215
5203705
-4092263
5205889
3704151
3317978
-8909619
7967517
-9241369
-2815391
-3204189
3900719
-1580188
9777418
2854242
3176269
1984880
-9065706
1579615
-8831868
-2583966
6944690
9559564
4726429
-9290725
3254526
5358708
-9276358
8725475
7520331
9960678
1095631
-6891433
2882474
-2918577
-8872794
-280960
7352123
-638817
-5628009
-6320987
2187449
-637126
2642879
-712754
8136274
-2360004
1399023
-7126052
-4696706
-9414652
8993562
501333
-1886994
-1452913
-5510866
4857915
3442231
852006
-1005268
7704399
-7819848
-1941531
181588
4276558
9544229
-8473686
-33087
-5858248
-8748829
-3946421
8534282
-7059722
-5960536
-5684102
6608188
7484949
5737500
-2355949
1975156
-9806649
-3095708
4750051
-8085568
9616185
4431324
8446557
-6410566
399124
2415702
2140265
2275373
1002797
8056136
9758049
8388245
7061674
9578037
8634008
1272611
9190325
7873513
-9194997
3238525
7470010
-9382676
-9550065
-5948435
-5091634
-8752593
-6185928
3665185
-2928289
9143622
2581023
3860419
2126106
-4027640
9198729
-5240964
-9067
2529522
7857628
9534259
8540982
8138212
-8759410
7887193
-3469094
4586922
6154981
5176101
-9790549
2523693
5337717
-6969250
4230418
7661264
1071133
4196925
5483851
-2403619
9602955
-9953577
-2919934
-490973
-9664557
-3661786
5415997
9445983
1712720
5908772
-1533041
-1986091
1918581
-9058968
-1437362
-7153142
9441720
1342025
-6450702
9490638
9118475
2457031
-3467120
-3928629
-1011083
6669778
-1872088
-8575609
4411975
3634750
2261087
-1827684
7995952
9248695
3746356
-2815411
-6906022
-3304970
6144221
-1845031
2091158
6789528
9015213
1446618
3203483
7406451
6700656
-7911997
8731929
9561433
-9085002
595556
9371699
-1743615
-9822020
1725436
3422070
-8747581
5121425
922581
-6166478
4807021
-4744625
8193875
5523359
3231270
9314551
102868
-2993651
530694
4604139
5596465
9125013
-3746196
6483766
-4209776
-3728542
-4510209
4931293
-9013002
-3234829
-2012021
-7814490
2104118
-2349121
-7123249
-5667649
-7362567
-7429862
7045006
-7986061
9582535
2605875
6834367
794515
3167457
-1444287
7030921
-2054873
8832816
5912663
1429899
9932637
-633438
-98803
2739035
-8221354
-6925547
4935246
4483468
-1475856
6244935
-2739887
-1391527
4116422
-4699542
-1686946
-6858443
-7510778
-5290313
-9658022
-4415984
4622001
783691
-3131775
-5539220
-8358973
3680538
-2758615
2022633
1964084
-2483208
2999335
-3137542
2670581
-5407704
4436402
4026074
-5545530
899416
-4706388
-757838
4422038
647384
8475923
-2480793
-3054023
-7015668
9389816
7717247
8075926
748553
6251234
4334165
-2510566
3461489
-5924981
6735176
8288633
-219278
5908455
8468274
-3198874
-866244
2753752
1802822
-7734528
-5410484
486656
1181617
1676799
-384049
-9087804
-8719535
3836795
-9663840
-6781403
-9402034
-8518784
-4136580
5268766
8847085
3711716
-7333458
9235580
9026216
4332277
-8088385
8155159
9363974
8190616
-2689943
3495297
988426
9734839
4847196
9031217
3641139
-9513114
-809097
8122380
433061
-4099282
6221365
-3390169
-536382
810288
9058645
-8045698
6555174
-3311149
9111872
7314439
2341332
-6892092
-5918955
-4145546
-8239582
3643839
2328573
-2720650
1815876
5683512
-6524992
-4821557
882580
-3432919
-3309384
-8217085
3073026
8216355
5228022
763640
1148058
331697
9890051
8443939
-6750599
5251715
-6212246
-8316387
8366512
9741668
-5140585
8881000
243602
4537145
196144
6834773
-1218259
4975155
4948544
-8528746
-7503444
-3451880
-7764268
661838
-7681991
-5935154
4283982
-9143791
2400839
3269179
-8550324
-2850926
5368479
4466200
8005828
-8163436
-3830268
-2102208
-2218742
-813577
6309597
-6318668
-4971298
-2893641
2518299
7355020
-3464403
-1884046
7107732
9790791
-8768952
-134305
-8481343
8087307
127217
-4558937
4611867
-7405939
-7080347
-8247477
-5805019
2399119
5379632
1592293
-222479
8989257
-6263854
-667020
6211768
-8390714
-4861843
-9589067
2754588
7036625
-3186494
1945270
8241659
-4690559
9249829
-5334588
6561548
-3351507
-3538475
8219832
-1145
-4680334
3623975
-3946011
1962366
7438121
492619
5757462
-7599777
-5038163
5784545
329763
7220958
4120723
-6749906
-1604070
4372937
-9285668
-3302257
-8785234
-5347561
6815916
-2839475
3339786
-172111
9383505
-4978192
-9691120
-272923
-5928096
-7496305
9716990
8089930
3383804
4939138
-1439959
-6113707
-5011752
-9874224
-9027968
-2203032
2676964
6773572
2179102
-5388365
-5523807
-4265190
5822225
-9385493
-2426798
-4341004
1684559
-8553220
6853290
5156249
-5471393
-715501
-795375
-8476459
-9058294
-8147619
3516189
-4197814
-3164997
-936829
9364028
6086027
-6674848
-1557950
4481949
-2210496
-4032000
-566574
378740
4485823
8968012
4984172
-9324339
1603507
-9663344
-1743907
-8300091
5281874
2380261
6998257
5081320
637582
-1837111
-8105120
-7686704
1332148
3167371
-58065
7123496
-8729983
-5735984
2197149
-2673983
1691372
-2876333
-193997
-4259938
4077388
-282620
-3413242
2609758
-2845797
-557851
-1638020
6054632
5195726
9740589
1217248
-3834487
-2968509
281525
9786928
3403691
-8445590
-8777376
6773689
-9033342
-9403727
3576169
-8819624
-3955606
-8746920
-6226223
100003
3885476
8495403
-6746813
-8090287
-7586374
3033267
927122
6365207
-9971496
-9740020
-9053661
8352764
6785789
8836059
6248496
8691990
2116080
1719256
-9389731
6080048
-7081764
-3498916
-8887778
-33225
5012031
-4471778
-9261801
-5954354
-9964311
-6232167
5222539
-7833240
-5559726
3766636
9151334
3891247
2949657
-3978892
-4882420
2021033
5509298
-4175549
-6006950
2222733
6450034
-2179597
-3094079
8510105
9434377
2838837
-5510692
-2651923
-7910405
-2119898
-3189102
7661608
8696939
-797969
-8247239
-8216971
-511075
9767198
683416
5023581
-501965
-8676829
5093364
-2745364
2000229
6088657
-3777861
-632098
7348766
4214523
-8213380
-6072880
4834250
3317305
-2359380
4424219
-6615887
8299591
3904605
6029126
-5602758
5999334
1997940
470433
-1362510
7854461
3411938
-4033318
-3879136
-9191989
6324777
-1827428
4492099
5464907
8696289
1281317
9184721
-1701592
2310364
5235064
-1570034
-9733569
-7417056
-5912511
8002434
-8189270
-454425
6595347
-2492110
7344932
75510
8533513
-7815604
-9842254
4219257
8433676
-8582300
8320625
3288249
4022552
-6467316
-7480669
-3787011
-7101130
-8079023
3683898
-2275173
4785785
2842769
7415914
7136506
955262
-3688019
-8853046
2287844
3376797
2847048
9683776
6613619
-2726219
1676993
-6187853
-7742349
1573733
4662839
-8886991
8926581
139898
-8047484
-6044631
-8956089
4888627
-6866350
-93837
6966978
-6592443
-6182158
4689513
2633460
-6280649
-565212
6509865
2148739
3003967
-4616069
5018858
-6837200
6151005
5209871
940423
6082637
-3983042
-3670296
2464930
-4142546
1074546
704408
-3347669
4633754
417196
-7260348
-1471489
-846191
-436414
9316721
-6804199
-9248117
-8306886
4278890
-1355602
274116
9743399
8112067
-9688590
-7620645
8079737
4886586
-7976648
328756
-2473169
2631085
-9849468
-2243771
-9432846
-5392090
-8062312
-8483053
6100236
7333745
1235443
-6923685
6682731
-4048143
-8320360
-7623409
-8508475
-3986717
-6241680
-8952317
159744
8669124
-943648
2962324
2554112
-1081972
-6126699
849544
9368590
-4444185
5303605
908593
780132
7782034
-3774841
8695698
8997224
-1621364
6588656
-1850937
9237525
-7589833
3952144
-3295256
-665497
2194782
-2761680
-5353433
-9271507
-7232185
-7432477
9500141
-5700900
-8339502
-1716417
-2635131
4595009
3879536
-9798619
-6891349
-5473889
-8330697
-1739451
8186072
-5145774
369822
-3743790
1196196
4407902
5007677
-523968
-4334335
1861708
-1003749
-3289844
2811970
-213179
-7352543
-3480252
9094158
-6424168
5779191
-2392540
-3324350
-9356862
1263010
-3939016
-6229601
1511821
-6810535
-2009750
7614207
1654555
3349654
-58368
8839581
-8750990
-9404190
2383474
-9305503
5080624
-3033668
1293874
6439984
6364959
-6352322
-6491882
3293984
-5966481
1039351
-6225319
7332186
-1173153
-3418351
6499883
-4209826
4676557
4551891
-928435
1243344
-3811282
2616928
4337126
5647114
-5788849
2720772
-2660529
-8030040
8120539
6303269
-6354374
6332890
7705133
-8823351
6617703
-664000
2447306
-7256663
-5943910
1122474
-4316729
379511
9622873
-3469246
-7970824
-9962924
-2143249
-9065871
8912917
-6575375
5401632
-3870090
3802426
3280862
7312817
2354580
-2967674
4918280
-1051025
-990462
-113950
-6350614
-219645
-3067533
3826011
8870169
309256
-9941283
-6546905
9548138
-5272497
-1562812
5752796
-921582
-6734793
-90913
1662905
-329944
8495919
3331937
-9772573
3032401
-5660518
4261350
6343414
-8567076
-3989486
-152914
5547822
5746214
-8124836
1897983
4018147
8925927
-8926590
-5991233
-3961212
-2688594
-8107574
1290717
588490
9032155
-1754867
3258373
-1488446
-5150186
6021996
-2466267
2489710
1676177
-8884269
6972411
8293103
-3873845
-9858468
-277883
3698277
1691452
-2652831
9663344
7041936
-3317671
-9107731
5922744
-5468376
5694928
5548521
-9491254
2175518
2626722
-3123433
-2332572
-3100371
-8240319
-1430821
-5076191
7663602
9210173
-834971
6652775
539438
-6710602
1111224
2209902
-1464095
-8430281
488034
119174
283646
4180564
1716630
-4251158
7599303
3352286
-1954353
-8089253
9622197
-4865171
1013800
2357424
-7676076
3701816
7034685
-9304454
-3184328
5047433
-8446345
-5421058
3174520
-9508703
-5214492
836637
-6768564
-6054535
2437945
9942464
1971151
-6791075
-8715532
-7708780
-9314208
-8780529
-2354484
3929879
-7554454
4088548
-8793512
-828666
-8323816
-4023045
483708
1574590
1266676
5622366
-6469426
3957588
-6417868
-8875059
4797277
-2586500
-3749542
961746
-6447073
-1298137
1780554
-3860342
2489265
-2451870
3306105
-7316482
-9144999
4242358
-9148101
4145317
1509549
4749652
-9948145
-4813329
5412333
1667139
4357316
4377165
730626
4700978
-6707735
-4351851
-3136523
-7228206
8888870
-4096932
3387484
8759701
-8689854
936255
-3948493
-1168799
7258306
-4997190
-3200507
6879957
638440
-4892043
8492130
-8936696
7381394
-1682148
-3746590
3506664
-2916301
4395489
1771512
-2974461
-2197569
-3419372
1709570
1372721
1184845
6619699
7868219
-5015170
-6422550
3751222
-1872912
-9714294
7789539
2032806
9306407
-2137935
8983098
-7504366
-4202763
8306977
-4163876
8411416
-7658052
-2975748
4732892
-3280561
4385273
5068563
7522743
-4141361
6938374
-4794343
8606842
8343361
8556721
-688442
8006410
5039118
3322763
-1178496
935626
-8358440
-5541040
-107413
-8349890
3620385
4860951
8086307
-2259324
7279969
-8670263
6944825
-1974368
2358616
-5124490
6831831
-2747232
8526961
-7632651
-615424
-3669736
5358001
371073
9385927
-4043312
-4510669
8106222
1155028
8493832
-616821
-3029008
3786619
-2156551
2735131
8278449
7348456
-6469798
-3638798
-3330405
-9204261
9624421
133112
-8341448
5154111
-3526052
-3696609
4801007
7913103
979880
7289600
-8491615
8105373
2306869
9484461
-1989383
-5155427
7075163
8982125
8480690
-3777069
7271874
7489548
8947368
635857
1582762
528281
2432079
-6176016
250789
-6840697
-3965889
5170630
-581510
-3104302
2790041
2401888
-9859644
-3248628
3621580
-1054791
-5164128
-8648503
4550592
-43892
3782403
-2150348
6123076
-2643631
4318726
8390441
152088
2596430
-1624596
1029645
5654024
3171679
6077375
-7339431
2791542
-9380080
-8447678
8120848
2363686
-6066685
9537956
4261410
6177823
-3367091
-9264704
3228883
-6579869
-4646148
-474964
5088243
-5067386
-2109800
-8996766
3982274
3709887
-8856369
-7837920
-962281
-3348233
-8513432
-4568184
-2487000
-1823100
1178413
-5485424
3049778
6858329
6154728
5333964
2788629
-5180687
6610199
4726389
7032330
-9046796
-660425
7826599
8316545
-3847792
-9176758
9169564
4901050
6933105
7755279
-4892319
4953180
7054017
-4326260
4015020
-6703660
-1055226
-7282585
1375049
-7417569
2502312
-9629159
-4421094
-6693868
6445216
-3315173
-3910086
-1717993
7081962
6223814
-1296894
-3621374
5431004
4616734
-4206064
2827421
-6571610
-8229444
-9249166
-7735670
383445
9660907
-2355233
-9193523
-3780548
3682364
1438184
8808153
-6930689
-2973615
3750697
4611785
3601811
3220043
4947493
664481
3566091
2656960
-8561770
-4551294
-5384475
5290229
908320
-2789228
2244964
1716747
-8558556
9692577
7245563
7459566
8813602
-5936995
-9817897
-8574282
5598618
-945786
-2673197
2867404
-9227173
-2316891
9899756
3497015
8403755
-1770942
8875365
9195602
-5334705
-5358488
2838027
-1538351
-9574269
2301589
-4320002
4101972
2423704
9757029
3778730
6888547
5711554
2865137
-8103065
-7287203
2131475
4960969
-9613845
2086051
-2426692
5609166
5930771
8893053
1382018
-1225548
-7775721
7453252
-2254639
7548598
-4583874
6823996
2180124
2884148
-2489880
6089737
-2291180
-483359
5644885
1502607
-9182129
-8589621
-2882522
-8599746
9779033
-6317754
2564217
-6239940
5296961
1021202
-208858
-1790765
-5505206
1229841
-4662080
-9521817
2786710
8563232
7611248
-4542519
9362159
5935153
-4112294
-1345278
-7507289
-9806612
6476150
9484548
-7561085
-161238
-4052828
-2177635
-1264713
-2361923
4705441
-4293961
6937566
-5516329
-1139933
-6792124
7995324
-5258206
-1942224
7886735
-5513543
7290066
6396693
-6159804
3681156
591426
3835252
-1553924
6710160
-3885503
-4367091
-6652205
-8609232
8043253
6543357
-4655793
2975068
-3750007
142001
2434937
4699561
-3176734
-1196731
-1871736
7125432
-3266803
187951
-6414963
-538043
4311337
8364885
7207560
-3645246
-5903900
9879272
4463029
-3439070
3134891
8239614
-7211835
2215373
-149032
639674
6942096
6691565
3788419
-7814996
-8561948
4707946
5700879
-909969
-2858406
8275923
-8168999
-6412914
-2127046
-6347378
-5576044
1145494
9779103
2938447
-4804010
2880935
-6545131
-3660098
3985886
-6125007
2607172
-9545007
2922278
-1139772
4008907
6757644
-4188655
27557
-9738043
3061829
-3747721
-5175803
-549748
-9275468
5745969
-6813480
-250013
-2832799
-3781809
7691800
671798
-1302226
4183332
3833041
-5838102
6068842
3926690
950740
3670784
3738242
8199742
-2123388
1231933
6279214
-9057514
1331402
9427201
1128329
4371319
7565048
218993
8963395
5336759
9961096
117453
4576200
-9282952
407564
1693705
-9032602
-5055940
-7581912
8515171
2220310
5778731
-9229096
2249919
-3090535
-1077017
-7586564
-5058767
-2974582
6571288
9688203
6884806
125567
1328157
9523404
-942618
-2230431
9489761
6611330
-1703384
-2385804
-9641275
2963384
3614571
9440099
-4699856
-4871823
-8257419
-6796910
-9797467
5448033
5238202
-8456869
279731
-1620172
-2131317
6112997
9502507
3235525
-5460444
-7125826
9767116
4639060
845095
3874822
-7999202
5050397
-9711018
-2591512
-4775173
-3051890
7447463
6230681
-1899547
7422142
-7044974
-7300898
8050851
-8471003
8063031
-1933313
-7937177
-9422467
5206305
8876230
-6600748
1848845
1046886
-5631318
5371771
5446153
6389459
2254244
-86569
-9151462
-9634303
1262260
-8508497
4223686
-1576816
-6835464
761667
-7960791
-9084462
9690836
-9145883
-7632944
2221846
-297516
-2604828
-1166301
1165248
-7917056
-4020668
9045407
9211973
-4184454
7372873
3862771
4822418
-2088622
6830536
3125812
-9483847
679878
3466899
6295249
2223561
-9483959
-1846283
1298918
-1428989
-711480
-4946068
-8400256
2553231
9315603
-7580004
-6315023
-92329
-5004152
8800438
-1933674
7851601
-5636090
2255747
3468803
-4136056
-8726112
-4626888
9931333
-998407
-1495886
8751533
2323874
9009496
2641000
1068737
-631973
1293023
-1908657
-178760
8721510
-3815550
-677820
6504387
1919313
-5168183
-1528815
-7316038
278451
-8428641
6078789
5639484
-1449256
-5303841
4147945
-3335017
-3470922
-2783208
-6537748
2810178
-9149916
8316733
8325619
690640
-9922607
-7690713
-7204213
-21914
6332765
-6145907
3309622
-2547186
-961720
-521958
2314550
-7868169
-1189958
8489835
9188357
-2574669
-7944113
-1622380
-1665075
-8903488
-1196913
7073194
-6402146
-2293992
7121482
-7408567
8084973
4344295
-3498059
-8492423
7467083
-1546166
-2170510
6253779
-934150
-6758213
1955978
1173260
-356647
7007875
-5800386
-7294759
9489642
2537190
87341
7074297
7458622
-2389472
2149406
620100
4211139
-3499284
344604
726731
2414958
-6971201
8128192
5042028
7233927
-2326841
-6046585
-5308465
-520594
-3251856
-9836841
-5510211
4350618
-628186
-1644524
-2054067
-6688385
940083
4813153
5184668
4587478
8766886
-7653444
-5046268
-7784363
4688558
-2849125
-7076445
1615990
3001846
-5049538
3928065
6364973
-359046
-251028
4193575
-1215135
1524356
5563454
8027380
-5495981
5394640
4368399
-1201493
6814789
264790
7089066
8496975
-9826177
-8079669
-687472
7090352
-8649014
8570068
1823373
-578849
-6561375
-2783257
-9804725
4718386
-5069604
7277497
352582
5343542
1981156
3121094
-1153604
8317388
-2877904
-2121006
-6079380
-813511
-677799
8010791
-8535818
2039819
650953
9128689
5860480
-7839553
-4043890
-4150981
2172126
-8587649
9382161
-5772761
-6128531
4985097
-9388142
-6828714
-4962437
6165422
5437400
943543
4544316
6113855
-9713542
8591281
-4391859
-9041375
-3216497
243506
-7739966
4193418
-1994221
2496498
-404487
-4326834
744497
-3882158
486218
6250565
-3002831
6589198
8186142
2309475
9664807
-6808177
-7543392
-1924050
9645333
6182018
-8067656
-3280117
8284878
7262074
-2289577
-8661159
-4477256
-9385650
-539957
-7358507
-1788650
1774149
-2527234
982770
2500575
-7346004
8385387
930280
8773511
1569023
3497804
-5008911
-3841733
-6423577
-7567536
6086093
7092850
7515335
996864
-3147012
-7681173
-995245
-5225327
-6849907
-900688
-9172592
1811007
-9980950
-1428414
6027693
7215138
-488016
-9093772
-1256722
-7001615
-7118205
-4317690
6702501
3564293
-4722101
3368392
-2251895
8197694
3262697
1360931
-9388147
-7123413
6255703
-9801187
-6352360
4489234
-4404566
-2422150
1485335
-5636720
-5808714
-7165313
-5025124
-5307077
-6967566
-7721888
-7469907
-9829514
-5861626
4204581
-2509666
4760820
7044496
-6260045
-9607176
7787379
-2721237
-1315416
6716220
5179430
-2571801
1486212
-867744
4228748
4771868
-7254841
206010
-8836041
-3677963
3399487
-8868128
-4371621
-3919390
-2645998
-2386015
5292043
4448410
2290932
3173272
-8215858
529902
-4909362
-8815289
8865529
9337469
2289387
-8295658
2423904
-2976109
-789023
-7303407
7890505
-9266443
3288453
2501421
-5052175
-42708
-8536693
6295830
-6445439
101107
1017441
7860167
-1737646
7210730
4507337
2312701
3300927
2247781
424145
4219401
8129815
4310957
-3215078
-7439102
-2715230
7148380
-8513232
-5781597
-6127947
-3775315
3179714
4981234
-5844508
4055181
8509294
-596290
3218815
-5050155
5423684
-6008451
-8189499
-9811340
6883537
6600614
4146179
8325891
8583555
2398003
-7440590
-6357557
5204650
-8492716
-8309448
-106835
111969
-1012860
8606705
2111068
4144020
8937699
-8741427
6742670
-718202
-1980604
7995887
1214535
-3575239
-5390695
-3890835
-9322901
-3886505
-3723634
2586058
-5442641
-780938
-6377742
-4746330
-5463074
-767624
-3334198
-6425226
-7706976
-1982404
6968208
-1397491
-4993848
172311
5978279
3328035
-4655087
-470129
2380161
-7306819
-9142221
5705873
3557774
1992708
830718
-8403553
3367803
7055475
-878566
1444448
-1784570
6790161
-4721950
-3291991
6514883
-3304906
-868915
577780
2242300
-482544
-728008
6032355
1781959
-1306098
-7147175
-1730706
-6835903
-7342380
-901899
3800941
-8145079
6114763
-5032100
3176339
8304388
4602495
8711698
-6963238
4452537
-6683470
6980707
5735754
8334665
7064209
-727602
8296100
6730836
8578935
4097572
-2104025
7037732
-7242167
-85082
-9163854
2328155
6790259
8563989
-2458417
1239702
-9462118
-8507754
-6608094
-69142
-2409118
-9860506
-6321560
6062273
9728384
7426082
-7412343
-2286193
8463082
-5453662
6909380
-2575996
9280931
2413528
7259452
-9302129
-3018664
136831
2727565
1175748
1761259
-8203155
-2584571
9554989
3011400
5329104
9000487
-8073889
1766342
-311727
4377173
500652
-5559187
16388
6051182
-4744857
-4792610
-848904
1949443
5809684
5573302
4107261
-6020455
4881989
-6712321
-3024632
-6665935
4334153
8781708
8938423
-732518
-3907540
9406157
-8241259
-5561894
8202468
7690226
-7553026
4238978
8398893
5603786
-8370376
2899066
-4993729
3051249
5047669
5864272
8835680
2646166
8723019
4690537
8948422
-2922647
1316309
-6306396
2345182
834392
-5592603
3128450
-3767312
2180157
5587221
-33477
2865018
3591662
5161215
9785521
8990707
8841400
-1440017
7536534
-8671801
-8563336
5566177
4541695
6458473
-9682555
7518664
4202105
1553796
-9602232
2843945
-6457858
8092983
-9130111
-5924684
-4065022
6793094
2256969
9756999
5632416
-506833
4825641
3381794
-6305304
-9987186
-7718823
5967935
2742339
-4793239
5011311
3140446
-9177465
2120099
-999104
-1714177
5909702
-4058980
-2034250
2359374
645644
-6233777
4770031
3474272
-8439425
-3142662
-2656647
-7769213
5079683
1564145
5163080
-7692372
-340211
-6503701
6293415
-6854659
-4945556
-7646589
126746
-9369741
2411661
8988316
515723
-461792
4884886
-6493592
978226
-8734928
4785255
5804606
-6522588
8901334
1857975
7682104
7249318
6566225
9611659
-8332435
-8537749
-344481
5369780
-3402925
-1132282
-4816358
8086607
1502763
-3422471
824331
-4632452
5550391
-5264570
-8872312
-3508
-3066158
-7810591
-9636926
-5631177
3620811
178008
7145421
1651471
319545
3965579
-4457278
-742035
-6835972
4030651
2592976
6119506
548527
8023705
9514229
127808
4765447
-2044564
1151052
-7285120
182600
-6579807
-9445685
6432640
-6318493
-3275166
-6129607
9264189
8451806
1900458
-3224190
4537399
2293396
-8854112
-5650671
-1503409
4119239
-9421009
433395
8018969
1993541
417147
-5447311
-6965833
7643672
-4642105
9917149
-5015857
6096892
3872280
-5778250
-8288950
6584928
4012878
-370136
-5658508
9679341
210363
-2641694
-8927791
-854964
-3541604
8822326
-7147359
690061
353170
-4332047
3908530
4223451
-8389287
2694760
975430
2058356
7316251
5168683
-3122817
-976573
-8555599
-9189667
4341641
-7287998
5333332
-6821622
7648880
8324002
-5223943
9853546
8022557
2361102
5866450
-2145590
-5609232
-406326
-3919831
-211203
4988731
1457945
-8697507
-9284596
-7254291
6393754
908489
-3787549
-154732
2048409
8783490
-8534643
-3528626
-7809372
3461120
-4532728
-5693954
-2186996
-1602648
1391526
-3751202
3757406
2601134
2906714
-877832
-898192
-6797177
-4694504
2729623
-5383955
-5750861
153872
9902810
-7726790
-8292815
620571
2788950
-9422919
5019092
6797339
4951683
-7957236
-243225
7894941
6952005
-642725
-2141141
5097538
1101821
-9922507
7706274
-7660239
-4235076
-531820
7887514
7919461
-2009441
-6430989
8365450
1914624
8929568
-5295399
8706486
2261629
-24329
-4411923
7820395
1910704
-3835438
-1840295
-1545567
-8834331
-6429576
4095392
2862602
-4068897
-4509127
-7535537
-9196837
-1800967
1529503
4516124
-8773171
-1254110
-864679
9973417
5866273
-1865718
-8457896
4287783
5005210
9871009
-1624659
7751850
1423923
-9870874
-6741763
3058218
-5380392
-7762908
8007136
-1418410
-4258065
-3026844
-1001770
-2641630
2989596
-9295468
-8441848
-3400303
9732052
-4615717
-9462506
9029784
3381800
2916215
-4845852
-5601707
8481748
7240054
-7881791
308319
9571830
7374881
6880530
9458522
-7408175
-5886913
-4632047
-1699861
3875492
9372943
-7547947
3805080
379570
-3933285
855258
8657731
-3389041
-3231097
3143951
-4420423
7494417
-1372810
113070
-349391
8172874
-5513470
8743786
8214545
-8508535
1795671
-1045665
1464292
9820059
-7921976
5354680
2700805
1641913
1926417
-9201189
-5615944
-6960798
80030
4430581
-4712858
-4739183
-650979
-4459098
-3960899
-5247313
1512833
5867984
-6888269
-9788698
5518087
-5190895
2876476
6683310
5428709
-8275239
787493
-156987
-9931355
7148229
9561237
721602
4837407
-6890459
2986012
1336158
-612552
-9103950
5977444
3860964
-235254
9484811
-1556278
2672174
5267490
7096823
5698944
7633387
4305337
7790834
2909602
-9588304
673026
-8300948
-2325762
-9888465
-6607185
-704394
5083174
2368074
-369397
6143892
3754855
1871092
9511476
4370094
5059474
344280
3008009
4282801
1300401
3988744
2911005
299668
5127789
4498769
-4174537
-8238046
-3951100
4407919
-1416144
-3657597
5952870
-4105923
1005831
1949815
-7471392
-7291122
-4712390
-2212853
-1047266
-9667188
-7885379
-7370553
-2363563
-9684344
-3510295
-5701257
-2343943
5819321
-3274155
4473288
4871308
-3267347
-2189224
4497737
-7893218
-6624037
-4032131
7114824
8845398
-6714629
6272762
6985674
2662892
2557011
-2764557
7864519
-4555221
8123703
8576731
-1180981
4558369
8277258
-7565833
2814170
7710344
5855334
6658571
3798832
8077166
4930127
-1181042
-5563468
-8208149
-9179992
-9273168
1562658
6179311
-4853606
2290021
-3569589
3143395
6023160
3067951
9669960
1018573
-3305263
6805456
1684177
7044806
-6582464
330243
-7723383
-46287
-3956140
3874662
9179906
-9106350
-8943660
5649317
973533
1978960
-435310
-8817703
4797579
-670927
8026716
-4773295
-4580474
9032724
-4883491
5506101
-5649411
-1439207
6934781
-2133988
-1000815
147328
3232673
2738716
-2854680
7896783
-7701777
8837840
5727640
2537581
2636503
-2579889
1228158
9355952
-9407132
6445587
-6125109
6392015
-4045179
6525679
-2914988
-2348522
2808075
-1212932
-7211801
-9342612
-2906849
7172948
-9631613
1653142
3862231
757538
-6951155
1986532
1708653
894077
-7476767
-2936088
3910274
-9053218
-9941734
1244245
5943521
-494700
9821501
-1951041
6466760
-8793308
-211426
-4350668
-2848526
5752262
-7838803
228090
-511424
-3753413
-3615910
-101771
7036698
8129819
-3460465
5517848
-1759253
-1603462
-7697471
6147793
-6126258
7331712
8900183
-444628
-2541671
-2215005
985889
7171792
-1962974
-9753525
4760684
-6114541
2306014
4109859
-2773252
4120939
3271788
-3342406
-3173980
9524721
-2172844
-6874895
5648760
2861614
7890645
9467814
-9276129
1091367
-1671763
9332108
4655649
-6232042
9269587
-1289337
-3121254
3702533
-8886646
7974590
8365425
-2476109
5858622
17444
-662214
-4005153
-4443387
7178093
3537
1156231
-490878
9192039
-4336478
-3186759
-3505113
2534495
1242475
-3515400
9688916
-4697713
-7501726
-6127052
3138191
-5220893
2876563
-4994305
-8323598
293108
3270725
7415475
7413164
9450233
5073834
-7026182
-1668541
-7747724
-8371277
4519598
9232843
2134781
7344745
4327024
-9797603
-9265336
-407341
-253776
-488562
-6134835
9531971
-6533254
907172
5486831
3660919
-3507924
4441368
-7944686
7370368
-421634
9523236
-500962
793661
7218067
8543872
-4738934
7366179
9146770
4075669
1758270
8457008
-6437597
2620244
-6023657
6803333
5529069
6365757
-5382688
-7944058
4146092
-2154568
7566213
-8468989
-8518891
-7124579
8418862
1711771
-8104851
5271434
-1298268
-7925885
8103259
8330360
9391676
2907223
8718969
-9444890
8518197
-2499369
-8224632
-1351057
1360191
-5270798
-7204924
-7382048
3648336
7855443
-2576760
3479383
-1471450
5836337
5277754
3651629
-4175936
7365420
-9739584
5634859
2036243
3730159
-6851844
6980585
-8799212
1898608
7792960
6559164
8270068
-7259036
5294816
-7090761
-8406250
-6908310
-8752369
-71172
-226913
7938923
4960648
7405520
-271701
-1638623
-9223577
-5378022
-4255926
-8142893
2482582
-4338337
5152088
-9417034
5997004
-6124518
7604540
-9539332
-9535342
-2133182
4801477
-4264212
9663109
-3615754
4629415
-8410888
7179182
6488491
7892814
6747243
4720888
-9233867
-7381769
-117231
9943003
9102664
1351856
-9963530
902942
4630005
1747037
-1706991
5478753
6282323
-1789265
8707648
-1167495
7599339
-963110
6787026
6784261
2887075
-9752060
1276894
-7737496
7484402
4318307
1541668
3458383
6937233
3821160
-7019961
6678353
5491235
-2770875
-8825900
-6041798
-5553983
9738281
5467649
8454444
-8761244
3257354
8387209
-528718
-2640784
-4574626
4394261
-4045790
3731742
-722523
-5271568
-5244187
-4887813
6507923
-3708960
-9182826
434127
326841
-266105
-9864040
1741388
1510037
-9484324
-6146209
7215014
-338251
-4778475
-6718399
9692301
-3447356
2461944
-4946208
4073294
-9682374
-1136769
-3247013
4281046
1012980
4873418
-6118806
-1756257
-3702297
-9245807
2732837
568645
-9031780
-3347369
-444567
-9730450
-5048945
7581081
-7807223
-5733577
-2501167
5023802
5545456
6072122
9280649
-2033700
237804
4551939
9266077
-2953246
6182946
-5410056
1789441
-1928914
-9768183
8279341
-1941769
1994720
2886459
6955943
9972008
9238498
-6641859
-2985292
225556
7962290
25025
-6019816
1338136
-1892673
714132
-128721
-2529944
-365260
8489190
-9091725
8064984
-7990940
5732609
-5595395
4916374
-4955343
7935455
1140943
-7116992
-8345744
153831
-806576
-5893170
9071668
-3939520
-6318203
2227714
2084593
1491352
5116489
5792169
3919679
-3339151
-3159386
7710607
-7468533
8142461
-6269291
-4491896
-3026048
-8174042
6362004
1502375
339456
-6573091
-8041007
4359877
-8854911
9457376
6063290
-5279067
-2137364
4831666
-3666849
-8994778
-8059795
-6040896
6659309
5286165
695920
-3329719
-6956928
8952487
-2666109
-6788137
1102841
1947392
-7204270
1359901
7887461
6310990
-309140
7460088
2625248
1446811
1733296
-4997877
8421122
-129216
-1949895
-6667496
9031691
-2177514
-352031
2135039
76142
-3237106
465327
-8228613
8317079
8736705
5095696
2970974
-507649
-9374889
9138947
-323620
-427856
8002506
7416500
-2290430
4673076
8200096
-7977449
9109171
6019167
-4284294
301433
4632585
-5589757
-6877951
3774490
-11383
1182952
3826436
1513867
-2130910
-650994
8669549
7307489
-7032607
800174
3847322
3220943
8844270
7135782
3563510
-8686875
-8609542
8572883
78172
1735300
-9716702
363684
-2607386
-9801450
4666387
774701
526797
-1607223
7992465
678441
1403750
-5824222
-3416017
-5751949
-8093177
-5749480
3474799
-1110058
-9685027
-4784847
9081106
7648210
-4511520
-7227589
-5720979
-4735215
1672458
9741137
-4702262
6994900
1858241
-826278
4771576
-9256269
-499581
4490112
-909753
-6821185
-8579447
-556185
9820401
-4826210
4974114
8722946
-2799263
1775657
-8839639
-7166302
-5951977
1215898
-5189228
-1094091
8186258
-1028959
-4404913
765459
-3867122
-4242450
9421885
-8040182
9964032
4380861
9497454
-569234
-1354142
2476107
-8265507
8880938
3036962
665086
5320430
4007109
-6465327
-285364
608088
8902761
-9992573
1329897
5033613
2744642
-4728298
3749916
3250766
-9444138
300135
-7383751
2102240
-7640763
-8647718
-5202738
-1577702
-9095485
2589874
-3141708
-9052005
3948566
-5258931
-5112549
-6692386
-2759830
5310812
-6959597
131947
9270471
-8261865
3769938
-6529267
4091044
-2981213
-7454580
2701180
-1026169
4590490
4244575
2022668
9947934
-2666645
4079910
8217253
4646136
-6515834
3764046
8505075
3689219
860122
-179708
-2840272
7406000
1189985
9378082
-2598803
-8445453
6633749
-8701554
-3092485
6115686
9295720
-9758561
9328281
-7739939
-7682288
-6058378
-1710901
-9362785
1057070
-9045208
2501166
-3512924
4947120
-8026841
-1886616
4803080
1890551
-1247365
354143
4215845
-6705593
-661380
9544875
-1366837
-6588296
2102306
7787831
5079724
8935183
-4999641
-6601522
4167211
3219537
4128852
3976718
1195125
915845
-5256393
-8241241
6690441
3721911
2539593
-8274070
-9030599
-9556921
-8611908
2396974
-474466
-7220502
6052868
9200465
7466419
2783169
-9536899
-8204931
-5426019
8830514
6624223
-9737166
-3278590
5695985
4655417
9741149
9900649
-982442
-4285771
-6611440
6359006
4500564
-6163051
-8890274
-5941649
-6304582
5667984
2069796
-15021
-3544387
-484462
-6619338
-325499
2348127
-9056808
9493414
2136176
8182978
7685576
3568484
-1380615
9678782
-8007761
9646631
-5114083
3588974
9138862
-7207437
-6950530
2476235
8304856
3360483
-5389852
9798899
7327327
1236354
5300590
6436477
-604386
-4090203
-7772358
-5283520
6643142
-6693024
5126129
5451182
6853336
4808737
-4356172
1796509
-7090121
1390296
-7063802
-6644272
-3193864
-6257879
-207864
-2661778
877229
1525452
4373323
6016409
2972052
8875067
4599273
-4973605
3444986
-2741834
6929734
-6945615
-4759521
-9081936
7989609
-9560444
-1867971
-1270104
3963620
-8851312
530672
1057237
510257
-9263383
9210395
8129523
5389042
2689446
-301597
-3395217
9336825
-5079316
-668914
8048929
-235925
-3153098
23735
8631803
6844318
3859756
-5407713
8203860
2155455
9045899
3169398
4803710
-4619726
-9143781
-5928758
2865018
3646541
-5460004
-9479557
-8441808
-9046254
-8062185
-8905679
-4639726
6095328
-9212527
7137769
-6594371
1213443
9611165
3137130
-2078366
-8847320
5924660
4217397
5493722
-8082192
-7575520
7910438
-3265788
8377615
-2599688
9365403
390343
-2610245
5885534
-3770694
-5317848
7256533
6337483
6477136
-6040489
-983693
-8020325
6635231
8738284
2739019
9988769
6777063
-6586699
9537306
3698865
4120103
7912221
-7255047
7396925
-3432268
158134
-1632385
-6131414
2012333
-5809710
8330851
3133223
-2051777
-7228101
-8739031
-2345123
-418923
-4379910
-104500
-3456790
-2276746
8365251
7991521
8646512
-9418025
-4323822
-815009
-2000801
4136915
-2862911
3142365
4238656
-356962
210643
-2300752
3945386
4401980
-7958896
-3060835
1796025
2793493
-3637497
-2646873
-2019944
9944152
-7526509
9586622
-9715307
7406771
9347268
469742
-9066220
7120801
-2965103
-4327506
-9352495
-4850963
-1600840
6075954
-965784
3574101
5673775
-185580
2891161
-4105143
-5896074
-85075
-5207474
8432270
-2613812
1174411
-1415093
5352588
2780400
4585845
5762889
-1136345
1511023
-4004863
-5191233
2077623
-1213778
1674620
-1171424
-7023535
7009418
-3158123
4569803
-6090346
4217428
-5054672
3671112
-2320987
-243138
-7788685
-6242474
-2271989
-8206903
6679493
6825042
3412228
3540064
-6847169
-8838208
5438596
-1226569
-530486
4567518
2007683
9114208
3742295
6695035
-6633688
8949591
737504
3690630
3727123
7501694
-9294146
-3518466
-971864
-2054149
2451637
394492
-8538272
-7503911
-9418373
-8136081
2537603
-1883092
9611928
3803365
-6684571
256080
6455363
-4401051
-3787311
-5299793
9250190
8466139
-9136703
-8694054
4693630
-1446073
-5923372
7923454
4178719
-2087306
1274592
1651451
270231
5733930
1377045
-3070694
-1827181
-8117283
8128287
-2054127
-4118239
-3741502
1446002
5118390
-9159200
-8115569
7211208
-2972370
6381363
590180
-2872750
5227489
6034930
257967
3345690
2954225
-5922704
-6307965
6677615
-2133521
-2680648
-6011487
-2343061
7477833
-2338829
9041875
-6162739
2564364
-9380637
-4588518
-2263117
-7051485
-2166334
6757998
-6059475
2682928
-4938147
9313449
-5636034
-6426277
-7892886
7355030
2139019
6479069
-616519
-4065550
5856293
5994888
6980641
4996561
8658395
-1360676
3039353
9338583
1594794
9339450
1622607
5985246
6795434
-6606986
8029018
-3238368
-2605535
4166546
-4712358
5893465
9725168
-6874720
-5659985
-3029796
4535280
-9773087
2235350
-7208506
1873833
-6002848
-3063809
5153986
-1507830
8378286
-3017666
7919284
-9996511
-3511311
8807683
-1113622
2911298
5370126
-5380696
-3382295
4182938
98956
2430070
-609018
-5110855
-4405699
-3880435
7477931
-7408570
8996975
-6072101
-1743120
-8262899
3134887
3764368
-8284716
3387204
3193546
714904
-2131703
330037
-6722021
-46845
-1367106
5750618
-8220660
-8035288
4438492
-8637002
8184659
5286004
2313021
-4900157
-1163648
-5562710
-2151755
9083248
-8890070
9184167
-8426764
7871280
5315260
6450743
5372088
6636702
5032945
7368101
-7097689
4778494
-6958707
5916171
-6507374
4018487
-8951855
-6221206
-4910088
-5036768
-7268769
-7285183
-7642552
-4063157
-308742
5679581
-1216312
-4318663
-2442833
481146
-1368474
4782058
6505988
3752605
9407189
4270995
-5934414
-5167410
2889571
-9353325
4070725
-9113409
-1660998
314104
2301614
-2317023
-4440017
6364632
-9562879
7410781
-5698438
-8638893
-3469851
3731769
8373208
2722010
-4938452
7988846
-3011547
-8231843
-5230990
9753112
-4317860
-335483
-2237509
5828363
6579870
-5800672
1906259
-1197571
9191434
-413016
171939
-5860690
5145911
6908817
7853006
3590934
2803962
5139344
-1225367
7456909
-8229873
5227725
5883023
-7517499
4530281
1252482
7507575
-8792306
-3062555
-3736071
-8910219
-3713960
-7222060
2900767
4999755
1233981
6371373
-2770783
-573696
-2937948
-723912
-9753217
4329090
6374885
-4688036
-8170099
2723482
7612355
-3873480
2075482
8575038
-5609182
2093719
3870606
-2988717
7672359
-6301927
-333112
8591320
1681292
-7763721
-9622468
-3095958
337391
4085679
9902882
4036400
1219402
-6950721
-5759775
6588856
8108751
9599891
4213468
1934068
-5265116
5792696
6960398
6626844
4928045
1757912
5856779
-4816620
209341
-2135844
-6618129
-414754
5488757
5495011
-3035285
-9708723
1436692
-8697246
-4975464
-8082655
9225342
6032179
-158490
4294854
7818139
5527545
-324050
6859540
-8469890
3069793
-2707912
7735043
-3854621
6417730
-3214832
-7093686
5637514
6551201
-5751562
-6371537
7646569
-2843296
-2462080
-8936420
-8498438
5344474
-8363063
6963488
-1805528
2942349
-639379
4044824
5238489
-4316686
-3272182
-111938
-7002015
-3868569
8180810
8522548
-3166916
4216715
-9802488
-9158528
5311641
-6123784
6912369
-9859063
-3963324
8523464
-7593923
4042102
-3468338
1662957
-853341
4747373
-5942130
2647708
622200
-4573788
1710551
-1199807
-5560029
943814
6297137
960019
9416093
7115477
2242872
9840324
-683992
-8961150
-9344041
7142394
3626541
6299709
2913825
990841
8729762
4997106
8348164
6132603
4608121
9033844
3757020
-8914384
-4733816
3280392
-9428693
6230038
-6302452
8992064
-694850
1906600
7413135
-9057131
7132483
-5786963
-5474274
7465347
6653979
-2824922
8596795
7105985
-9432292
-7610368
2526314
8353432
-8026992
-3401340
-3172418
-3482029
2783674
5978853
-2310746
7017534
386788
4846099
-2984347
-6638805
-5469787
6746097
-1721846
-4726774
299478
6091590
6036942
-2253658
-1912354
8732340
-1840476
-3281317
-2133083
-6685022
-9934401
6972491
-9863107
-7488981
8869887
-9380555
-4045010
7213691
6495951
-3116299
3415184
-5523089
6573698
-2463230
4640919
8551044
8793727
8218383
-8524986
-3829209
2245891
-9295188
2608676
4297968
7989150
8640249
-4472431
2769499
-710617
1532071
3618299
8376118
6692290
8358955
-6887357
9021433
3234560
-2241801
8253265
-901453
-8536504
-6814632
8353135
-5313593
-2625835
-8370374
-9431636
-1319288
-5548100
-2523999
9721102
-7260766
-101591
-3950735
7960594
7753958
-3743042
6743887
6098923
288860
1493957
6563817
-317469
-1675901
-7210143
3870118
-2507687
-2240725
8689969
-9751231
-4538792
-9079178
-4090263
-7195051
-4308703
-2518104
-2127870
2825619
3642758
8447623
-1750762
-2472181
3289561
-3009610
9525668
426279
3931250
7282307
-1037924
-4749158
-6982971
4254762
7184509
-4193916
4439674
8117533
2560190
-3576256
1148076
8667651
-5653867
4523800
-4002393
-825171
1587337
3021907
-6799555
3592381
-1002147
4689658
-3171475
-4615771
1656302
-4872259
-5469786
-7386312
-4673031
-9537954
-3744198
5727751
4837249
-703436
-3690484
7355704
-4491937
5239077
-9578075
-9903258
6599490
2617490
-9106652
-238697
3375586
-2998980
-685053
9412127
-6886862
-2152669
2008219
5690386
2490986
4052991
2853400
3276287
-713341
3017529
-1766878
5029037
4171268
7927034
-7088345
2540446
6189542
-6275020
9808974
-8999339
1375659
-7502858
-3611642
-4816351
-4797265
-5035930
4161058
-3450011
5658863
9706911
3630940
-1927957
1547451
9537817
-2680816
-8174297
8968384
-3908837
-8484748
9129086
4138053
-6497586
-1746823
5446253
-3137845
-4758121
-7339029
6486808
-4191968
-3079068
-7999190
2718767
-3542079
5895294
7659370
-1656621
-5273773
-4488863
3339238
-4338360
5547875
-2648289
3969441
401526
426866
7945320
2953361
2685350
-7238520
-4579337
-7552671
7594435
-1641647
8401311
2803568
5294767
-9215076
645353
5935603
-1555260
2532764
3488244
2673214
-8108987
-8522791
6696430
-1706465
4445919
-7126586
3885598
6974255
-6911472
7878581
-4083386
7404254
-8608844
9946064
8816892
1112586
-281311
7454709
8675305
-3577010
-3552686
8881512
-2410141
-8207644
-3522349
4852187
6199991
-6389957
7682280
-4900230
-5200246
-3246362
2649566
-6827021
-1395389
3506250
-6234748
6927948
4826713
-4957907
-2377195
4031149
-7141834
7387966
-5149894
7439876
7381109
6351610
-6823008
-4235806
8754723
-9972599
-853655
-4306036
7082736
9698846
5570169
5783040
8890918
-2335116
9652618
-8998235
7001935
-79669
62560
-2887488
6802665
-1526994
-8681877
2964766
-429243
3938955
3676789
428038
7999893
-8415228
816875
9245268
5926581
8935386
-8216501
6537534
380395
5933759
5904666
-345743
-6557968
-1123117
8868603
-1343037
1662431
4031823
4092979
-9445727
9902350
5965351
8415893
-169493
2905592
-5321346
1336587
1913187
7956771
546078
-8497124
-8796558
9043487
-4899342
6556299
7746867
7225940
-5074094
2493161
1772795
-5076095
8987842
-1764304
-8030846
5219640
-5354982
7373711
9928385
1002296
-4350421
9643821
-7397371
-5247582
-1999941
-2292512
6988988
1150822
6210801
3789557
5704334
-7813354
9666432
5028010
-1091781
2642312
-3349167
-6287485
7284042
-7293557
5746618
-2093020
9635713
8316563
-4769640
-9389104
1334097
-6429036
8317808
-7164743
-6340664
42533
5898150
5176659
-5207321
7860321
-7184383
-4264002
-1107259
-4755977
-8677488
-7997867
-5628825
-576757
-4547279
2909545
-9885386
-888164
-1740296
4616553
-8458858
-7273106
-765501
7369828
-3420746
6719430
408629
-1483607
-4583631
7654617
-4042329
4045900
1157400
6945580
-6194002
5657180
837889
-3139771
7847514
7637044
-6764995
-8795628
2988236
-1901538
-3420455
5288896
4560287
2815776
-6807868
8541613
-8670497
-9337257
2652332
1682003
4387291
9024728
5560968
-9444492
6909192
-3185881
3131532
-6173669
-9107167
5541583
9328019
-4540247
9058180
7192966
-9296760
5546167
-5102212
8766115
-9916046
-2869439
-232708
3492571
1581138
7595965
9645968
7350657
-4166705
4307475
-4885237
81123
-4645902
-4091710
-184039
5178011
-6404375
8764894
-5271303
3657580
-6028081
-6689162
-5677857
-8183851
6347550
-8399772
-1354856
-1337206
-6195925
-3039832
-6423873
-3092734
3838711
-9740263
-7523484
4440736
8295122
2393433
-2741628
-9456194
578294
-6975287
-4215993
-1337978
-198041
-5643633
-4148453
5395264
-8989491
9201669
7491702
-2627580
-213128
5751013
-6024696
9962685
9586528
-6054395
9951517
-6195754
-3169660
-3106185
-5228632
5075035
6154024
-702643
-2412175
-9034925
-9621816
2837251
-7403141
7961659
3823656
2206719
-4810229
-4475452
-1557580
-9069697
488714
-1639603
-8239861
-2691595
-9139367
9104002
-8694760
6810435
3677315
-3915417
86659
-406706
3399734
-7571065
2594332
8047990
-3153983
-8139580
8268151
1593526
-6181171
-710883
-93590
5106478
3421099
-6116011
-5228391
-6952801
-2571599
-2600770
8419279
2757679
5797391
-2807837
6181075
-5894300
5604704
4990980
1036418
1537702
3692527
-5555003
-8076828
-2925409
-7981946
-5792036
6798435
3011674
-6864467
-2348226
-8494589
-9048560
8285410
-1899308
3594594
4728724
-7248472
9775620
9878785
7952928
-3063715
-6060363
8349943
2917203
524566
-9706128
6263250
5365825
-6709631
-7488605
-5005822
4243150
-1814124
-7100629
-4555733
-910686
3253333
-3104030
-7362638
-7883001
7934303
-3552308
-8822083
7730145
3781761
999523
7468198
-7119257
-3518154
-3891114
756224
-3259735
1293424
5128771
1624378
-2061820
5393083
2739386
3186025
9312001
-5250996
8178165
-262361
3244472
-1575851
-6687122
-4294277
-7254943
5246466
3155327
-8849447
-8083147
2138565
-788149
-9307973
-932606
2112488
7562463
-3206173
5161105
2180838
8954712
1171637
-3124889
-431944
-4514796
569084
4531387
4361619
-4750811
1468436
-3346429
-5402456
-694243
1554885
-4873977
-232154
-4282115
3516586
2254091
-3830710
-2574915
4761471
-2623318
6377996
-20004
-459357
7415249
-6410935
-9907859
2996753
1641825
-7583228
-5495892
-3901528
-3084348
9157148
-9984340
-2244116
2193480
-8867842
9936723
-8172276
-968905
-4680290
-6340113
-1285003
-2705110
305533
-4848656
-4397552
-1326102
3286090
6726643
7099609
9596054
-3703869
-8825371
7214275
-3274261
519397
9308874
4757206
-4945137
9269037
-7295020
6462753
-5047466
-3061428
-8206314
2478376
2311834
-6668743
-7254985
-4608144
896599
6354999
7125197
-9935343
-4592580
7261237
-6876165
1523729
-3022162
-5389573
-6273897
2272933
716760
5678652
-5577957
977832
-1998781
1834951
3502076
2736350
-2202754
9706052
-5213460
-3422035
-3004382
4472507
-7809713
-167638
-3311417
6794436
-3326479
8547043
-547096
2986139
1697598
2799977
-5120153
-9916919
1373443
-7568708
7569366
-8367412
-7994976
2236223
5677796
-3915612
-7552607
-6336942
-4847717
5709036
-7778731
1409962
-6070315
-1957604
-3440041
-7521981
4280214
5641089
-2624850
-5578035
9491103
3862706
-5304870
-4236243
8252823
8432800
6915786
-6312271
2526067
-54235
-425412
-6303529
2549652
4095761
-6862348
121430
-2592049
-8768051
5237613
-7556594
8430827
-119512
-4449102
-4155863
8461680
-9918583
-7225554
3817079
6957634
6923703
-2205476
8433823
7594683
2749668
-9756943
9879057
420631
-203695
2125107
956526
-8835432
-8458654
-6026847
9247737
2793553
-5903336
-9129555
-2789199
-1973970
5558866
2153262
-838171
334922
-1402459
3745966
2134281
739932
491932
-4229004
-7259551
4861029
-4985574
193035
264115
-2396765
3935218
7987355
-9486546
6082998
2329314
8666024
-4262430
1620279
9651639
-6694840
4815836
-8553262
7660539
-7787629
-1649613
-8197467
5002125
5852102
-5317867
-5654820
-3717951
8628245
6832126
5054559
2072886
845847
-2252491
-7493483
6734648
-991274
7933313
4414683
-3097919
8631993
340827
-5494103
-8773021
-2738175
-4769401
-11708
9384818
8201708
2218933
4121948
4836762
-8444321
7305675
-9452302
3464290
4667802
-6415196
-4039699
9774303
-1175291
5674715
8919336
-3835390
1466104
-2603046
-9893152
-5141584
-430331
7802667
-7663230
6249709
5837367
-4784095
9798103
5497769
-9057579
3267559
-362245
2884810
-6860332
8826905
-529531
2309022
8245368
-3088040
-7187895
-6615569
-243909
1281525
-8051590
7769986
-9006609
-8305573
-1833589
6419800
3014346
-2387644
-242635
-2737653
-5001696
-6894960
-9311347
-7129975
-8355015
1437337
8199693
-7865983
2877256
3617420
9451869
6870118
-7974927
-5798944
9691609
-9337652
2944719
131878
-8100226
7190268
-6512753
9567325
9235351
7811856
-5102377
-5187877
-4073408
-3399762
417829
-9841844
-2655599
8935536
7971470
-4324945
9943105
1705386
5854521
2629670
-2328965
3354769
2582933
-1793420
941896
-7413016
-3165339
9650195
8641658
-3259854
-4915951
-3436805
6230119
657851
-4793719
588736
1188895
-5475503
9094698
1559258
187472
-4509669
5203672
-1906197
-9670689
-2216100
8142090
8587467
9719960
-780012
6437305
8918731
1797460
-8227126
4478062
3099879
-4826464
8782456
-1597382
44221
-791288
2680144
292145
7219109
-8601699
-108845
-9103902
-7985725
-5971381
8457260
-1699854
7237124
-1112410
4844126
8448354
3996908
4701938
1941804
5907995
969999
-4826550
4707838
2494528
1091661
4647499
2675836
3604446
4727594
-6340892
2273810
-9613760
-6005219
5568206
-1343913
6229360
1031982
6859866
-6019727
6844256
5934222
5284301
-1020935
1199238
5657077
-1346954
-2063919
-2111837
-5151338
-1854789
5723783
-1715933
-2990542
8894967
3945252
-9047397
-7273043
-6303549
4003852
3224911
6848541
2345689
-8225920
800935
437052
1604253
-6708654
-9160209
9169680
-9059850
7034345
288594
-2835179
1209859
4249092
5690325
7234979
-948326
-7540956
6880143
-4689699
6080848
-4473018
-113326
7735424
-7358067
-8723210
2252341
-7353717
1561076
-3044180
5092950
-9044566
6860599
6618031
9776074
194753
1147327
-9725780
7896842
-8208290
-9476792
-6767398
3159305
-5312731
-9539448
2495140
-1908161
-8402613
7828655
-6345511
-1069530
-2081884
807999
-5137197
-3425130
4458816
4445469
-9023018
6347422
736540
-5689350
1538035
-4064165
7090754
-6401005
560561
-6347199
-1835516
5668674
9487094
8571041
1843278
-8308079
2188490
4186948
-5897241
-2744967
6821865
1485606
-281065
-5450855
-8928269
-5718412
-1940504
-4791426
-6261542
-431277
-180179
163953
-7226756
721670
-217867
-8732709
3314092
-6390879
8597733
-1576909
1833125
-7036822
-6272220
8847154
-8718874
975398
-7771542
-7099263
9953699
9565166
-738244
-504740
5069839
-1533264
-5027823
8768450
5644979
9682536
98449
-8311906
-9183304
9477826
8200446
3235082
-7140541
6744563
5465915
1854327
-6645279
8513769
6500215
9169286
-4556160
202336
1940905
9872262
-4288609
8407489
-5230709
-248797
-6321713
7691606
6781169
8536060
3401315
-4833872
-710623
-1033099
1599630
133612
4986552
-4625021
9682659
-691098
-304787
5550310
7904913
3387398
-3935662
-122945
7888112
5759229
-8107013
8730181
1200747
-1103801
3684816
7829978
-2684895
-669715
5866465
-5606374
5294508
-8351817
-669759
-7299690
669601
3282370
-4255753
3204103
1397056
2009927
6516522
-6078987
-629949
-1516689
7476833
2600000
-3602152
-5519739
2983946
1440684
-7247637
-2964101
4578326
9182699
4048292
-6103693
-9710676
5192959
-5647270
-5187483
3519858
-5370499
3600252
-8069446
-2542097
-3649184
6803689
-7853463
-1969454
4603448
-941686
1211361
6037379
-6095150
4668624
-3256577
-7470542
2509663
987077
-3367926
6482369
3197674
6301878
9410529
869552
-6760034
8430574
-4430953
653172
8980535
3623021
8455432
6830846
8820168
-7807845
-7517475
-3262878
-3813262
957469
-3531014
-7885892
9628542
-8328398
2021681
-8757339
8410953
-2489886
-8609015
-8348602
9204653
-1637087
7000678
-2241305
7418735
-3604211
-4314597
9959806
-12792
4409807
7028516
2870438
1589869
6556784
-9788071
-1577309
-2158650
-2838459
8732145
-8679041
8697310
-165942
-7952274
-429424
-8003349
8368843
-5994038
-384715
5022027
5308473
-3361537
3160959
-8582468
-2729334
9998001
4679573
-9629753
-6921574
4862109
-4050950
-5030655
-3574461
-4344783
-5929425
1246369
3767540
-6776048
7768427
-9050569
-1520896
2023923
-8379017
3636535
7655125
3676425
-6781122
3101531
-3323189
5559615
4103653
-7726840
-3898445
-4746721
-2298093
9415422
931374
2618974
-7372747
-1893529
-8965145
-9238574
-6248979
7984811
656598
5635032
-1072645
-6908641
7291196
-405029
-8998153
-6340290
9805626
-8257688
1082670
-4872857
-8368738
787746
-7418207
6396182
9829122
-3160042
-515698
-1827083
7190816
-519392
-791545
-9741465
-9325120
-6896395
-4983757
8877652
4330105
859179
-7365119
-2990015
-9753756
-9470380
7749085
5243355
-2963560
5888544
-391305
6069365
8721823
-5243894
4724490
-8505250
3825607
-9212201
-4618409
-148091
8949248
-9137080
-2513448
-5855035
-7297517
6267776
-9286718
9701866
-6587311
8188475
210252
7949371
6683651
-6463650
8405467
934334
6204745
-5380405
3001724
2874794
-7523022
7854997
-2221803
-1590299
-3945434
1788704
6162826
-2098196
3036359
274266
-7119462
8566972
-7918297
7769293
7666120
-4438833
8586341
-2879303
-7685195
-8411053
-721418
-4302567
9965926
6774593
-3344603
-5442782
7965878
5386383
9640454
-6252933
4879567
-5458492
7030741
5312223
-6748051
5939234
8271240
5258260
8590314
-1891913
-9335159
3634240
4339764
4736321
-9634915
-4134199
-7314209
8115978
8724128
7622051
-4410769
7987645
-2826171
-3441571
8150789
-3151446
-1313997
9705974
7365025
-2432756
1073815
2627743
-5834416
-1705997
9858132
-4621666
3720896
3350182
7926081
-701171
-7001091
7755636
1317030
-8718718
-821532
5515710
2495107
-229600
9619662
9786467
-6134252
4169575
-8072852
7843199
1243014
7312191
-3924552
-808293
-6726216
-7111032
-273355
-2339651
-9859196
2773134
8455235
-410910
-7606173
-8240324
-6631715
-5252718
-9034339
4228652
-9025393
9661125
-1747939
-7784244
-4013831
6883805
-3870098
9827356
-5375373
2036483
5846256
-5618974
4233070
-2978593
-999192
-6274643
-9284235
-3580952
-2527871
-995254
5352115
6169189
-985785
6809506
5283549
-3792973
-717655
-5704487
8523506
331223
-9802767
-1814004
966187
-3719572
4557074
-51480
2354931
5277894
-8452803
96081
-8594834
4652638
-4259619
3524697
-3088299
-2801746
3862587
-9702718
8442954
8084030
-6553897
9907744
-6767441
-704376
-3980371
-9687120
4069623
-6766217
-7754328
-1741678
1571175
814736
9076050
193930
-8461083
2337819
2444282
-9735300
346196
-9678930
9984818
3300676
1546977
9058226
-5196660
9103792
7913385
5256295
1604594
-1548386
-3004745
-4141574
7989589
4982359
4756684
-1738980
3063111
-3095230
7526324
2155273
4712327
-5126771
-6809501
-7917369
5116921
308657
-7562312
-5420401
-8260064
-7477461
-8668936
5728620
-9412447
-3484576
2668679
8975514
3918062
5064390
1011056
4660632
-4266471
5527175
-3040894
-6865334
-3505697
-6773763
-8967637
-5124778
-5432672
2265736
3980061
1720813
898557
-5437474
-9160127
-7940995
-4662538
-9314656
7147879
8337121
-4143816
8050199
7869950
-4131117
8539526
3841471
-1068603
8912798
-7251809
-2115804
-1003848
-429180
9620821
8475660
5311779
4409499
6998470
-1155530
-7537885
-8740284
-7195233
362506
4680651
-2186534
-2149395
-2440681
591681
-7797714
-627419
-7852256
-751156
6055885
4080515
-521260
8236646
-5563023
1327063
-1704612
8836323
-3972103
-2758092
-752604
3290312
8001917
-8507992
5449703
-3734556
5271040
-579676
-2966490
8388639
-4620292
977630
6927915
-8332440
-8289758
9728319
4579365
9284573
8284151
166310
-9829306
5516379
8778891
7731385
-7692805
-9998053
-7928930
4514008
-8532901
8820575
7445584
-719447
-3006648
-2601857
-2320336
-2449437
-3732405
-3940784
2475895
5263840
-814449
-6455546
-5642759
8008780
-2258293
-5531531
-11646
-8010412
-3177849
5965237
-7866423
5150290
-8399321
69775
4260326
-6343235
-9640917
-9799137
7615662
877018
-6720740
9777315
796334
7919733
6200716
1139624
-8661174
-3813429
2899417
7562382
2917889
6683328
-8261739
3817302
8790144
8541489
-1578002
-7777158
-5262629
-6818755
-3143867
6771790
-7998765
-5591024
5702493
5079941
1212358
-9665724
-2547025
-158233
1205116
8854486
4631944
6161938
111244
-8404283
1795682
5961205
3134900
7191768
7046102
-9852699
-8550649
2463690
1244656
-7744850
-9135137
8728999
2775318
-6912462
-6910350
3067672
-4721580
-3529300
8917077
9380407
-687239
-2046517
-3830894
7155903
2065775
-5178334
2088366
-5316260
4671432
8790821
-8133675
-4790116
-9365880
9283130
5703991
8752459
9393692
582239
262201
5187536
467886
918713
5894270
-6823548
7794022
-4143842
-2255724
-7122271
5184926
9089583
-9779887
2481833
-5216190
-8293663
5338753
-8448194
-1002893
-7326891
2977425
7347285
9751694
-3737057
9078714
9994426
-8820434
7681472
3369465
-8702853
9163821
7366739
-405478
-205645
-2653429
-4466730
-9613559
8020295
-2206517
1615960
2273103
5238270
5625970
9216261
-5356065
6995314
455387
-2639049
5480832
-946514
-1165890
3018700
-8706073
-4360595
-6025751
-1361216
9565018
-1723127
2903578
-7315959
-9222422
-9969872
-2071343
7048150
296747
-9609724
-9592639
4894455
-1230440
-9194515
-3116276
-8450400
9477046
-7965652
9240026
8169758
1498450
878648
-2121264
3418182
-1878380
8147700
-8186197
-743892
2692797
5294278
-2839310
7326184
-300681
-3930345
-5229124
8444408
-9548709
-9877010
905595
-2701817
2882630
-9003869
-3108641
6204489
-1339872
1304211
2572286
-5983816
7530752
-9064230
-5111905
-2068064
-7868672
1639450
7488403
-5340990
-799946
-9183034
-1948284
9594694
-1896386
2571198
-8555456
2013199
-706915
1011304
-7413815
-2743494
-5924606
6584803
9246195
4193058
3418208
6349895
-6381128
4889701
3249011
1746177
-4320040
9170328
-2061201
7795072
-386726
-2272652
-6057547
-428207
4733742
8578438
804097
-5483086
1837613
3094081
1433947
-8415464
6801583
4413750
899164
2868369
9560897
-6630638
4834576
6319257
-7482731
5800556
-9210620
-9207699
5590407
6313722
4841414
-4258397
-2670899
715873
-1447165
-5628591
9105201
-106683
-1990278
7478514
-6347032
2571009
-2031619
-8984991
9650026
-159335
-2759796
-6309067
-9307362
330067
-5833607
2004336
9113957
3888276
9008023
9557714
5773730
-4315066
3480727
243104
-1814286
4815851
1731074
-8437449
3356471
-278647
8840727
6581619
-817563
465756
3889416
-5142850
-3110302
7717388
-9695508
-9872173
2244274
-2811339
3899276
-7218598
-6380540
-893047
1305396
-5303707
-1830725
-5229738
-8797797
9365471
5117240
878083
-4039179
-2595719
2692035
-1204686
8798036
486852
2331150
-4199915
-8754840
-4375412
-2667094
1477673
-2163479
-8502718
9258093
-2537832
-3966928
571247
-9385387
3615750
-3275325
3201262
8810213
1870957
-2073935
7364407
2400033
-6750021
-2953687
-1052568
-2851728
-7224314
-7604717
760865
7350768
-4505992
-8001290
-8475569
9668648
-6989136
-2277987
8122696
-5799710
8041221
-1798434
-735470
-7421947
-1625216
4956360
-2908425
758044
-8379286
2617881
9030418
-6525656
5973453
-1986788
-9224584
-4034278
6545960
-1027300
2870567
-684324
4850996
-8167153
-7204504
4126525
871756
9767830
-4645901
-1502841
5698815
-3041602
9091910
-7618520
-5115738
6393997
-7509338
-101223
5365386
9758071
9801193
2944326
-2599817
1034346
3563417
5726859
679696
4423641
-6431918
-9627553
819200
3923884
-6473501
-8314712
-8255163
9460863
4160495
1938136
-7954256
-1988507
9810159
1366313
926910
-8621069
-9258653
3661072
-8889297
5084677
-9908466
-2997368
-8354629
-9143122
-2066077
8284339
-8837008
3697320
1653212
-931962
-149917
-7227847
6435436
8055084
1432127
-8809064
9033709
-9634624
1587801
7634180
429667
3358950
-4337224
-6280830
2563138
7053929
4392650
1838495
823754
5376072
-2587923
-7588159
4751621
-9589019
1731455
-6778358
4559584
-2473728
-9645567
-7251122
4418706
-6819990
8326034
962837
776652
917457
-8995401
-7166724
1025617
-954548
9037128
5074479
-5991578
4044764
8339737
-408927
-4829040
-4161793
-7359895
-3289381
9864216
1614939
4701653
-2225810
1127208
-230700
7027954
-4349034
3055985
1268263
-9435634
-2529634
2540765
7598907
2882513
-263613
6313030
7646094
9147034
1715492
4321323
4043100
7381241
5189399
985075
899177
3108827
5536762
2493482
4686526
1888397
3438735
-9526929
6162674
-8210930
-3426429
-2832664
7521204
-9099966
-1080766
-9544849
415264
2959457
4664568
-2197663
-6333321
3671126
7736558
4141315
2342916
-6196349
4468550
6920305
3366121
8151463
-2333550
-6892829
5388147
4020137
-3889867
-4873414
-775021
-2368949
-7461669
-6640389
8620071
-2480961
-9243815
-8431320
-3256045
-2216369
-5020283
3011116
6561922
8082137
-8893095
-9718457
6516253
-1739275
609177
-5412642
4399930
974542
-4295599
-9566205
-5849659
-4078101
4096195
2296605
8034593
-8614482
-2952429
-8424438
9211151
-8632621
-7299689
-784684
4589068
-4227867
-3065150
-2430780
4715285
8012938
-6631463
6473896
4145715
2509856
1578176
-4690984
3894323
873479
9642061
-1253499
-2728824
7220219
4422160
6130630
-5961295
8732523
-5615391
-3500480
-3618109
1432510
6915179
-6452413
-2953234
-3631856
-3308103
-1217427
-8120447
3312959
-4708981
7831176
-1187314
6543044
88127
301601
-9892043
7199292
-1963953
9311447
-2596697
7335352
-378795
-2549724
9310846
9457926
-4330122
5598291
8105462
-2771196
-2771877
3280007
4669631
-6563170
3276852
-2202020
1658761
-2889436
2538052
4230612
9702564
4899736
-6066877
4390374
3575016
2914063
-1772689
4991498
8758207
-3246354
9170902
3403496
2264328
3779411
-7374054
-5041755
2804795
3345102
-7129416
6630235
5435124
-3257757
228228
-5345159
7626698
-8535344
8666734
-6914969
1968547
-1676388
5575043
7767399
5430827
-2031688
4447930
-7640680
644902
6278751
1217192
-9339018
4271613
-5052218
-2462472
-1437080
3014824
3539871
8200812
4383585
-8218598
-5701705
43532
5967919
-9899983
-4367153
-625635
-1934065
-8785406
-6409138
-503899
-9830209
1075296
7064621
6296952
-7440383
1542372
7677311
-5932791
-2677166
-3496390
2489506
-5916791
3950182
6696097
6844022
-2844201
-4340299
583217
4892009
2086679
-5319297
3963346
4380561
1377646
1608198
-192631
6015255
5345007
-6134531
-9555479
65811
-454051
-4766803
3464705
-9567555
-4454554
-1606230
7398468
8205502
3128256
-3923816
3573786
6203674
2519527
2589387
-3027323
1771975
-1810231
-813162
5818393
8520929
7436957
-1503244
2179799
5220160
-7287232
3043764
4162981
9670059
2031837
-8214808
1845485
1960740
-9123082
-9589238
3357126
-5582279
4299627
-3451226
9900811
-8312398
-6715011
-7989443
6091246
3999146
3478058
4815648
2184564
3536130
-7769223
-900722
6789591
-8412658
-5246078
-8071551
-135433
-9816225
-6466635
-9328783
9715684
5654736
-2137572
8217951
-7476293
-5738056
-9078589
7705375
9214766
-9358041
-2417211
-662378
-3269811
-9650069
445152
-5074611
-6226087
8427724
-964391
-9425788
7508938
8919136
2242901
-2465171
5240900
-4178183
2820610
827133
-6840358
-440888
6845546
5125573
-4416099
-1813343
-9822331
4511675
-2063414
-5921028
-3899212
-6653563
-2263326
9376362
-7208814
3525285
-7117128
-6075800
-1109590
-9406745
4347154
9500552
-3885326
-5531702
5626235
3143922
-8080376
1252210
2496845
2376801
-7942054
-8523950
-3520980
-7953463
-9480521
4106535
-8514205
-2888343
-3625093
-8649967
-8389763
-3743965
-3817375
5100215
-2692280
-5932854
9655230
-2226284
-3789795
-9644821
5078786
3976332
-3362734
9014499
-5002726
8660590
1358401
9297960
-5795016
9589964
-4317519
-1427613
-7435854
1782806
-6113200
-6771548
-4296204
7839411
-338746
8817744
966650
3411305
-6684526
-7540801
-9049784
-2568322
-5966648
3436900
-562063
-3205077
1442769
-3286454
-4312188
-7875690
-9288959
2369019
-7641599
9351339
5429111
3859575
7353401
6206504
-9759208
-9001359
340007
3466825
7662921
5404187
7737964
-8908574
9895084
-1337350
2971531
3796022
7328010
3200056
8154979
-6212267
-2488727
3778701
-2664918
163324
-3073465
7677924
-7175435
-4332544
4410915
1698376
-2553864
35401
7179628
-8271509
-9979303
-480366
557234
-8998885
2328236
-9083954
7018888
-3236151
-9182939
-8736139
5068407
-9844984
8260742
2937552
-6619330
-9042026
-229262
-4208581
-8354850
-606292
-2395623
2271117
-8399499
-24616
-7432326
-4291796
-9149677
-4079971
33776
-2117730
3463279
8378140
-7548611
-5962263
9604660
2023829
1374878
-439904
5542543
9110153
-1024596
-622148
-8438430
-4584238
-4420571
-3318360
8480426
5710440
-1136494
9366960
-4883509
-2658700
2266908
-3343354
5061317
6977590
4841977
4805077
780727
5956787
3814269
-4839461
2103155
5658231
8179232
-6603344
5789817
-759486
7802514
-8450605
4270459
2353448
9264163
1134417
-4766766
-3724548
-1752004
8801978
37265
9153696
-3679002
9985080
1195229
-6798709
-6756421
8299025
474572
5389530
-2183829
4616693
682998
6657329
3104518
6650931
-1986327
-4096692
-6875769
453029
5341371
3229315
3948878
-2721186
2039937
-4605437
-9442089
-2839800
8000317
7642023
-9520337
2107205
1581004
-9392714
-6271377
6366215
-8953676
-5341288
-818411
1912545
7132821
2674867
-3930839
3218520
5329993
-3903545
4635693
-9577229
-5906896
758448
6890093
-310884
1393879
-2701055
4804750
4827975
2699052
-5789679
-3003516
2556851
-5187836
-1785430
9456847
5445884
5541255
-6506362
9757670
-2416377
-9023830
-5350662
-70199
-8095196
-6125971
-4952736
3636610
-7000464
-4967064
1882140
8896855
-3190541
2284269
-5393997
-5086504
3980728
-469573
5866585
-4364632
-8083879
-2755263
-8836883
-7644654
-1200354
7736746
-6310103
-9580679
8763870
8139663
-8382851
-8383297
-9554136
5152800
-1991318
1540496
8265283
1709386
-9012873
-8122536
4959688
-8456956
-8283892
-7014499
5052817
160183
1976305
3462095
-2723474
-9737669
4833365
-9712103
-1047591
6918882
-484886
-378607
9948254
5555300
4471159
-6417163
-9742456
5418075
3077757
-7481576
-9410237
-2332482
-9686229
-7623780
-2296327
-3199871
3254103
4861736
-1114382
2855434
-3980866
-4749717
531740
7973294
3368942
-8341359
-1482281
-9827840
-9730888
-6781326
-5387205
-2989053
-6270415
-8582516
1748203
2623941
4781682
1168985
-2519456
1770557
1476913
4570241
-6906807
8251744
7446568
3780853
3402795
6664534
7571897
-6579769
-6441626
-3331341
-9823436
2714381
-219141
1562160
-581579
6271661
-9617163
-7673653
2260055
-631983
-2437537
4652145
4191892
6759910
6235037
3466978
-7446732
-1735059
-3528040
-5766334
-9879420
4617154
-8662402
-3431279
3938619
1202199
-8438371
2417267
-6312711
8972189
-5050764
2323548
719748
8098781
43895
-5467647
7000102
2295938
-7093471
9333244
5567120
-1969755
-5636103
-1232969
-7628445
-6538877
843540
-6885014
-7236277
-542628
-9421280
3975120
5675316
-4956201
-9506885
9222887
6292904
7129493
2742327
8019149
5693751
-8303779
9323194
7311889
4896662
-5353600
8980487
2400354
-1458509
-1424342
3426195
1942603
-6919970
53127
112962
4448732
2864504
-6644592
5702608
-2111276
-4824274
-5404478
9644128
8631703
-1758588
1266873
-3604816
9322706
2326457
6345259
-3127740
-5335895
765484
8099156
5202193
9912514
-5512988
1518462
-2882814
8665621
-8431312
-7779058
-5042511
-6339124
-9082789
8379557
-2741031
1709524
7320966
-1773267
9507687
364187
-9256953
3837386
9242946
9778976
-3440750
3380557
3355602
-3640260
-3742333
-8856737
-3426998
-8001175
-261694
-6008729
-6397497
1672317
-3777383
8646201
-6184934
-5524345
-4132439
-1430946
-6601309
6739795
5934571
5986990
8876131
6097420
398332
-8265373
8024
-1212730
19315
2517177
7813967
-4078669
804102
8084130
-2315282
-6004305
-4345465
-1857768
2659428
-446442
-8988273
-5025713
1087339
-7608394
-9870317
-2464758
-6039041
9488974
-1601510
1728987
9359036
-9506386
4365722
9865399
-7215743
-7687644
6952781
-1306487
-3168315
-45126
-5428787
8177490
-6970944
6004427
-6379174
-3683743
2385831
4979949
-4547097
1768921
-890554
623036
-4539699
-4169214
726995
-2883465
1977174
1812297
2395524
-1539054
142563
-4741284
-5968076
-7943176
-8771565
6424613
-9319134
1530239
5355214
375578
1649480
-6299690
-2517034
-8643959
-8523576
-7659061
-926652
5892638
-9205292
8345672
2967878
7432041
-9775017
-170376
2614911
-8740179
1095024
-4455646
7966159
-1372650
8141652
-8015586
-7201424
-6487230
1415767
-4445526
-768408
-2146138
7696777
-8663795
6325271
-1918164
-77014
-5709045
8054585
-1065516
-1580118
-9712751
7201222
3550586
-4091609
9176464
-4004638
1991679
1445301
5353419
6178464
6479670
-8749949
-4306056
-6751024
4543664
-1089680
2345264
2135814
-687450
-7249163
9180175
-8156429
6685534
-822997
-3991864
-3705875
-4312503
9850329
-7131440
5954370
4534331
-9528679
3524158
9090592
-5671948
3762535
-5455441
-7665332
2898494
4680405
833578
729738
7402676
-8731161
-4440134
-2515357
9805105
9793116
-5459414
-2136238
-4498260
2430578
-4487345
-2094036
2331109
-7775946
7789028
-5301424
-8555346
9143964
4771731
3628135
5632410
9342216
3471086
-6291872
-2395865
4643551
8213132
-6138594
1329916
-4165686
5148510
-7432125
-1435103
3855915
-5466216
-6927649
-1545374
-6824706
2010358
4928905
-5303598
-6684180
2124856
204948
4902862
-8199815
-4322202
1708920
-7897414
6516487
-5320558
-2503206
7494531
-5122064
5988428
3176395
-2358134
-5312437
5018400
13027
-2497288
6900674
273546
5521181
685993
-2195979
-3733111
-6679850
3538602
-6832118
7874096
-5886877
-3123994
-761530
-7883153
5021869
-8519353
7066307
5361245
-9786800
-8984266
-9159526
6557976
-2506184
845940
9211037
4359098
7848096
-7335545
-2499849
4698030
-9025692
-4200291
6576169
3482742
2694790
6073064
5983322
5032841
1835800
-1049685
-8352552
-2836478
1019397
-2723318
2224051
2465447
-9346795
-1464381
7661235
-2272753
4952305
1696340
5264288
-4484902
6523623
-5589720
-6741104
-5781195
1292535
8322549
4718561
-9274223
-3239739
2342971
6802415
-6279082
775791
1197768
6227608
-890139
6790746
-4559672
-2010835
-6213217
7152324
-7359187
9549763
-2339110
-4257777
4176583
3856438
-7622967
-8914568
9268679
-2462469
3802356
-9600911
7933321
-9317376
-8122003
6305735
7247016
-7142213
-8283660
4450021
1976595
-9816409
5153491
-2647766
5627481
-2535477
6021120
-541941
-9087139
-5647481
-7717374
6741549
-4385082
5043568
2543146
7472033
-3896996
-2476773
-846336
5462436
2580187
-2459099
3870692
8125303
2937820
5085723
6285563
7182606
-755519
3088951
-5159857
4497459
473094
4181890
6340099
7971534
8610818
-39188
1276348
-8509648
2463851
1231314
-1947893
5679461
7606193
-4810457
-2569730
-9153976
9835969
3366219
-3905487
-3580638
-135220
-1743444
-4130024
4628466
-7344541
7609955
-8552235
-612876
-2444550
7028414
5060780
-2285886
2887550
5344118
-8588987
-3066260
-831794
-4053237
-5489596
9781134
-6218372
-2466406
-6309628
3469373
6512995
6619359
7296701
-4148461
-9612640
-1662416
-4123743
9737262
4877520
-7573574
1499543
-2118121
4957422
2536712
4423597
2780428
-7472899
407078
9723573
-8172601
5898633
-6284624
-3583670
6601889
-1850501
-5980187
-8224320
527285
-1377925
9969503
314014
9363226
6949459
8395347
-8214622
3516049
9352879
8720214
-6812302
7261455
6805374
9592040
-565383
-6591728
6351493
-9524763
3546033
2153657
-1576930
-4576624
-5498803
-3275565
-2682865
-9081928
5364834
-7743395
7508776
5026075
-1522756
1164034
-5780535
-6529990
-8737585
-9995084
4598437
-3399853
-9742035
-8250793
-9366102
-4422921
4595072
6268808
9911317
-2236406
-7598803
6872029
9623601
4955232
-7762814
1107281
-1132149
-9013431
-3495729
-9205379
3035230
2630752
-9480294
3252256
-9600514
2382018
-951404
-1544602
8997663
9694760
7689630
1770993
-8963848
-4621057
1137140
-780260
4214096
1852356
-3499672
1765283
-6890746
-321367
-1134600
9580524
-3755834
-1037105
1681548
-1241385
-8266375
5453223
1881095
-5406211
-4403193
-4471509
-2517172
7864087
6866838
4976088
-3366485
-8102411
7556585
6329015
4542245
-21806
5692042
-3956459
1173137
-3378090
-9582472
1806916
2759816
2259386
3196630
1448576
-8827030
3873977
-3988138
-2345642
-6721340
6433437
-6623824
769688
4542608
-7154157
4779160
3809946
-7458079
-614612
5551192
4244113
-3175321
4379554
-1490485
4023583
3926833
-3645397
-7841973
-2660517
-1173222
-4307747
-9256991
-4360446
3180599
4138138
-1577370
-7059231
4669243
-1877042
-6289706
-9348104
-564155
3297460
7535136
-2316738
9195255
6174865
-3467889
8766123
2304765
-1337663
-1224561
9736275
-4223708
6087828
8093290
4736907
-8785261
250610
3564316
-3551569
-491424
7880916
-7665571
6739442
-3868032
-7891650
4354536
-7198087
-2613707
171042
9575963
-9349903
-5418220
-6306632
5185199
-2817345
-5851659
-1379354
6137439
2988990
-7029260
-6392659
-3006057
9037919
9925620
76499
-8351915
1957515
9804496
-4171726
6756141
8633089
-5764755
-5444985
-2181598
7563471
-9745725
-9554238
5002012
-3943290
5179109
-948785
-1600284
-4753498
-1363181
4152517
3410388
-6823949
-1424594
-4624265
-4089953
7182014
7596427
1142000
-829994
5797725
-2662952
1430418
-2673658
2818190
4969205
-8595009
9236402
-8630048
1269453
640031
-3748515
-8151593
6102613
-9024443
515214
-5444178
-1525111
2683697
-4334793
-7036970
2304321
-3211750
966270
697483
4608052
2905056
4166803
2257789
-7311884
-7155573
-3760800
-1256828
7587135
6130624
3106153
4871218
-5824926
8148291
-4138056
2494819
5603097
6440199
-8151886
8189111
-5697895
2170258
3498989
-7938495
-3666369
2483518
-3358509
5451837
-7578986
2849088
9482916
2936469
4505500
9418019
5569329
-4073556
-4902244
2335754
-1251209
1637685
-5548611
1346874
4200885
2868286
-783717
-3295780
4356094
-1610083
8418783
4242352
5551620
-7252371
-1498212
-4992698
2208101
4831068
-5369218
-9961256
8790692
-6269907
6392648
9044600
-6514908
-3245215
-2858278
-8547999
-3458690
-1970500
-8807851
2825764
-3141318
-842235
-2980841
-2811676
-561401
-230257
4921746
-2352968
-2541269
2638959
9637202
2669471
2620879
1452377
-377727
8166677
4753762
5197771
7753875
-3660762
6122136
-1749757
5128700
-7894323
-2644541
3377967
-5589892
8390426
4585198
1855026
-2493858
-2835136
7840024
-751426
-5323499
-4097505
7192525
7986420
-9010688
9030411
3996994
-3443414
990558
-6014226
-609905
8598001
-3298239
3704690
-7947448
1393671
-6704373
-9130219
1984713
-3461278
-9417277
8078971
1985991
9651244
-8830861
-6551001
4538598
102076
-5701512
-1240773
6883446
-3992527
1311893
-5418705
887070
-9321280
8985359
-77011
-3015951
6488928
2306980
4955084
572166
-7042543
7202793
-9185656
-3417643
536765
1782183
8782184
-3507936
-4152222
-7766752
-6625386
3356963
9319447
7124908
-1229436
-1703512
2661426
8274017
-1314036
1663388
-5742634
-4728765
-5795145
9614911
7862702
-5014056
7559837
-2487767
1270717
-3906657
-9819180
-9802500
8208067
6977056
8601624
4876160
-6163580
-3808665
2141264
5547240
1706976
1164231
-5368720
-3586018
8488739
-198899
-5858328
-3092400
-3369110
-1374211
6989656
8266118
-9487004
9170361
9275721
8858343
-3770808
3852400
-1458082
-122306
-8315922
4713734
6408505
7558830
-2927668
-2648185
8043779
-8837930
-547965
3779678
-2564392
-7485788
-3071491
-9208216
-8821871
-692051
7959641
8023484
8534031
3808290
5279907
9645815
9873107
3800395
2413304
5912670
-6318110
2052973
3140256
-6747552
5824805
-4556460
9711680
4525831
8817718
8372476
8551247
1511310
-7338525
7385236
5917467
-1570434
-2841885
-4443122
-5500264
-6759948
5838517
4166586
1165507
-7151080
-5551472
8732303
5025931
-1812234
-2308937
1382715
-1162361
3102978
7157232
-718788
-332486
8836590
6329253
-8351598
7474863
4836854
1125316
826902
-2238802
4444598
9425608
-1829533
3021037
1267519
308853
-678833
4377471
5071780
7473676
-9249464
-1580100
975548
-4974184
7478182
-7941938
-9303921
5338342
-7797215
-6688560
-6788559
8489058
1590667
5234375
-7075386
-380718
-6910699
-1970950
1725964
-3335515
4860470
-1625925
8366334
5244321
6719576
-2091388
3562739
-1337188
2580612
-711460
-6808917
3028576
2646133
9911987
9468873
-2053109
-2814337
4696245
-3083217
-5610914
3419307
9231841
9194174
5930111
4287188
4338155
-610098
-6663676
8201335
-3934817
2503658
8535250
-9532983
1822413
7957057
7288688
-5654688
2456867
7636074
3829494
-7124762
-5082902
-2857311
214574
5912024
-4867106
-7444291
-5589838
2976514
3824437
-8187837
-281241
-9947241
-5300024
5357268
-9895181
5196206
-3153382
-741979
5010679
-9839636
4693558
7032498
-7312770
-5364381
2446622
-4795994
-2191066
7954757
-288542
-4303168
-9079468
-9149546
4910600
9432526
5312177
-7431712
6615757
-9894429
7835517
1014239
3319961
3719664
9307960
-5649003
-5238016
2919469
-1060808
-9282129
5978316
6411652
3173967
-4564451
-2491663
6493537
9527667
3715063
-2701366
-1203490
-351160
8778666
-4574589
3347525
8358840
-2769092
-450512
-9168701
-6886225
6510869
7474121
-3299304
5350594
-1308516
373574
-2850833
-684050
-9271526
5121083
-7067319
-8929833
-775640
8377546
-3198284
4585156
-666819
-914464
-9087730
8047406
-7651559
-9775903
-8317834
-7446487
5038671
65641
7769913
3659093
3408100
-5031778
7766684
-7889844
4791580
-6717723
-5654971
-7783119
602238
8953481
7207011
-3372723
-4936087
3354
-7257482
9036550
-6802923
8596234
7506965
-3337122
-8404966
4230483
-7164637
-8017645
1786098
323444
4720048
-8166416
-2742101
-4342451
3155457
3118793
1087996
194259
-8050547
1054064
-4356639
6519039
5748568
-5018516
1919139
-8863098
-2144009
5249188
-7728772
1557045
1684740
-5273981
-9814587
-3608216
4200220
-2186666
-2800454
6804234
-6103604
3879359
9463566
2902156
-258212
-1858717
-7008570
-3622600
-872874
879647
-3785722
-3411127
-9958922
-4366283
685919
-2809447
8259222
-2994034
4057173
-791400
-2739796
-1849812
-1062754
6382687
-45986
6190705
4710057
-1929715
8938842
-3735420
-8963045
-6281604
-3951892
4577831
6508493
5367931
287913
1991977
5215687
-7375675
-1480242
-7341920
-760066
-8819448
-931847
-337142
5490287
-960244
657520
8532421
3168295
-8682998
7162660
1390774
-3010810
5410476
-3943103
-8103307
-4299628
4801941
-9896594
-8042306
8505501
-4940983
5071868
-9478623
635438
-7298238
9992340
-9974268
-5440148
-7918060
5873458
-5149418
1465985
-2634060
-7300965
-1145958
6191232
4736323
6036952
-3283509
-4397797
-909148
208864
-4732065
8022003
4881324
-3154956
7341524
1643348
-82729
-7925749
-5342784
-4483651
8452219
8610032
2783527
-879311
1292869
3581223
8911772
-7775217
-7181383
-7168138
3467741
-4580985
-9068985
9602132
-6452849
2070014
-2515696
14536
3924416
-1380616
-21321
3983766
8563609
5319686
-4288304
-8248109
-1809467
9244988
4291794
2076461
7839271
-4282664
-4733404
-3455432
3727339
4001668
-8341982
4271476
5102054
-1246746
-6350549
-117039
456236
1886129
-6585884
8486185
-902783
-665773
5406355
-4398277
3121642
-7980651
4936173
-9960046
8846193
2333086
-4528929
-2708592
-536420
9288682
3670524
-5926629
7512651
-5967947
9397445
-8465326
-9455776
-7610632
-4305501
8867232
6450835
3788230
6191898
-6811064
799535
-219775
9969332
-9323886
4875999
1286128
5039212
6165926
-2341984
-735848
240715
-3991598
4468788
1315072
6961198
-3205595
-5072474
-5701379
4529515
8268591
1061848
-2436544
-5969573
-2618913
-7437602
-7674780
6107116
6599827
-6804850
-208371
-3033485
8660754
-6849257
-3256239
2771353
-7610615
745949
5575527
9581952
-2502729
634645
-1017659
-7705472
1871866
-7890601
-3289289
9904081
-6258056
-9153094
-4210334
-299901
2833383
-9943387
2801755
3049652
-9374411
195001
5716163
1713708
-7331009
-4238340
-4770967
3639814
-9578797
9400452
-8064732
4314546
-9470860
-9713194
5502689
6235409
3853950
-5432796
6472101
-6546249
5367301
4327548
-6412303
4993558
3271659
-7804048
-3357479
-1757482
-122292
-2404725
2764687
-316469
-3618656
3308107
6607730
-8230204
9059921
-7365721
-8523748
5983411
2735703
-8498965
8555871
-4690375
4938915
-4644546
-4549636
573507
-6003969
-3256833
6740871
-5837423
-3956526
3617267
-1361629
4383908
6762057
5882745
-4838021
2585444
699211
8802487
7982223
-6289329
8247287
518341
-9669533
7498665
-512093
7067289
6761418
329719
6190250
-8217348
2858973
1380411
2037656
9249758
4529716
2197242
-7374885
2793338
-187283
3811290
-7645278
-3859138
-2125970
927904
9789919
-8492306
-7138985
-2554493
9657756
9751543
9779331
-9611405
8029864
2985124
9537744
-9142878
-3607059
-3918226
785216
-3559691
6521341
4129497
2472201
-728273
-1563238
-4663640
-1365514
-4685254
2225262
9627693
7688499
-9801525
-5210306
1853521
443122
4168644
6377770
-4080920
-8735525
-2677498
-1748782
-4336079
-3978056
-837964
8305119
7197208
-8084476
-7450032
2365616
6365373
5332051
4778209
958889
6287820
2509912
5808025
4701855
7979154
7630840
-6166628
7372710
-3347895
-2565965
1823942
3180967
9777276
-6379473
-7204443
-75053
-4896652
-6409223
-472146
-8264378
-2971981
6250282
-629857
-4128230
-8746720
854926
-7710568
582640
918478
-2997716
-313995
8217648
-3690920
-4845727
6082684
3982009
4794100
6640535
-5578521
1950066
-381401
-2846800
4430273
8633325
-2590164
9358374
-1302271
614484
8878502
505034
-7985575
8691455
-9418898
-5123357
9582543
-7106971
-3260342
3415084
4701081
-959048
-3322828
-7334451
4261182
6781535
-9532049
6053660
-34441
-7835966
2658018
-2390769
-7886567
-6234055
5001791
-7615311
2402011
-3813700
-5611184
3106609
-3460531
-7611152
-4012413
-6396172
3577586
-6692663
7109676
907330
-4074586
-2378630
-9995517
-494661
5795584
-9422771
-3550920
-6477733
493042
7581129
-7081855
2568736
-2666352
-6833812
6463020
-301290
5579240
-9272742
-6630964
-4061936
3394553
-7927908
-2913427
5463391
9848084
-3701488
-9976820
6740318
-2683327
-5051901
-4695944
-3098654
6335484
-5392851
-4138969
-2054799
-9982038
-7442251
-7096221
5649773
-8758160
-4714810
-5846168
-2889486
9591386
-9884195
7613266
-3862142
4377403
-613295
-3477013
-2285839
-1523262
2900465
5261277
-2893564
1179779
-5527354
6571813
2018032
1533816
-1293482
-6306837
-4187738
5929397
8395326
6756394
-5931967
3968810
-1643440
-3084589
-3063073
-1235906
7798084
7039829
3492498
-4188562
6835609
-9768375
8382657
-9783944
-6641559
-8635493
5059640
-2370894
-4665733
5464501
2466670
-8331885
-8544978
769333
1778947
3447564
-3314794
-1371009
8595071
1061580
-1092480
8584473
7507708
8605319
1324356
7023225
817354
5890156
209992
2283376
-5289069
36166
8152087
5828402
-8555703
-8766347
1176484
4643779
-2941374
-8964905
4915509
-7780392
1008707
3092815
187907
-2964409
6085771
-3184798
2761395
7848671
4012016
-5349244
-1346861
-2421127
-2976352
2399748
7972029
7622202
5485249
2523722
-2176850
-2626606
9101519
-4729933
-4444680
7770020
-2584738
7763214
-7995723
5554836
-1555826
2800682
9673857
9478036
2524390
9345960
-7555054
-137651
4738150
-824405
9465418
6159583
-6824074
1222903
-3404185
-9052454
7339103
9635186
7914789
-6291065
-1239467
4928813
-2205538
6658027
-2980784
-7254888
7827341
8096672
328669
391602
7800218
-7097124
4363111
-4998886
-7214313
200311
4190778
-2523183
3935798
8965048
1089837
-3614386
6867222
-8677357
-4423715
7771091
9097757
-9922260
9102009
-3922844
-1265438
-6565997
6882554
-9618326
-4561913
2803231
-6237328
-2727720
5892963
-3581106
-6042677
569417
5201383
1009613
2374911
4676601
895046
9593803
-9045264
9701533
9924830
-371610
5363812
7533258
-135754
178785
5546037
23363
-185639
-8344920
8542896
-1722676
-3570166
4872091
-2785457
3009596
825826
-4223888
-5384227
-4563113
4647128
-9690301
6854780
-3833545
-8528077
-1266435
-4543764
6834074
1797260
-6314146
9918388
-4622071
-2237204
3234006
5051801
-6399493
9780397
497715
5506193
122184
-319721
-1850401
6516538
889432
-125448
3133149
206914
4085717
8830447
-3657628
-7991324
9814163
6861284
905883
851094
5951490
8728662
-5979397
-9869652
7496007
-6923246
4878717
7853365
9872108
-1402398
-2833803
2863975
-6376148
996778
-7698502
-3160188
1466388
-7853809
-533630
-9871272
-1665202
9006726
-6034126
562629
6239915
5717172
-5030215
-4954609
-5186887
-949359
1762724
5678911
1540933
6366447
-6541669
3067507
-3656661
-4604363
3566231
6529946
-1521604
8862357
8469590
9526287
-390079
6273833
-7867199
-6565845
3237019
-2719855
-5113865
467540
-999221
4474842
-2566323
-6697547
7040145
8796986
-4989158
8740195
5714125
4335843
-3863644
-6110194
-8176891
4023119
9319129
-3025962
4650766
-569185
-1767436
8565577
-2809565
-8971613
5003591
4262098
5181517
-159481
8219881
9640036
-9691577
9660861
-4091622
-4717414
-5370033
-2423283
4949174
-4153211
6781733
-2095196
3656364
2456374
-3508384
5752787
9176759
-4998128
8252643
-1516880
-8322642
8936907
8590139
-8357156
1176800
-8617350
-3739006
-3418373
5576256
-939152
-993600
9591615
8690804
2140778
6322434
-6902948
7284357
1015128
2814927
-3659958
-8867165
-1042608
6324428
-2667796
6802484
8373059
-9875885
-6280500
2590560
4530716
-9833761
8189314
2302524
-5160099
9878916
8886446
-7980120
-4598756
3438596
8681256
-9213792
-2499354
2955437
8514808
9363890
-8156511
7483645
-2214163
-5045548
2085871
-8151193
-8389362
8066629
-6814712
-8923865
-8516439
-6056566
-7584318
-726842
-4888310
-4169360
-9655042
3676954
1010516
-384680
-3801962
-3362441
230962
-5479977
-1509058
4771939
5435469
-888914
8955758
-7826402
8767502
-1058592
-2821712
-5783704
8460146
-4624909
8856670
-4075797
8050664
1737841
-1515583
3244509
5187493
-9368877
-5601012
-834459
2520752
6941162
8028767
-3119535
5462675
4202373
9387627
-1221118
-9860432
2551251
-5168232
-8319231
6997784
-6629154
3936096
-7085064
1883349
5634099
-8880053
-8616471
5839795
-7224790
-9655615
-6360056
-6991930
-8016526
-2324899
4540314
8524539
-7964543
-4239309
-7967467
1016339
-8369641
8739555
9808564
-512058
7688248
-3856042
4177793
-2939052
-7430327
8838784
-3179039
7933965
-8207215
9410924
-2845908
-2350508
-7679934
-2682039
-5322320
146679
5219917
3905919
7439016
2799799
6502929
7166281
-6720501
-9305307
-5986072
-9478836
2254618
2557151
-4509510
-1146629
-4460132
-4939523
-9697164
9737341
5142953
5726788
9644972
-1504757
7560004
8918964
-6586659
-6513262
-66504
-9680949
-9200928
8142283
-8158706
-6625608
-5370544
-9735959
-2443245
3195292
-5284550
-9142408
-8022175
-6085210
4716040
-783052
2674979
1538911
2572983
2475277
-1857141
-3457530
8053058
2542772
-5135931
9457339
-5496946
9372782
-2513821
-2297395
-3942641
-9648680
-9362163
2837375
-8476398
4302323
616696
5828210
3670086
-1233833
-176537
6382121
-9560193
6534466
-1265660
-5962755
2023174
-6536661
800689
2696650
-655117
-4053818
4818664
-8468982
-1810536
1092280
488730
815023
-8161178
-9370928
-2126216
-4589118
4256994
-3570525
-175098
7496377
-174008
4182832
678604
3766959
2775543
3810203
1814228
8908358
2612737
2121608
-8885585
5458198
-5165786
2521818
-2229562
-2194462
-7195558
701281
-2853715
-3296116
-2615224
-8724432
3931469
-5250803
5503453
1295888
-5999000
-7765130
-7355517
-9356560
-5529554
-5748056
-2656774
3153574
4034633
-3224901
-7231536
-5029853
858320
557496
3288949
8621957
-9619868
-3216469
589491
-9872145
-4222683
6942626
4896390
-7302219
7940859
-8763772
-3638391
-2547271
2944385
1714488
-5337022
7691572
9724215
2767733
7279159
-4227048
-8791023
-3096885
3451350
5461436
-3079516
-2985568
3215062
597617
-3555850
1194882
-4399533
-8150964
1661680
2805789
-6112001
-7532524
-7766381
-4065358
6167539
-2605508
-4729331
1166539
5200206
2942000
-9964786
-1504006
-8624215
-6174446
-7811144
7027318
-4230027
-4319917
2236389
-2890854
7223948
860328
3644298
-7473760
-9362789
-1691273
8924770
-2284795
-2182599
9355555
7641263
-9514056
-1906676
2128226
8439249
2646085
-164176
-2668089
6659980
-2590262
-2330924
-6872963
2183472
-7039793
-9680869
2066574
4323851
-5039501
-4312107
1909705
-2588261
7841329
4219995
-8262667
-4503682
-6934954
8422110
-4197331
262040
1141190
-8016543
6418581
-6975295
5898438
-1622603
-9730881
-6221579
-8805894
-7954953
-2964255
-307711
9691869
7212059
4690764
-2044260
3874398
6214498
5294253
-6610155
5193746
-7814581
4034103
1864261
685359
-2778118
5349346
9761929
-4737575
-5828332
8266757
-9804790
9139936
3266607
8486838
-2191215
-1932897
1773090
-9446953
3172633
-7867697
-9006023
6390503
-8224320
8480097
-2161911
-1543519
588682
4846600
-8001405
-8742144
-4735990
-2107479
4195670
2117756
2072608
6299512
3407272
3169185
4822973
-708967
3935857
-6328437
-2495871
9557844
-1477450
3397249
-1284048
-4660164
4824459
6754756
-2289352
-3977816
-7075207
7829748
4732278
-4158674
-7150212
7955153
-3780904
-7274418
-656164
7104514
-5288614
-4636215
2915233
-3194193
8129683
-2359714
5935325
-8701115
5389726
8760630
8824519
159444
-3970832
2122701
5631398
8600097
-2353062
9716438
4338066
-4200413
921326
-9930415
6437019
-4251987
6431925
-7941291
5163345
-1461855
-9557630
-235222
7176072
7214909
6590937
993717
9296543
8313377
-5343721
3781823
-1402316
-9258633
-1801949
4285114
-6885544
7972315
9735371
5807252
-9036641
-2886686
1961365
-2389875
6798111
3270204
349727
5394085
6539297
4654881
-2598047
4013899
9180489
-3067810
-6324526
-3422763
-7388384
-1511697
1387957
-1039742
8013059
7761047
-4283194
1503071
6973216
-5560815
-9992592
9581097
6477455
-4415674
7102805
9592342
1707237
3207727
752923
-9282160
5263671
9581934
7365865
5899212
-9726925
-4597050
-8473550
-4464849
-5162457
4000083
2083646
-4847413
1774841
-9762370
-1632793
-7281656
5650667
6946542
-4098956
9698305
401227
-4624684
9074046
6445637
1774789
-6238942
4294879
7422786
-1703062
-8355922
6716408
-2002504
-3343298
-5576055
-3435526
-9455358
329555
8522958
1154970
8540489
5454714
-5354450
5515371
-8880628
9925901
-4156747
9631701
9642718
-8097011
5145235
9275251
3221530
1934894
-5096324
-2426384
-1354824
-5867398
-282667
-4004245
-3050203
7216885
-9352851
-3801880
2958657
6759034
6581423
5470027
435124
5649318
2581157
-1428616
2211167
4455695
9807464
-6545399
-5466186
-8888692
679530
-1509668
7483321
5900215
7257682
-3985418
3135209
-9762828
7248659
1265756
4572128
-5973455
862073
-5905283
4191531
8607726
4116950
-922875
-3819175
1749439
4239743
5931812
-3362794
7432037
-9984884
-4689696
491820
-3183478
5961926
1799370
-9212577
-6304937
1098448
1926056
5381590
-7990421
6660580
9625470
3150535
-7351504
-2640075
-6136883
2566524
-2215497
2720880
-3480802
392394
-5896005
-4108755
-4547605
3178175
-308232
6392405
-2723077
7086004
4992030
173194
2418612
-1893708
5616445
-5395684
-1298656
-2978954
6503349
-7502116
-6026229
8129860
-3855981
4080753
154471
-2101670
4773953
-6417589
-9121181
7020237
3545018
-5269517
-4819780
2382710
5985637
5958568
-7398959
-6264442
6608689
-9394145
-1966416
-3353591
-7355244
346866
-9517729
-4073650
-528235
-5907666
-3058509
1582240
4792129
4211040
-200048
1196256
-3627724
5257226
-4818956
-941328
-9122459
7439830
730484
-304780
-1199153
-9612483
-226631
-7618431
364616
6514268
-5392042
-6778769
-2066719
3286868
1860270
1999107
-5458843
-8287596
-5910186
8874052
5094486
-6527111
-2447022
7811417
8822774
7226728
-5272212
7866134
-7291074
-7720233
-2167400
2988762
8917572
-3872437
-4705255
4153930
4466284
-6119891
-2515011
8337537
3365211
8819358
7206076
-2256958
3940450
6550883
7710962
4068283
8689150
870359
-3372130
9589626
8561026
-8777830
-3554468
5036675
-2289697
-3578126
8735540
-8019469
-5922341
488988
9347970
8222870
-4870311
8178085
-7878683
-3817820
1160119
1592908
6176642
4545325
-8254808
9720491
-8006819
-6935717
-5224901
-7624071
6592911
1974236
-4674299
7238563
-5993419
3444215
-3729830
-2637477
-2667770
5358046
3281218
-239546
-3226139
-1418806
2604661
3714370
-3715725
2990301
-1362280
7166044
-3832981
7864370
4157934
-5218869
-4584822
-74588
9539288
-574879
-3095057
7278066
2456821
-676886
645057
8970160
-1070127
-9636145
5927644
8222915
3064668
7022765
-1472580
-3610994
-6206637
-8907828
-6302560
-3957365
-1869242
1931034
476817
2469460
-6675254
-4925967
8131383
-976342
-2293707
1914801
2629851
8451022
-8799809
-5114735
7737062
-9639612
7136818
-3585836
-3437590
2987051
206625
-6680273
6220788
2665280
-8893019
-888322
235524
-8526813
-6831663
5730782
7813994
2860023
8382056
5464698
-4786253
-6193803
-8305041
-5210470
487231
-7750560
-2177999
-1364613
3844686
4750053
8841963
7838591
5911897
3064294
9751511
-7548650
1795887
-1472081
-686412
-2812084
-3927627
2196124
-2640887
8717848
-6609016
-9521625
-6114410
-4666935
4964504
-3116188
-7890298
7998617
-7947962
-3733969
4986945
-7203083
-1108028
7008224
-3813950
3543403
-6801650
-5071550
-4760311
-6231108
6634130
2490794
-389217
-9126870
-805874
-1416302
-6288381
-1866842
-2211768
2888437
7409018
8375620
-9736216
8004287
4006221
3448640
9101062
5626037
2159635
-5878507
-8039536
-2099796
6967738
-5195217
315300
5251841
1470675
-2394379
-1304565
7944023
-8927886
-9897068
2644614
6432548
-8796869
-7662825
-7607977
6350456
6403136
5100148
5511315
9888692
-442237
-8198186
-984523
5110557
6742997
-2428858
-663693
-1599172
-6937533
-6143763
3806620
4694074
1345755
9406308
9714267
-2124926
4259567
-7972830
859065
9761960
4007580
-2173454
-4688115
918429
-53616
5313554
5956520
-7196912
-5659394
388669
-812416
6747954
4746653
-8711016
-7280276
7224275
2321930
-3603440
-467621
4754595
2669921
9213309
5235814
7334790
-3583378
8792156
-7575452
337882
809182
8191614
-3315269
-33778
-8879944
-8658353
-9206632
7762025
-1233703
3885590
-5025802
-1218905
-4767047
-3956069
-8808714
-3022655
-8893300
-3356147
5017544
7992106
7907670
4267467
-4473102
3314817
-2759724
-429083
-1655261
4675430
-515039
-4763682
-3385098
-3752543
-4531023
4908123
-5893517
-1654627
-5313684
871684
-9056187
-9186352
6579677
-7664213
14723
154481
-7020955
-6438784
6909373
-3198331
-3448458
-8972227
3742545
-1745191
-2705467
-2976810
3287714
6392202
8829059
-5769468
-1868292
5466589
5985873
5014244
-5491084
9587953
-2642049
7682084
-9105697
-5714981
2853449
4446729
9694018
5328554
6902760
57726
-3613029
9443354
670405
6883818
8763713
-676015
-6138224
-889569
7028175
4066989
7615641
1328015
3861692
6103344
-4103671
-4074382
-881648
3094688
2357370
2521003
-5448186
-3316048
1248162
2168313
-5517641
4945000
2066770
3525986
3146454
-3427384
-7798368
-8507045
-4450261
-6639590
-8159415
1368226
-5433864
5191703
-636779
4612096
4837141
19555
-2445318
-4774663
1005231
9953186
-9290393
-9584037
-4560247
-9303610
-6843864
2237025
-3096010
-5884560
-9322669
-4787660
5872343
-7463544
-4169271
9357992
4055540
-7561198
5191318
8966581
2759234
-1070157
-7450595
5783422
-8182513
-1528171
3719226
8416246
8703172
3586708
6630190
-2615010
-9450817
-8331532
1134280
-5229408
8313314
3502048
1185539
8707474
1006789
4620818
8899361
-7121641
8975188
-8652696
8471640
-8746883
8288744
-6222497
9278222
-6417882
-5358952
476874
4182984
3308160
-8753994
113997
-9575848
9251714
6775303
-8413976
-9294548
2208452
-4634365
-8200492
-2981735
-6983952
141243
2017058
5975729
-6697276
4184394
8775503
-1006074
-8559125
-2715755
6399762
1482112
-1999342
-2866945
7045103
-3460287
-4800400
2623463
7256453
-4945285
9539994
-6379534
-1745256
680197
-1633787
5947699
4105333
2609336
-4908123
2978165
9459675
-9940731
9142861
5609805
3454451
1780263
1400495
3957673
2760034
-4195130
-4138854
-7187476
-4684422
1204877
-7262257
2763028
-1613919
-9099032
-6845973
-2136084
-6668351
7426770
7507918
-3963915
-6108092
-1294205
-4648524
8597464
-1292368
1827150
7022434
-2814583
-3965552
-4124691
-6227225
-5922970
-176489
-6945407
8934178
2298241
-3173199
4540460
9024905
-773005
961137
2303372
4883442
-118194
2916107
-4684775
-7762110
7369953
-3021746
-1484199
7696060
8465249
3416288
3678698
-9012230
-4218932
-7412454
4509705
-9529932
-2971156
-8984397
8083029
-7359978
750097
2676216
-8633170
6025712
5009154
4367130
6857342
4835546
-5334494
-9893836
2399045
292771
8027468
4782262
971601
5651163
3195157
-9715447
5574233
-7373825
-9552175
4914158
-6628745
3149901
6699173
353840
8052687
8970340
-9828540
3879187
1112497
2331357
-6048095
1223435
5483089
-7976220
4556244
-4239467
106819
-8391450
4064743
6233500
-1604090
-7939956
-2054377
2025843
-3321601
5027064
-9057124
9470218
-6183577
622486
-5933576
7273589
-4978151
-5563501
-9071433
-151463
-7972241
-242975
53310
-6257083
-4467313
-2941641
4665093
4143204
4561662
-6062531
7989126
-8672883
9216687
9625658
866221
4617673
-7607271
3285893
7889806
6190876
-6054161
9587588
-5350788
-8414000
-8415204
-3541633
-3929092
236762
4534644
624247
9544149
-6363545
1816908
4332446
-9188536
-8270583
-6006530
7489242
4836524
-7153677
8685360
5440456
-9169785
5041473
4231502
2562547
611672
-3848123
-3717628
4390799
9836233
-3468100
2012159
4478419
2175634
7196813
-7350406
2441875
6327647
1381357
6591567
-3481022
5766152
-1703560
-9043218
-3269129
8044829
-5707722
6593072
-5936082
-7630158
8814282
896382
3471638
-9085489
7839810
9308908
-2371794
-7037470
69113
3453042
5210708
-1392937
-4924497
-7197532
-8380441
7494184
4231095
-6327703
3571130
-4523738
7782317
7587420
-489018
-9887356
-2546400
-9412082
-9798103
-6620034
1923426
-8485335
-5502621
-2615944
8472579
9438712
-314540
-8116437
183605
702880
684002
7513447
-643815
-2722146
-7774538
-4665280
-3984497
8510326
-2853656
-8111844
8933728
-8659331
-9167125
655527
6844945
8357868
1249787
-2387514
-6140668
-109811
1744315
-6067576
2027268
8629624
-9361853
9584209
2161657
-6716063
-1705784
-6803729
-4344066
-1856827
-5193384
-8285101
8379125
-3461913
-7344100
-4585249
-2363270
-1231335
-2438247
6110495
-6813346
2338721
591053
-1050922
636412
6270690
6845054
-7829175
5208324
9837876
5481001
-4510341
-5614640
-3478693
2380921
-2074012
1006243
9171211
-113206
-7986145
7232285
-5634158
9062674
-4626316
1028286
4219831
8787332
-4447589
4969093
4430789
5355332
-4483196
228857
6154220
2194254
1251809
-4242301
-304254
751110
-3113134
-2827900
-4787760
-4450826
2782554
1546387
6209130
-7201010
-8247474
-8672964
5192672
-6199718
-7701037
-3185088
-448136
4142392
6728201
8088434
-8928785
6522183
-2086739
-3999670
-4592018
-7065493
-4840761
1109835
-3005522
-8991007
8202420
1945638
-2098515
-5113268
-6588070
-9162367
-5748359
7108789
6029076
2003095
-9159180
-7754364
7373223
-5878459
9999828
-2684456
9525865
6247045
-8158197
-3577862
-2093847
-3234719
2133654
-607378
-2453310
-3900398
-9644182
-598660
-2523519
-7222732
7191669
-2974510
6843010
-6491685
-2375755
9705898
-4493786
-8153151
8937016
-9649230
6287813
-3228935
5196769
6749134
8221668
-2815444
211486
6285018
-3610856
8967780
5221302
-5789259
7218582
-633664
7420425
-8955560
5267249
-6726610
6055108
-6939034
-5987229
8691785
6598866
-3124355
-654972
-2280903
-4864401
-3743169
7692080
-7882622
-5839220
2896670
-9322637
-5067434
-9863503
-5462237
-6378172
-7091081
5584469
1071734
-7050210
1224631
-7642253
4348364
2397950
4995373
3084913
7249693
9278367
5961760
3649349
-4011353
3639483
-6539781
-4850551
4488867
-2607253
-2037604
-1006345
6598270
-6590605
1414501
8804141
-7392080
-2653124
6055056
7239830
-1446429
7772692
7505168
404136
8734184
-8370976
5236158
8328703
-6613559
-8085337
-3894481
2358934
5036890
-2994736
8464064
-4160738
5781618
-1196267
497014
2473001
-7347492
-7493683
-1334704
7701211
-5145554
-5096175
6013799
7581435
8554479
-9965841
-7422802
4668792
8725249
7681233
4433382
9709634
2075408
4962525
-678265
-703135
-1427227
8950020
-9764400
8269872
2947914
527894
3786925
-5805901
4667250
7982332
5848167
-9651636
8700819
-4949093
6551048
3137258
7953647
-3379515
-2358022
9681637
-628444
3980517
1707689
-845952
5775437
5722646
-1040544
-9789064
9120920
8503604
-9011695
3139274
320022
6875281
-6913407
8732524
9570602
-4758425
764973
3590749
-7651727
5095971
-8827481
-8018605
-5397998
-7261558
7087422
-9901302
658430
-6207440
8221729
-7305363
5968154
-3666840
-7306708
-1888096
640194
9327586
1919379
-537603
-1187416
-6152512
8852317
-9941339
-7604298
-5913356
3060754
1243699
5255202
-6843404
-329686
-4116216
7492009
-3936488
1354671
5532253
-4911489
-1354710
-5186368
7131531
-6481160
8449919
4634799
-1027870
6672026
-4075067
6500164
-1484059
-2921790
2729957
-9718490
7511689
-2839761
2377242
-7478116
-1472620
-2958981
-9331697
883421
8242718
4947912
-6715368
7552297
4009139
4498171
4655261
1378958
3788916
-3863118
-6476529
-8784418
8465028
-1053808
-4853950
-6427903
4222683
272600
7213346
-4505575
-9107503
-9075919
8741994
-3324827
-1783139
8078084
-5250443
8623682
9837330
-7759627
1185247
9093291
-2150153
1796820
1496746
-3175073
-5274026
7871206
-2013050
-6979087
-9853392
7488067
6138867
5464786
853255
-5908139
-6495861
-3976192
-3009922
673501
232721
570675
-5573069
-8185877
-4371816
-4198257
4157977
4941256
8297646
9899477
48165
5104535
-2265721
4652084
9733818
3154936
-5679755
2988745
-6946500
-1797764
-2495429
-1602481
5333540
-980248
-7604878
-1969957
2942006
-5388383
8513661
157524
-9150226
4112120
3090623
-3516391
4562294
5285106
-7321994
-6783090
7068137
-718290
-8057922
-5207462
-9635662
-9577076
-9573719
-6860095
-2807970
2163378
7857838
497209
-200874
5749772
-5541937
-5847333
9102009
-3862679
9144438
4566447
606232
-1933786
5207116
-2723728
8640254
2931571
-4671466
-1360814
-879862
-1699606
8224561
9928219
1204329
6060987
9253219
6315170
-6236756
-5111681
-6294861
-7359456
-3688605
5595479
1207460
4096445
8818866
9166757
-3409408
-4785033
-1185283
-2557439
4418791
2487224
7159310
9466922
-8596454
1931739
-323750
-9101195
7644217
-5444784
2808497
-7422289
9631500
4486543
-7580716
-9798415
-831848
574609
-2315947
-4000487
-318955
8161577
3020555
-7926180
2865009
-5478655
2944769
-4627252
-5963821
8181458
7858930
-5771594
5084993
4983996
-2125554
1863293
2530509
-1712067
9262946
-4132836
-8591781
6709119
4357138
9905937
-9691444
-7473674
-5444178
-1113632
-2839708
7126834
-3111317
-5211822
6390339
-1242776
6434721
8775694
7818552
3132573
-4153843
1373405
-7678042
-3130135
7938617
8390057
-4300802
-9559623
5858040
958437
8073776
4104
-5625011
7326151
-2581707
7771924
-381097
-3969899
-6914767
-1901622
834635
5089564
-2192016
-9200778
-3543127
-1181564
4357695
5415650
-5433924
-3403662
6543354
5892525
8488296
-1631884
-175988
-6540128
-8756429
-8981837
3625762
-8716596
-5033528
-9745285
-1153910
4980051
-2455158
2207570
-1502430
-1477446
-8538411
6580049
-8021380
-5462010
6432175
7463086
9230978
-4599167
-795903
74419
-140623
-104267
9049091
-2104987
-4578439
-2508388
-5720856
-6458616
-9620867
8235285
-3330968
-1226130
1707519
-9183838
-8181006
3706090
-7942426
-2940101
1076672
6179675
-3485797
-4132232
-1810550
6629860
-7282637
-6293856
-3203455
235563
3054026
538479
-8992850
3745899
6898779
1197031
-3603707
-7557547
-2658554
-4011051
431108
-4460544
-2365768
8891236
-2809875
-5013967
2241875
8183345
116627
7919436
-2743612
188415
-4004133
-4226509
9298594
9303828
-3093064
9936811
3372871
-5806372
4170745
6748105
-7153267
-8836824
-5343531
-4627558
6338039
6144162
-5519060
-4179274
3427604
-2916853
8233273
-2163038
-4306364
-9866238
-2202087
335846
2849397
7036882
-6162588
-6533107
-4348188
3989826
-3012087
6167924
9683909
6740267
1042096
3202997
1378756
-9016665
4215900
8155759
-1255233
6739737
-1899393
453805
1859664
6516213
-1703144
-5519605
3393397
-1591061
6321705
1333994
-7932394
-4056148
-2103744
4640444
6190718
670226
-1396337
-5422474
-8745093
-7192706
5073209
9481487
7750284
8866056
-7773266
-2211458
9471601
8044984
7114770
7701238
-4163353
7343163
4823202
5496497
-166047
5884812
6158436
9620431
-750116
556858
443629
5794208
8834418
-3822351
6915460
2761443
-474130
-8643962
8442547
-7187031
-2495171
633586
-3130037
-7810147
-9212880
8693474
6746911
6809461
-3251102
1367989
-2995237
5597367
2420248
-6052727
-4733076
6153510
-172995
-2279252
-5852432
29752
-7251275
-3851632
4506656
5671858
82618
-5145395
2823061
-5140840
-9794784
9801184
-9760555
1579542
-9659753
8233078
7574758
-5329090
8065459
7594327
6440574
-1387079
591146
-860253
-3358151
2076089
-2021963
9759338
-3540624
-8185196
4427483
3899715
-3121542
5904393
7751914
-8191254
-6833278
7374448
-1612564
-6465587
6193025
-2594020
4465177
733921
-8443658
446758
1726649
6854770
485777
45823
4721248
-9130240
-1260511
239418
-36195
1151278
-161300
-6832862
-2791153
-3653478
-1486119
5870242
1899876
-4426284
-8692052
1085307
-1792678
6796780
-6452375
-8637080
-1842105
-6052468
-4518429
1980735
7764167
7795279
-1835153
5586330
9801661
1211374
-5030910
6435560
2650423
-1554322
-540946
-6939511
-5435696
-7389945
4688960
-4663600
9336058
-5784849
-4191655
4675815
2742194
-9410110
-9675602
-8769763
-957032
-8967218
7655792
6920019
4908284
4490308
-3224171
-9492700
-4223387
-7927841
1181138
9714036
-5330172
-1069232
-1595710
-73352
-6479124
-8038005
-8178889
2497823
6380569
9588707
-9689879
-8272672
6792952
4243603
8487384
-3195690
762724
-5297766
-6865252
600382
-374213
-3652764
-6905946
8565008
-2003626
-9450272
-7435977
-1731462
4437700
-762125
4996271
-3697090
-2306592
-8573999
3370727
347336
-6286977
859645
7901456
5087768
-8443109
2721456
-3971474
-1563414
-4140791
-9628395
-125338
-7822921
-4759728
-8923852
7362645
-4308662
4403216
9803007
-2715244
9332223
-3418907
6569889
4732066
4247591
5772436
4131258
4018990
8362148
7785326
7865502
4509725
-3154827
-9941034
23310
5874689
-8648409
4566825
3199957
-8231692
-6947228
4637720
-7736146
2231862
9123271
3635548
-4435106
-4392726
-8491763
-3098124
432760
-7646781
3279471
-3610625
7860966
3731686
-9023549
-4691339
3083285
1021732
-5233985
-2449389
2598797
8576818
-8569691
1933974
5191213
9408083
9684870
-90190
4176331
-9124965
-4442052
-2473536
1551647
9094053
-8654667
-1353863
-1783122
518964
-4486320
8278988
-1766338
9348370
311113
3476500
3051490
934123
9146193
8913850
4258904
-3086532
5786447
4540435
9178036
4654035
-2053617
-7630218
-3700449
9972401
2672266
-9991910
-5755382
4737079
8139541
6241218
-8942951
-6474545
-9610209
5015307
-7454496
-30964
-6001931
-383654
8655037
-6136313
7093655
3351268
-4219603
-4443235
530098
9396531
1236875
-7047084
-7477917
-3232823
1157304
-2140761
6030927
-2178657
-1956204
-2574100
4058863
-4327646
-2588759
9281235
-6368809
-8549226
2627248
7597819
-7934996
4275695
8415276
9440161
1955207
3794147
-8346025
2296860
-2086314
-5850039
797190
7843559
-8877918
2772690
3730115
-6764403
536270
1723200
8456007
-1259570
5924739
-2996172
-7284878
-5729587
-5927801
-8790100
1058163
-2181836
344962
-4962817
-9203591
-6094487
-5613876
1931667
-455423
8114809
-9203284
-7493704
-8976115
-2917060
-4294210
9434607
-2962781
-2412153
-3539854
5096346
7062089
9541983
4976938
7818434
6575949
-1860238
1111676
-4732667
-7982648
3463093
2152777
-4968030
-7607856
7180993
-3431287
3487536
770542
875756
2153589
-1229525
-1663482
-3851905
3571715
-1526208
-9506454
-9839505
7987028
-3135661
7917872
-3353852
-1056355
9954002
4998018
905029
3710487
-365534
4604877
-2384401
-8985269
-6532966
1321107
9260884
1534645
3537591
2973647
3322655
-3331001
-3937340
-7038345
-1350138
1354015
309543
825402
4656784
2102618
-4534020
847124
6044343
-2332998
-2576050
3495875
-2143464
-7980279
6378887
-8924484
1309251
-6048616
1826931
-8380866
3345551
-3118924
-3795711
7630735
-4064944
-8793315
6126983
279154
8418055
5731965
-460062
2948357
3693150
956435
-9467607
-8072363
9270454
1886615
8933738
-9809764
1280203
2568405
9706491
2475248
4716373
830928
3404208
-4339303
-3428622
6950851
-7747554
3390267
-4209885
-3493222
8298402
118490
9866139
2988095
-9296939
9342571
9581995
-9870218
7462713
3944939
8110519
-6607843
-5729832
-5940677
7336361
-6443381
-7642221
-6915082
-7717038
8157482
-3687143
7931256
-3105099
3690291
-4142446
-7736427
-7290971
1468423
-7288167
216643
9119393
-3432010
-7098950
9610150
-7760145
6889210
3816830
-4371779
7053573
-287616
-6533738
-5775786
5291441
-1373451
1318692
127971
-7886571
-7992789
-412939
-4726671
8428192
4690740
2792860
-6879854
3143997
-5376100
5103469
1448864
4068204
2027814
-4313803
-7900308
-6340893
7020183
-6754844
-5748598
2548745
6967520
-713461
-5097201
3229268
6775886
7228332
6476064
5043831
3576606
5881026
1410765
6786790
5716466
444204
-7903053
1404378
1782330
-9917890
5425887
-2969388
-2508175
-9478281
-7431725
4256342
-3897045
8828203
-4867682
1619993
1456624
3242176
-8105061
-4345268
-421180
-5843936
8215743
4264761
3821537
-6947677
-7952309
7590949
-4278515
3467406
-42645
6446284
-5998465
9402817
103465
3204921
6897452
3373996
5658350
-1212166
9588343
8535752
-2863142
-3138067
-5285797
-2399756
9830865
-526135
-1474712
1527342
3345558
7316474
-9189493
8446625
4994434
2700160
5181192
-2069884
4803835
-2282471
9479003
-9899932
-8896775
-9448340
-4785197
5347097
-9321573
-1525526
4567234
-1435458
670714
-4614028
8814182
262436
-395786
871211
-9889898
45784
-6104419
2901402
-3315534
-8996497
-515522
8122003
-4437310
-1293715
-2959512
349202
-4054209
-384778
89528
-1455102
-1014162
-6321054
7495357
-8400601
-8960821
-1630960
3665333
3649433
-378078
7966499
6838395
-338147
3099442
6767543
6959061
2375777
-922758
5165895
9290049
5852737
2377635
-3139891
7914747
-6539540
7427502
-5909133
-4186814
-9606193
-2053593
3519568
2110327
-5197552
4903228
-6230317
5116291
6913054
9751619
577885
1159551
5534117
-3893897
-6789728
7558945
-2885251
9352465
9605347
-7752082
-5448616
-8105504
-5838563
9899931
-276680
-3340494
9990545
-4905290
-8895692
-3420914
8238199
-7289567
-7818341
-4691290
2644864
-6687061
6018076
-6312054
-1164099
959254
-6839805
-7548445
-8469926
5030105
151355
-7392928
4983823
-6141581
-613464
3357124
-1595906
5064633
3149928
-6671692
8998892
5791185
5208899
3020913
-6630487
4975875
3955127
-8634553
3811551
-1232764
7892982
3879210
8498440
2966360
-2984593
-8624892
2663891
9341909
-4436792
-2061059
1476914
-2655012
-1953620
7131410
-2587762
8617727
-986439
7322577
-9651435
-7433210
-1484844
131981
3907583
9186786
-322713
2417257
-3990366
4510004
4046511
6505596
4733368
-5120253
2683261
8342943
-8499872
-629713
-2776357
4545370
6605437
-311924
1220439
-2606692
-9854664
9576118
-1812477
-311197
-9370866
-8672458
-577243
3356279
-4858500
3207189
674225
-9070514
4891147
9153813
5111678
-4239613
-4150722
581205
4077851
-6475339
3504548
3365186
-3188207
-3820092
760944
-3475031
-2747026
6363755
4099030
959092
-8021710
283760
6937685
-8605855
-7852640
-4070763
2664313
7912198
-2959156
1642809
-4688473
-1430948
3630162
9734851
-7774356
-6737352
-9535100
-9196337
2089092
-7795110
-5299772
8914459
-1671608
-3903099
7601138
6031586
-7687632
-5492122
5098945
-7341295
7867645
-52216
8774283
8707792
-2426009
-3896106
-517148
-2299289
1632030
-4875117
-7629606
7984702
7584729
669854
2101888
7092489
-7288596
-7448456
4195238
-6883910
6468992
-5405610
7735446
381174
-5787834
-6116895
-5726430
1041673
-9061595
1619573
-3124592
-6779818
-9272960
-910819
-9850255
-108844
-1874338
2560382
3168724
-6551143
-4741164
-9086585
9550534
-6392040
-6862850
3513453
2782515
9679353
7281367
-1188606
2934435
7338288
2856898
-7635849
7461549
8312709
-1643418
7695780
-8480130
7896254
-4175314
-8484776
9809528
2050227
-8654018
5328820
1272483
4202745
-3774904
-9240383
-2874219
-1874806
-9226447
9512969
645823
-7855194
-4049756
7582490
-2399093
5055530
7294378
7092551
-4038467
-8522370
-8805604
-4610731
-8196628
-8831260
5524379
1030210
5309403
4589832
-1716984
-4233209
7327523
1213188
-1951445
2265764
1772853
4413838
9837182
4599002
-4326662
2313883
-8932050
6504544
3849572
-4531594
-5179562
-280090
-3723940
-9862883
-1422780
-8594856
5065642
5022532
7861715
4548543
6259665
9051648
-1630916
-6514859
8607860
100551
-8302374
-5566940
6485745
8170223
8704682
9704073
1506583
4617809
-3028792
-2483552
-1893791
-4791476
6019065
-9357427
-2264252
83466
-1585087
-1503228
-2980235
-3511746
9845836
2165144
-8822131
5124750
3391286
-8735870
-8450103
-4903057
-9996479
-4590539
-6410619
2761401
8172348
2194098
8215759
-4123555
-4386919
5240582
4919300
-5022723
-4487020
2835085
-6871659
-3149660
-1049813
9475265
7854137
7301516
6957739
5135651
-1106048
4179517
1363219
826207
-391347
-5793191
-5028848
-9510284
6945893
-8141903
-7952908
6568282
1754303
7171103
7687260
2405745
3073200
1560080
-4373105
-5947120
-2821755
9056491
7002352
8521992
-3633305
5130247
3553603
-6301053
-2097888
4735892
1713641
-7330039
-4761509
-6536008
-3601291
-5601839
-6696816
8663871
-5198502
-3176539
-9212967
9769083
-1840492
-9318718
8786461
6747255
-4096602
-22533
-6546486
6275618
-2846628
8820019
-2711853
4613110
-9772503
5131298
-1896451
-7116844
4223537
7789687
1360850
-2734507
-6802354
1689712
-5385309
1838919
9350613
-5652158
-4314113
37590
3501751
9293341
-6913111
3344210
-7149963
2367699
1054909
-5937238
8118687
-1547773
2829330
4708602
-7060774
8058556
-9558451
-856087
9985194
1490735
1896313
-3152230
-8669081
1487986
-7473139
6432051
526030
-8070048
-4564256
5828087
-9228860
-1620758
3884983
6934450
-9697262
-7844043
3902614
-1598507
478612
-1756650
5815469
-9296249
9470738
-2299428
-4049002
-9824391
-9204719
-6217572
-5872697
3375455
-5410711
-8263765
-9578129
875776
985138
3137921
-2311431
-5990227
-8153175
-2138811
9745236
-171996
-8881114
-9178267
8783911
-9353840
2937381
3533780
4738555
9435845
-1399664
-5438665
1170464
-758491
-4411292
4386676
7521679
-9235319
626760
8532911
2536995
2472864
-8392749
-2363138
-5911698
-5413281
739432
8821194
1404014
3282610
129099
7763352
8106105
-3981420
285821
-8633104
36328
3453233
5440059
9514521
5536891
2327671
9993903
8466815
-5061232
8871404
-8191027
-9566061
7560955
3536148
7488837
137531
-7493084
9193986
-3029433
-7184456
6525047
1453182
1809620
8296457
4675847
-9593218
8217016
-5430046
6834268
-3786473
-3524037
-8752266
-5182322
1200752
9188988
198759
-2101593
-1957107
-6974054
-6867929
-7572519
-4637748
-4818513
7863642
-5203110
603668
4508226
3364622
1489039
2105554
-6018602
1288787
5518924
284746
-4940238
5051724
-6362867
-5226250
8136527
-9454294
2263315
-9468014
6761419
-136819
-6587804
3119410
-9998264
8439149
-1009890
-3474924
9674116
4312343
-2582527
6520116
-6328198
6613082
4192783
-6525106
-9454870
-6615657
5628725
3482832
-4547736
3418843
1416532
7750792
-4003417
-9344522
1747480
5442226
-9522869
3058796
-7224592
-1487149
3901049
-4211615
2599420
1279820
949827
1121741
1763368
3528911
3828839
-7087546
1486777
6423885
3110273
-2648767
7578102
2422554
9239044
-7864744
-4694760
3435828
-6770131
-8928450
-6207577
-5965341
-4435177
3205603
-4211908
-298035
5164709
-2401458
192656
-2618617
6741226
2486714
-1820552
-6387175
7815567
6131489
-7527706
-7206814
-7564599
4204073
7343435
4203868
1465308
8337632
5302041
-6663616
-2127495
-6903973
9339660
-4091468
-8966045
5959036
-6861679
-5286394
5016996
-6116063
-6729139
7092250
5156075
-337098
6434291
6462985
-2159391
4021958
9858321
-9373024
6942358
-4808004
-2774321
-835766
-5512888
5625390
-8463871
-2779364
5667151
9779274
-368829
3902193
-8465415
-446535
3790492
3539728
5721883
6686507
-9996269
3120762
3844929
-8719498
-2718749
-1889961
72501
-6006637
-1802842
3418301
-5690203
-1659687
4782589
-7094998
3214000
-3656708
-1807049
3671030
-5288938
3914347
-8667323
4174979
8909704
-2236726
-5676111
5615708
-2000881
3039416
1034546
-7352139
-8836992
8654576
3114624
232202
1239479
7348374
-1684654
3126098
-8253039
-2513512
-5775479
-2085856
-8912976
-8127987
4854924
-5321423
7154703
-9163283
9967425
2994712
-5167981
4011490
2017916
-2613667
8151399
-6200287
-4787214
2438770
-2074126
-5933929
5274312
8321940
4720135
9664123
4451241
-7322923
-8849151
-4567299
6637905
4734818
2007670
-2302991
6660512
958009
9192477
-2756320
1009715
1309727
1303171
-8962919
-7490548
4167867
-541990
-3979990
2127683
3486813
-2935034
7675099
553126
-102794
7397182
-1130628
-1551261
9141
-7553042
-2522142
-2199379
808801
-4866259
5612536
9169104
5205916
-2280213
-2794860
-3371909
-4842645
5941350
683788
-7594258
72250
8853614
6458108
-7659277
-8809423
5718350
6914280
-8770184
-1542549
-5659196
-4203888
3092367
2681532
-8037400
-2689180
-7566049
7979571
4828416
3834198
-3485865
-8247593
-6441112
-251718
6817876
-4269846
-777286
-2454467
-2148806
9736658
-3170238
-1404241
-4655173
-3121608
9167523
-9514562
8254437
-7704557
8724214
-4741120
7415039
6406072
-3320192
-5515408
8914778
7940725
7277425
2054928
5274217
2366808
6284055
-4904581
-6739630
6366493
-1051474
-9067619
-2509585
7720644
4134733
4420853
-7039811
-9854934
-6281174
-7119070
-9755232
9449652
4714946
9644307
-192536
-6975224
4233735
-2259189
6638031
-9290896
-3095302
-7457795
-1525370
-9877057
-181906
-416597
-2316767
1132289
-3998876
-529683
-3245570
9744064
-2503743
-1626956
4236226
-700646
-8435290
-18224
345324
3362786
7897213
7848434
1347963
4362265
2934178
3105147
7251174
403975
-7332308
1027521
-9270327
1585342
4400372
-5383697
-3518069
3047791
-5769227
-1258787
-3283530
5095277
-9343265
3130128
393312
4794076
-750781
1100927
8036764
-2902750
-864133
4894348
-435747
6363151
-399512
-7062776
-3748062
-3315278
4720086
5642024
-6448087
-9622933
3207368
-9980085
-1027359
2311071
1828107
-8874011
3160791
9025168
4982113
-404162
4312585
8295340
4395125
-982015
-6133870
1182429
-1598268
3119863
7871743
1250990
-7112815
47731
271715
-4909763
7303095
-150058
1539900
-2152013
3080563
-6459367
7180776
4272711
-2799145
-5074103
-6129577
5657611
2280536
-8592298
5672331
4722133
4835628
8828164
-8113673
-9430771
541425
-543243
8997983
959685
8809340
5742024
3748472
-7230147
4966014
6304329
-193093
923513
4907261
-2007316
6046933
2774535
5830507
-3158415
-3371145
9479930
-2013517
6420213
7122941
-7138445
4957370
-3286115
5677459
-3720894
-8105649
7713908
3609929
154117
7080342
7290412
5417558
1970516
-6041329
-238549
-5582896
1945165
-9875786
-2089859
1088149
-1979668
-7646877
-7655198
-1137352
-1736877
-4059322
22536
-4157956
-7992190
-9479773
9359175
-130034
-8142936
-7723532
-9803160
3319755
5990993
-2666415
-9301992
-6294122
9942689
5629100
1596886
9622819
-2287626
4606278
-9794118
-6263256
727178
-1595518
2110273
6608636
-7926593
9887263
-4085966
-4527578
-6601359
-954585
9724994
-3024375
7287375
-5274948
7770990
5035544
407390
9011981
-930518
-9210907
3867207
-5968288
-7841596
-7917049
5733235
1274755
8611609
-2388865
-4046409
7085770
-9235942
853282
-354587
7839481
-4473202
4006580
2533984
-258000
-6695925
861075
-380880
1186317
7808608
8703718
7515563
-4186770
8220351
-6401077
4170413
5167818
-9177062
-1959023
5159900
-3548828
-3890689
-4374021
-7399007
6138638
-9173571
1608768
6500191
-8956574
3807900
5442492
8076988
9049540
1722444
-7949437
9342687
6432669
-2485849
6274772
-5620930
6303629
-2934765
-4204089
-8618070
-8379645
6398225
-9658628
-9287199
6207472
-4252747
7963482
-6111916
-1605418
6854894
5453058
-9677441
-6604991
-1159640
6085100
7077690
-1923610
9430811
-3187419
4502052
2982166
9765678
3301295
-5668421
5391455
5566520
3732323
-5168265
-5736579
-4346651
5754679
7918567
7740699
3415979
-4407986
1793522
-3216064
-4450045
2113371
2384836
8025733
6631110
-8145639
2883939
8034063
9614996
-1233518
5769659
2211359
4729119
549893
-188702
1070936
6852165
-6042400
-3405286
-1079966
-1088073
2517506
-6334974
6210153
-8195327
-6404769
1376151
4389867
-2346372
8790916
-6792740
-3702207
9146776
-8561108
-117710
5298542
-4311775
1349197
8757378
-2279817
8801469
-26775
-5964132
3323593
4333593
-8718874
5924931
-9133795
1130702
6697732
-6744075
-7962190
848709
-4725657
-8709410
-4493097
1240084
5772251
-5382209
-374824
-4122249
-2550242
-1354432
7250002
6217132
-885416
6486858
7642835
978672
-9497548
5590164
506111
1414070
-8179952
-2340611
-8825890
1557158
892035
3368769
1732901
3845137
-8227557
-5770985
9072382
-644763
-6607764
-8199671
-5976887
9435854
-5039293
-6736615
-9307769
-4639972
-8586880
4834764
-3089597
1211057
-8274193
-2443517
-915252
8473071
-608407
-2241217
5411942
-1445441
-3953997
6071082
-6463441
-5814763
6217089
-6728287
883663
-5681347
804625
-461851
-9891031
47080
-2889124
1867324
3261062
-9945224
-1020846
-1855751
-984718
-553840
6221237
-436500
-7097569
-3674770
-5064242
628473
-8058730
2189765
-1151847
8599266
5595316
-4706771
3628386
-5527842
1884165
8659623
-2965122
6649397
333308
8745972
7467200
5486008
-357897
5436196
6296730
903235
2501230
2432845
-7098854
-3965519
-45239
4104044
-8209905
7001421
-6915027
6505110
501969
4850324
-5958940
8095751
-3014084
7435748
-508746
6758343
-986814
9830938
3670815
6582217
4272907
8558863
2682727
-7093229
-6599545
5062537
9388499
-8781442
7824555
3208534
-5904577
-2786600
-3444740
5700079
-6080215
6514618
-5467430
8719331
5888043
-9055318
-8416786
8362237
-9401695
4797196
-7968742
-8924190
2562270
-8164215
2289210
-2403918
6196827
8820315
9995931
-6773084
4567651
-3373951
-6047943
641831
-9671067
7152039
-3539581
-2927498
5722230
3479524
-1768155
-6302900
5673902
3347968
121628
7448308
6595522
-4924806
-4171320
-6081933
9451221
-6318935
-7339054
-9239821
-5944484
-2451750
-6424166
3897947
-6012654
-3812860
6748530
-6260670
-4211169
8384324
-9569113
4981474
9336809
-2836288
8015679
5830154
-8971520
4812862
-7384069
7288752
9141836
-2358953
7051588
-5982920
4417818
1937644
-42897
-3862591
5527132
-3849078
1778977
-1627020
8539070
1283508
5206940
6768164
7096101
9498074
-5114959
-9392442
5532387
585582
3968888
8907797
9638405
4838931
-9605
-3386204
7065961
7831106
6240193
6681028
-7445803
-8615474
-2806870
-4214655
5657976
7046390
3544027
4824307
-5796558
-6347217
9711282
-3546313
5413711
5256025
-6344
-449205
-1656501
-1301778
5214013
4211982
-762741
5700697
2773010
-1749458
8842693
-8999230
-8837914
-6658342
-9265169
-1523715
4759900
2899142
3631533
486097
1155711
2207242
-4104809
3952984
-8081043
-9285573
-4324012
4731533
-5971164
4206127
5118265
-8170049
-5478593
-2792288
1341863
-5143002
-6495373
-7194776
2182279
5460517
-3263049
39123
-7472143
1047512
-461855
-475855
-1990871
2179493
5951532
8326713
9039787
-5039045
-7994571
-764105
6962927
7776687
4307651
8741841
162826
-9099192
-675836
-6815995
2949413
-208383
4036758
-2300913
-3685085
-8724094
-5041180
-8151137
3234349
2965199
6300552
-4818218
5911659
5329787
2622543
-3810705
-1184254
-6123841
5214560
7791088
2189316
-2343355
8233028
-7792884
-6345042
-482172
-8056803
-1752336
2163985
5437362
-1793903
-5151285
2023901
-1503728
-4385359
4885498
2814748
2510683
-4753871
3572196
-6685843
-8910681
9861127
9623814
9817201
-1101487
1445265
-9935827
9342897
-344834
-5764924
3564808
4640364
-9263597
7939147
-9501078
4435013
-6625985
3128672
7403204
-5985577
-3389019
-9163909
-3220289
9120054
-6013596
-8077382
-8390255
-9201288
7006776
3354883
4534019
8200287
-5795282
-463218
6599894
-5777585
-7453448
6238015
4154732
-303331
7446723
-6170845
-7108336
5527818
7273484
-5575718
-9689772
9318688
-477777
-3973600
5963544
-5442650
-1806351
4681758
-6187253
-8112248
851927
2833715
6332259
-4352376
-3108739
-866317
3858827
4683007
-2841527
2452285
6780633
8168091
7582145
935832
-9932711
-2699025
-1412055
-444948
-9029969
9374067
5518656
-9310648
-7691322
6377839
-7568449
4735782
-7116305
-7242902
1351252
-5096220
-1037661
1655959
8094641
5551524
-4392336
-3986910
-246490
1149863
-4772813
1568022
2284636
6796670
-8214752
-2668260
-6020221
-3598434
-8734264
-5906931
-6710471
6566064
8437617
-714044
5155935
1816085
-745728
5255001
2773484
-2904044
7775842
6631560
3535431
3142907
2808229
-1399394
-1498299
3448804
4704425
6711972
-5745833
-7796470
-9419988
-6528391
5843444
6770467
4073234
5889930
7896463
7839685
6168202
-3365793
-5641239
6391130
7855006
8421484
-3040954
1293638
-3444437
660746
3658978
774173
815129
-2914696
7168014
-36962
-3078430
-6687278
-6728585
-5446500
-9652017
-4489228
-2461770
5485982
-1821311
6552167
-5447411
-3936246
4077124
1967004
-7455504
1319113
-8459049
-5862242
-450307
3270712
5253560
7770102
5779861
8067953
-8473348
9427196
-1048360
-8901751
-193413
-7093748
9162148
4579659
-2253686
6201664
-7532508
-2976172
9438209
-1623702
-7108024
3665363
9297334
-5846572
-5142569
-5181650
5921912
7677757
-1371475
-9800520
-8665070
433308
6811786
3305102
2523790
886042
-3124074
-122249
9281865
-9680790
-1509878
-7023971
-9275384
-2471893
-4127462
768331
7629582
-5681491
8694286
-2985396
-9764357
-2875820
5290003
-5243262
-4066319
3735317
6548975
-5339583
-7072873
5113072
-5097178
5059447
3147270
-7794975
9728351
8401602
-6471298
-4081341
3271100
-8364242
3262323
-7691934
6937666
-4807256
6464356
5175701
-6325830
-7490742
-4194335
9834893
1848268
-8852801
2406344
-7556908
8787708
6676190
613448
3911845
6959181
4763514
2637553
8305610
1083840
-1145526
-3793292
7057029
1458814
-164435
-7286432
5649432
-9950727
3414498
4980461
-4420033
-5958157
-9530839
3475861
1457035
5699404
3538128
1809660
9701483
3756281
-50679
-2387962
-5380144
526915
-3002908
-5323707
-6931646
7479311
-7630281
2885068
-2182367
-2820793
-1784817
-5462208
5004240
298072
-8836947
-5998624
-3190865
-9604592
1095508
9016994
901481
5557282
-1138963
-8974254
2306776
5524324
4767403
-5860443
-9678028
7015099
-8413843
-838593
-7181760
4404734
2231965
-6428313
3381943
8044818
-7370433
-5560555
-9473954
4665259
-4002048
-9597557
-2291667
-8708613
8673238
4554529
-4092552
6957130
3401423
6527812
7818872
-816089
-7508542
9623164
-7246481
4539893
4387650
-5537602
6897824
-8588002
-5078994
-1392968
-2769171
-696650
-2861500
-3754569
1170883
-9350159
-3778117
-6046597
6861768
7734754
1221182
4619889
-7057045
4543027
4227536
-6020484
1064063
4981336
6954438
-6320052
-3487736
9918807
9962340
8933025
-6714538
-2577395
-1006377
6597136
-7124786
-6486125
3856220
7791060
4222700
4857741
4919412
-3941409
2747974
-6738103
-141685
-7173750
-64077
-1133418
6040757
-9054727
-5883120
9382019
-9673061
161693
9686143
969401
906500
797036
-1374342
98108
3647464
-250000
-4261117
3206335
4745829
5360526
-4410892
1891639
-306743
9433345
-7887822
638401
5063682
7073918
4033309
6430877
-3847523
7862897
-4472194
-5958984
-5104786
6743919
1252977
6108634
-975176
1255709
-2465017
7592776
2364742
-9225623
575764
3011099
-3987905
5505410
6502585
2625097
-1818756
-9032405
1917374
5160178
6807840
-181581
6081075
5856255
5866375
-3234661
4768144
-3368135
-4258360
1486838
-4266582
-4055685
2399019
5192335
5279820
-916993
2918884
6861502
-7510231
-1135693
-8660526
-317494
-8785196
3155731
3182614
-3806485
3905143
-2834715
-6078841
8390444
-6227985
-350639
-6352471
-3601139
6809238
2183232
-4535289
7244140
3003929
-2369917
-8867461
4330372
-6607211
-1302273
5278337
938728
380821
7257337
596187
-5226347
6274042
7662243
8316753
-7409297
-3541248
-6220912
7578991
8107180
-7508105
5813010
-3937418
-767716
-4546685
4301672
-3799595
6469858
5567896
-2472595
-5960925
9356981
-9176390
3214275
7997911
7835143
-9759505
-1077831
8640211
6146924
2289114
9855391
-3477920
-5212416
-8373123
-4499593
-3861888
-2331860
46623
-9321443
-6509834
-5583436
-325097
5294679
1442659
-3830838
6689349
-9066360
-7514651
-8116276
981089
-7332636
-1180492
-9291233
7716455
4121617
5104427
-2634695
347544
-7620704
-171468
1245304
-5102061
-928082
-7021939
-7075727
1809299
-6595891
3228612
8442535
8520572
8836463
-5612285
4824518
-7075963
-3541941
-2057481
7408963
-6285136
6665307
2673643
-112703
-7067734
3674331
7857478
-4867690
319506
-8776087
-2317103
-7251260
-4023834
-220425
-6963023
-4824540
223552
-3929870
-3014814
-9842753
6944695
5394906
2801769
373472
6234024
-2054713
787946
3571347
-9666993
-4967029
4362037
7560954
-3990027
-6675227
383764
-4210903
-1688061
-5003700
-4541817
-77308
2196022
-6134073
2233038
-1228853
3079666
6039028
-1085216
5199838
1708595
4484237
-8482909
3106790
-3940001
1189728
1250700
-3706359
3181731
2695141
1838326
-7883094
8731791
4451690
3099234
-3872310
6964511
1298422
-8950021
7701122
3025388
8387769
9717703
-5492692
2323029
4343456
-6294763
1100856
-439571
-3410902
-3808137
-1029574
2306696
-4416641
6376962
3622663
1635308
-9171697
-9269738
2317119
-9768255
-1192265
-6387573
-9832606
-1106057
1400773
-8277406
-9398806
-5051964
-8539495
-5109343
-3709440
-5985374
-7004715
4595738
7389359
-1733073
-6205908
-3159885
-7805884
-6333043
2066817
-9692339
9884912
-140402
9533576
-7334325
-846950
1776544
-8480061
3153337
-7448159
-9867969
5668882
9836699
-7147420
9951137
5163130
-3841675
2777589
-7070065
-8741929
-3563180
-7264935
-2873723
-3039040
-2534856
-5624315
8402429
-2832750
-9147433
1515289
7619297
5197298
858606
-5349205
6975349
6357753
-3452502
7914720
-759542
169813
-705209
-3611994
8154904
4573585
2099757
8111067
3749612
-8925616
4168878
-2886355
-6272282
8200675
-861379
8397504
-5213558
-1001164
-6313906
-7187960
8888416
7894817
6000044
5196195
7974543
1919967
-7405250
-2281669
-6164319
543795
4774630
-4677491
-2393000
50960
4214674
-5827564
3425835
9075208
-2529273
-6895314
-8175353
1728643
-3705473
-2884319
-5673507
-2594477
3734681
-7337731
4337692
-2964023
-7482791
-1344459
3791274
-4663287
8148491
7947608
8873206
5783422
-1581533
5027074
8142771
4462370
-3246976
1599895
6775397
3758809
4964155
6307955
8554990
-698961
-8788943
-4050201
-3690812
-7666904
2045885
7627031
-7107545
1814757
6428699
-3257370
-5142569
-4418901
5888976
-5796178
-3770442
6595919
-3859436
-7083302
-4734601
1012897
8212460
-2972176
2750967
-258940
5818243
-1110819
4537281
2352303
5888373
-7808906
-1227704
-9561706
5749424
7770937
-8869608
1297815
6990923
689227
3534676
3945416
-5285973
-1240162
1097877
-6600186
5558603
3162194
-9978900
1841213
-4566283
-6214707
4658833
-7850418
-8061234
-3681368
-5916107
3089569
-5844723
-4508362
5559934
6371403
-3107749
1805199
4262736
-8433807
1324113
-2395769
-4018070
8492747
-7556663
-2309929
7992621
2520860
6892318
-6383908
1110684
-6725029
5621408
2183270
1845822
-8050846
-1024145
-603986
-2667931
5535993
-4534100
8034278
6596495
6225069
1580936
-2340782
-3868936
5253230
-6733489
5491092
-1451398
6683942
4652926
-2040980
-6467423
7517275
7811945
-3254052
-9254613
-8252166
-1726558
-4778207
8985955
6822214
-2917423
-396546
-7211371
4310955
-2058494
-2531732
3089453
-4379236
2030043
-2109388
-4595153
-4364513
-3683622
-9148780
-4838961
3896755
-7547553
5704107
-2034392
-6236801
-5635272
9723746
3481024
-1711495
7054832
5741305
9834172
9648168
-7326819
611695
5114438
-3673868
8999694
-158876
-4930896
-4313151
8847460
3338845
5791950
-9531027
4606352
-4358289
8811664
-2022668
5883886
5726191
-2021112
8027238
5467585
6218250
2543295
-7000732
-4333187
-9936026
-3499284
4460002
2972514
-5448976
-3034055
2354251
4135333
2998883
4370724
-3643814
8053833
3795224
9862805
4173799
-4126502
2501066
-8364291
3081951
4936089
-6413632
-7509929
2361006
8256556
4352511
-9822633
-2971061
-1998484
-2029938
1727157
-3222000
-2630638
-2562192
3876757
-2418542
-4597773
-6295230
8980937
7199311
-965040
-5564328
6097274
-661396
-542783
-900382
-3934700
-8389575
8725869
-7052273
5482885
-7305950
-8614459
-5426407
4830303
-6228706
6083923
5230753
7583504
-240744
4283665
4085363
-2956571
8882907
-3713132
7258982
-7226087
-6881475
-9658185
912720
-8680633
1681887
6444739
386976
9166271
6161178
2491021
-2593801
5581288
3432004
8407972
-9440227
-4424612
8241081
2761669
6756724
-1368715
-4281720
8846923
-9744354
2366858
-2004316
2297911
-9343636
-9499980
-9439862
-776091
4037666
-469677
3049838
8195902
5424659
-5174343
2308554
5405196
-231070
9615210
-2850087
8124452
1202944
-753525
2160359
5175219
7170494
416149
-9499864
7511116
-2103926
-3230228
-4567500
4411650
6589014
2668044
-8096236
-8619880
-7500869
-5367043
-2989768
3007194
325484
1112335
3944097
1535840
7841038
8003124
7165659
4753572
-4674153
3589265
4994697
-1583081
-2720952
2267679
4548899
9532775
-6519395
5789350
-7548117
7596829
2795980
-1902548
3885613
-1621560
-5897522
-7801694
3431853
-9849178
5357123
-1199003
861261
583867
388258
-7040484
8487162
9574579
-986477
7834421
-3535077
-7830833
-6922644
6333522
4796730
7650880
-1042158
-5534695
577972
-7869826
1653403
9105055
1812594
-4701158
-9779707
7400078
-8060285
-2539295
1652411
-6423950
9441151
-7109333
-3617623
7872327
7311094
8982029
2027444
8179686
-2080196
1349858
-3846938
6407994
9724281
3152843
-3895787
-7631309
-6994583
-6954503
4298619
-4535093
9009465
-7850101
1883745
-2703730
-9394945
-7681854
2019146
5473103
-8794787
5432890
8551851
-5710745
-2270936
-8824182
5998983
9283075
-6950355
-1162395
-4070874
-5328564
-6069308
5288819
-8612300
-8772424
-1423140
1425494
8302033
-3827563
1072654
-2983166
8266895
-272645
2968364
584727
1573922
-5472805
-6129117
8512877
-3433485
9418441
-996001
8919697
1205015
475294
8248727
7183944
4196461
7049533
4528335
5986928
-8968968
4440852
-7186345
3981967
-6664893
-1985096
-3494637
-9770336
-7560601
1672756
-3645382
7067741
673875
378922
512065
6587766
-2144566
5364648
-283546
1758279
9363533
6202654
9411718
9801914
-5305134
-5025587
4583328
-9208276
-6433523
-1492269
-523232
7270701
196491
3508897
7960648
840110
7098873
7704543
-1484655
3753153
5663665
-371315
-6406732
4141762
-1728837
9755878
-6465322
2833329
6202615
9132110
-2456457
-9571089
4054684
-2076108
2544325
6016133
-3306293
8321587
-7541367
5510009
-16344
7503184
-5810037
1945629
5132975
-3488348
997672
-4745101
-9119626
-1088892
5532150
-5803685
-4511964
5037138
-9831102
146561
2140519
6366805
-2973167
-2141228
8465789
4584581
3724266
9721032
8342224
5617188
2971631
-4737310
-6796430
-2993809
6679119
2040476
-143063
-4654956
-5081455
2890724
-366883
2584264
-7684187
-7823767
1436981
-9824409
1435728
-4074270
-9539870
5174262
-5973575
-922872
-8281476
1585552
-6015247
2124571
-6403490
-2810093
8397708
-1799084
9110214
-2042332
9269717
5524806
-516063
5643604
8728383
-7467817
6718555
-9314078
291436
-2374341
8356088
1618145
-21656
7746392
-2701604
-282954
-7880864
-2576440
-3189871
1902444
2524866
-5123582
1877219
-1432687
-4127846
7333339
6412580
-8879931
7182227
-3672211
8089220
-496343
6276393
9583115
-4351488
1169870
-2043867
8943621
4338203
-2141008
9869350
-8249177
7979328
1485982
6267156
-9136795
-5380206
-3612163
9441017
-5421582
-3080422
-6873624
-7343197
-9378264
-5803701
6347101
-933096
-3131686
-9595149
-842296
1501143
6388946
-4909063
795930
905505
6378503
-2108452
6661445
-4097158
-4735486
-1696229
-8868819
-3949985
-8505655
8039738
-9905882
8307925
5339100
-349641
-3442850
-6617585
-3666017
-9058241
-2961790
-2680132
4705728
6546660
4551436
-6731252
-1576716
9574355
6872048
-7012147
9324272
4733287
6663767
7943838
1404182
9592803
-9150715
-6466407
-6453236
5084668
4823788
-5172672
-7896207
-4061877
78061
-1099094
5752519
-859897
-5834885
-7377024
2449136
5087203
6046644
-9785214
-676846
3099779
157182
4611188
-8817655
3280014
7935063
-4817756
4902844
-4179521
5821384
6505036
2523340
-6858023
545197
8294760
8766601
-5269971
-1209703
1515763
-6601923
-6571153
-4700711
1032473
-2211598
-8280714
-5500110
5320555
784188
-3904330
-1542771
5654151
-767738
4965759
-8936520
9058283
-8080862
-3256796
4563597
-1202587
-6815340
-6730042
9976159
-7069147
-6314843
-5363414
-1619068
8094484
4285679
9245627
3222845
3712099
8880588
-1229719
9418385
-7647847
125048
-243646
77209
1049651
-3373660
5588483
-3418808
-1739580
8278821
4597189
508243
8008975
-296449
-2066084
-6610031
-8740739
-5478977
1597128
5371276
-3826957
2847556
6661083
-309814
-7718761
-5292272
-9248681
5745945
-3376846
-4351640
-7059093
6018369
-7043810
-3618206
-3770903
1189451
9232562
-8577407
-2742871
7620868
1633209
-5585222
6622088
-4273292
-7070512
6541880
859488
-2405625
-8234063
-6430278
-9561433
8614856
-3145059
1081529
8409889
2253291
-2624352
7065290
-1762708
-4121261
-3468246
5442609
-7759916
2511518
-2941610
-9589121
8071080
-7006902
-6927556
-5430289
9189313
7217701
9772129
-9967357
5912136
9390479
3062965
-4199624
-6070541
891929
-2643839
8993142
7875650
-4897489
-1235291
-6826713
3799079
-5542043
7936083
-8947024
6683318
9624871
-1764613
-412199
-1386530
4303353
-2041532
-2224851
-3438881
-938426
3183577
6384552
-8023873
9018725
-4902186
401885
-3236256
-3948281
-6878433
-9748026
-3770623
-5135966
1959722
1077756
-8933472
-1744018
-940301
7380606
8254174
1270383
3996578
-9201620
-1575854
1715639
-2617573
-1401091
9159036
-2927427
-466339
-462778
9462442
696326
-560864
-1565008
7964810
195459
8448317
-5071232
-4642532
9926542
-3363498
3136785
-4706032
8965859
-9071521
-5793755
-2594720
-5526467
-3769712
-3888449
3864697
-7788276
-9265605
-603399
-8837565
-446197
5508572
-5016314
-1580075
-8271409
4215731
-7564014
8515646
5897765
-1731154
2717553
1601573
-3271667
6832858
-8795779
512924
-4971085
205406
-6947689
6476342
8802048
7268939
-164973
-7645090
-266326
615795
-9304133
9604990
-1372299
7640934
-7740517
3436802
567628
-9848336
6609913
2627537
-9933076
-563280
-3138090
9771587
2243947
-6416658
-3551383
-2766359
-1441397
6181819
-1954776
-488358
1306748
-5587433
2405521
6690054
-5667586
5357029
5161020
-5012469
2873864
-6623357
-965042
-6990522
434773
-8700658
-1085233
5494958
-6023303
6753903
3502695
5418370
8616962
1464899
6166910
1566507
4960402
-4455358
-1559103
-5266803
-6419108
6978567
2947865
-7189141
-4942203
8212275
-387141
-2158227
8195405
1202015
337604
-5888201
7759672
-6649155
-1079601
6784334
250370
1472490
236938
-1907954
-5370821
-3273370
-5305724
-7450540
3811219
5819363
3040598
-2440648
841147
6345930
4564455
-3100484
3835413
1823803
6284834
-877703
3557805
-3595324
2594977
4073593
-5585583
7003784
-4646393
2085441
-7127313
8449639
-3450971
692698
-5674592
-2426406
-7366421
8840724
-7273094
881558
6966205
445442
-1517079
-2740997
-5704880
-6957515
-4770219
7487900
3910391
-353711
7975947
-4934976
302400
-3642848
871507
-3068000
1506978
6289255
6325635
8023667
-1880852
-243864
6855197
6445643
4907722
5032817
208344
9069452
-483694
-9009715
7355556
2069810
-9258823
5384035
-212598
-9861389
544186
-550463
1305752
6963954
-466773
7436562
7019428
-6712945
-7384425
3402795
-7357786
-5442416
7072627
3666200
-6208490
-3454890
-8641087
-241545
-3348156
9944844
-4451013
-6977748
-9735321
9086573
-9435940
3789889
-5369837
-165215
-100644
-2398078
9370062
-2130698
3331658
-3578039
-1959276
-6352855
9335810
7927475
-6260104
-916959
8619221
-9577165
3171066
-3182052
9509153
8881103
-1059993
7613372
-2411812
-2093477
-2857748
6913016
4894317
393095
3068843
-824988
585763
-12017
-3886289
9523849
-643763
-4469395
-3071657
9568171
-2519655
9862858
-1496666
-8731154
8513957
4912139
2063146
-1109195
9754429
936232
985197
-8212382
6272366
-7908856
-918517
1351986
4449892
2333090
-7660553
47962
3848078
-2318564
-9672360
-5098437
8457414
1732941
-3741742
437457
-6865926
8439504
-8376255
-2713605
3544583
4695214
-3761576
9566188
6068015
1287289
-2948190
-4984701
-3687153
4415840
594659
3926207
1605247
9792663
-6824822
-263979
-9483700
-1576547
-1429337
-4398751
-6041744
6213358
-5587120
3126027
-1209755
-8845893
-3349285
-2202757
-3355168
-4727910
3943144
-8241115
-5938718
-3022173
-2335693
1851670
3150272
-543337
-1756518
-4202271
5276575
6910494
3228653
-1009552
7110562
-6214424
5611162
8339330
4965764
-3265213
-6757953
92043
-2206852
-3969163
-3748081
8988995
-6104623
-1342877
-9978199
1346504
-9305050
3905001
-877736
-171004
-3575466
-9754426
9758334
1477583
-4815206
-3405086
-7805521
-905052
-6817332
8000360
-6162953
-2669918
-526611
-6311733
928307
-7753149
-9273521
9770556
-7900433
-1405837
1759492
1078767
7145776
8776890
-7925392
-6501484
9359536
2853981
-8333843
-6695343
-5219503
8779190
3810905
9893469
8817479
9316250
-3717181
8645188
-8157986
1539018
3324892
-6670058
-5133380
5228180
9742944
-7506908
3441039
-2119244
-6287207
9975570
-5766942
8323100
3445555
-4226373
-8514971
9485051
-2655205
-7890460
-7317424
5346407
-9401513
5106798
4682275
-7771434
2257769
-7371983
-8972752
-3558597
6765310
-3537400
5935145
-1819894
2455392
4548807
-8368177
9293416
2617793
9460817
-3458496
-9255431
-668893
-9313587
-4780448
-9629847
-3141302
1603353
-3003180
7014675
2084791
-2389816
-5504469
1381999
316431
9295720
-6330645
-1243872
4979297
5835610
-6745627
8580956
-9488893
2753283
-7691076
-9227746
2668504
-2176136
-6458569
-4090652
-1677368
-7744245
-6171961
-4193088
-6869547
4970955
3662336
6724644
3781448
4084624
-3953184
9154648
-7174946
-9878649
-477801
-7767679
1156626
5411988
-5288288
-1746126
6064328
6829608
-2087726
-7769607
-2577934
9092893
-3128286
3894973
-9977931
-8115373
1702470
3734116
4481696
-448165
1862093
5427857
9310751
-3969627
979481
9146675
-9909493
1410949
8044754
-2128374
-7830892
2249916
-8916090
-9554608
7519867
-6601737
-3021125
-9298410
-6542982
8028077
-6754573
74025
2171790
1858757
-6170577
7805805
6576064
3123016
-9347950
5918667
8213755
-6381704
-4511292
1386337
-5239644
7232286
-2724508
-453631
5906063
9774721
5583193
-6091843
2348124
7617685
-8437941
3341715
-3274671
-3701428
-5973092
2461550
-5608085
-4710710
-3596864
5229219
-4958254
5574314
9509531
-8191749
3863143
-135581
-6571262
8257696
9437811
4108120
-7573533
-7435210
7855091
3654063
4951242
-1997229
1206381
-4495090
-2710178
-418388
-1960331
447147
-5675256
6628110
-9785585
1366811
8909187
-2594181
9750919
-3282064
1813699
-9866758
9253829
8003622
8526854
-1507217
-4159423
-2244939
-3682210
592758
1865161
-6432794
-2232295
-8048128
-6362632
3548009
-2755025
-9366611
-316985
-6971079
1131392
1068571
621849
7966771
-7699111
-2780413
3730398
-1164805
7646855
9721124
-2167208
-1480942
1652127
-4964520
-6357237
556529
-9306086
-8259277
-5882056
-1437518
-6006717
-3141090
-8512273
-8409057
3760055
-3345395
2184900
-6774375
-9722240
-2834088
-6045165
6933837
-8026467
-9473140
-7070969
6847128
-254763
1158916
-6434774
6343099
-3064969
-3758690
-1229208
-277802
1780362
9481634
1445800
8845528
9522774
-8754229
-3616994
-6670538
6084055
-5036008
3136827
565504
1630641
-1063047
-6690746
654183
4494481
-3083066
-9850247
9151990
4425930
-401478
-6686183
-6475008
9381250
-5785179
-7934417
-7560056
3512252
8829739
4107190
-8193460
8872388
6326682
7108227
-9441382
8521166
993753
-780662
393020
-6104341
-8650274
-3996087
2277139
8244929
-5630358
3728751
36854
4363383
-321337
-6456340
5491374
-2196868
5619285
-2329180
-2483546
-7416852
1131319
-1895581
479316
1091566
4585992
809372
-3094060
-7378661
7766963
6307057
-5372651
-3205846
2599436
-72432
-5834737
5686718
5908987
-6171440
6540243
9373618
6888851
131804
-7746043
4320013
3215106
-3107378
7739514
6898085
5413524
4554976
8028685
6992066
-1758980
-397425
6363628
3173048
1939349
-8379196
-1545266
-7715319
-1932172
-7957003
-2724713
6497642
792036
-8800376
-3491679
7351284
-174438
5703321
1274744
5633944
6066616
652157
-1852399
9034837
-3074144
5417825
7818472
-9924561
4299515
3922859
7549104
1915473
-5058647
-3803546
9648214
2862362
5593053
-7636453
-5458411
6070404
9748980
3031590
8439096
-9462021
-7153751
1597371
1661674
-8997536
9541998
-1385943
7847926
345348
-843239
-8284660
7149643
-687129
-9943128
9582450
6645621
-6238447
5860727
4650060
2734162
386282
654178
-7751506
3606721
9212090
507990
-7234124
-5493260
138944
8457423
-9804358
8217929
9910900
5829337
-2080101
-4522486
-4777369
-2085053
-2342415
8863879
-9651258
1783378
-7125787
4459260
-8796308
1294935
445400
1674327
3435635
-8836791
8780467
-5681854
-5495442
5175669
327283
5727234
-9123424
-3909957
5633404
9433637
-447720
7666238
-6484176
6876737
-2676036
-8210299
9233021
3180440
5201650
-1409462
6831565
-8389962
6705940
-9347388
4968620
-1758000
-621159
3378064
4034513
3729187
-8832181
9628919
6874142
-2544456
9445283
-3012491
8395685
7873218
-7007529
-5796363
8804918
-4805756
-8346524
-5088515
5240790
-9878155
2091554
6980883
-6251760
5892695
8552715
9881163
1713619
7700700
4111841
-9414315
-3223369
9212696
6758696
8783460
-5213847
2471008
4158897
-4694541
1189647
-3783134
4758784
4746109
9968056
-8475276
4239234
3566865
3724798
-3233345
-8480327
-5875156
-5688339
7342087
-2078140
3678134
684794
2336424
7350017
-596358
-5271242
9589020
1089419
6943777
-6284200
-1506911
-1322680
-5544308
-5281096
-1688383
-2778393
8897934
-2431686
-6416789
-3501906
5355046
3561559
9478837
6181083
-2268583
-5507542
65230
-4621182
-3277833
8947127
8522284
-5039800
4434295
-4347195
-4047516
3187387
-4583803
6900085
-165808
5982357
6792282
226056
-4688705
5820016
3179583
3856843
-9239494
-9383980
3883036
-4472953
-2834581
7627906
3849186
-6927638
2288305
4745720
-4825085
47355
-5331119
812159
-8374374
-1179121
5995250
-2316254
8702801
7752162
8973201
7928247
2650660
-5906900
-6904195
-7076976
7090868
-8493983
-6916470
1578187
-6731638
-8067937
4387655
8089455
-2488990
-3752315
4688440
-3899089
2116213
5744356
-3533209
6496388
-2921223
-2037823
-1284578
-6886801
3179654
8912750
5017535
345578
-7918694
-6475604
4836349
166861
5168421
2613671
6886186
-9524307
-8017538
1751829
4871923
-356890
2486450
-1077460
5486882
-3552275
46284
-1517386
-6855455
6116375
5491571
2508321
-7890190
-4302395
-2353487
-1708577
-32013
-9569986
-7099026
-9784781
-8924461
-8624252
-7033377
-6110214
-7092963
-2827564
2292621
-3022719
8278954
834612
-1638925
-352048
-3388501
-1108969
-7824200
-6719237
-3271356
2793624
1869598
3869928
8695106
-2080519
6059714
-7107044
1783400
-7159146
-4948302
8251444
8836531
2877323
4410744
4071032
-4104639
-5444542
1595768
-1872336
7261949
-3543286
413388
9050318
-197143
-5294201
-7802249
-4314937
-9932522
-9874881
4589580
-7643103
4963194
-5156584
-2566016
-3955898
7970886
2156539
8142626
-7105551
-5950467
-6319816
9340037
-7716376
750294
2681510
7283223
-9682721
-8815919
-3328475
3815807
-7395812
8926539
-4858363
7969094
-1824609
1839539
8876773
-5441343
4783808
9257895
9008005
1229538
-9277450
-5162273
1661527
-4185361
8171093
1881732
-4729528
-3177130
-5543386
4259148
11400
7383512
-3280725
2860127
1433087
-3262126
-6373196
-836212
3997954
-2938747
703600
9852196
8207844
7035796
-6933447
5433158
-3940495
4870921
-9845880
1663248
-9803314
-4120363
9918519
8149397
2980100
2680240
-4901642
-5484874
5563993
-3429910
1650971
-8877880
-2887801
-4516373
3334155
-6037366
-8676239
-1083483
-8293769
3902619
-4468374
5956723
-442977
6771611
6455829
-1289664
-2684894
-7252884
-4582975
-1976825
-7284569
-9401344
9292518
1496074
6083783
7874620
-8223820
-3455481
-9457023
5953364
-8789117
6577427
-2006314
259603
-545873
1110793
-5262005
5249792
6459791
-8937380
-8973780
4111926
-7178273
-7062875
621722
6330339
7529289
-7854725
5995841
-7795100
-5669181
-1687373
8476732
-3868196
3110820
9017363
6190646
-4574265
1038207
-7048471
9421125
-3563347
-9035425
-2127896
-9093411
-4819147
3973309
-7919712
-7795978
-5983010
6726592
-2402872
-3313881
-6744948
2650340
9589336
4784598
9462387
4793495
-3382558
5961474
3277012
-9831832
2764411
8875598
-4592833
-765421
-8387550
-895088
5482957
-3927539
-4015256
4300211
-7119614
4922142
-6485937
-1708996
455405
2236105
-3771316
-1396494
4935693
8111529
3343219
-7210173
4584173
-1979893
1766927
4559326
4434582
-4960949
-2956047
-5769844
-95144
-1259637
6818764
546046
-9137429
-9090369
8706686
-181362
-4527267
5449370
-5467419
2151426
-7643038
9313322
-3201856
7126675
6011685
-4183975
-6731535
-9538509
-5277504
-7649017
-446744
-1974106
8484131
-1622372
7211057
-8469503
-2447185
4715793
-2652161
9920997
-4528277
-7411648
-7191927
821599
3723938
-8283311
-7850264
-7899385
6698250
5230782
8045784
-519899
1363352
-7182886
285199
8685107
7931609
1843639
-9291541
-5493552
2999566
4673844
-7525298
2493484
8057696
-6213951
6111474
-3702214
7053567
-6383757
2815722
-9097877
1323582
3923434
-6033465
-8726819
-6633887
-9588878
8284799
7541
-2795885
5184334
-1585180
-401378
1647414
1350299
-6085017
-3140421
-5815533
4428297
6668652
-8301917
3899769
4280945
-8622729
3729019
-9772746
-3521295
7996122
-8227821
7550251
-4613184
-1795752
-9635242
5136139
-4571957
3214802
3052360
1730670
-2854406
-7701679
-2448455
-4266871
7406240
4929012
5013771
-8575411
-2604891
-7203190
1347724
7120339
-7965940
-8519992
-7945579
7880436
-4222545
-6069891
7384856
2778352
1265881
7798960
-4638926
-9787628
-4792644
2805261
623240
5002518
4780353
-9621601
4781577
-3770283
-3095099
-4990559
3159733
-9671117
-148556
7763362
-1390791
196110
-5531673
-1331944
-7043282
9282568
-7881734
-3868982
2579527
-3277302
-1123336
673954
-2028473
-1078699
775905
9646098
-9688883
-832909
3260374
-1077409
-6819003
-9209213
-3590554
-2437124
-5106970
-6900812
7277440
94196
1137102
-4638405
8710251
2025338
-9138861
-4593608
7373714
4168906
9428171
7295733
-6925298
-213412
2484341
-3163185
5971532
-2915581
1665204
-4531076
-3854244
-6039442
-1182213
-6350486
-6577631
775179
739274
-4319421
-9048385
5851714
-7667658
2015722
9693643
1703144
4713929
-9546270
9952970
1244462
6223817
-2696413
-4327945
-5400643
8391625
6332954
-7897642
-4762752
1037436
2276360
2429033
-4045623
3641951
3128545
-7862658
-5686265
1488936
-2904787
-5861475
9945537
8955117
-7431552
-6548938
-8774206
-1553420
-1914426
-3114885
2518484
5010892
8747709
6869648
293136
1141494
2871433
4401891
-3202790
4057377
-60210
6637535
1237351
9371245
-947943
698386
8469933
4493155
3228441
-7063002
-3586078
1476467
5221525
-1606326
-4418754
-763826
-1252940
-3138627
9522255
7696943
9513812
-7237670
-9893761
3087388
-300325
3871599
8337342
8756508
6764055
-2730001
2337637
-5762204
-3091385
-6052003
-6232023
150635
-7136213
-9598338
1870005
511671
3003647
-849905
-9543121
6008815
1858845
-2769463
-3680994
5439162
-5255262
2710536
-6265811
-8617041
-146777
7249551
7636658
-5047672
2993350
-90232
-1289979
9689914
-3604707
-4743313
6596259
-4086246
3818985
3191434
-6520068
-3535267
-6439417
-4319104
2328498
5916609
-2869391
-4146176
-3587470
-5633176
-8218676
1745471
2974258
1497314
6364691
6180452
-7988486
7018653
6065041
900153
-1065914
-6124456
6812874
-2939178
4402927
-7363219
-7353066
-6899824
-7097088
5174680
-5580796
1444689
-8429092
5088632
-8105005
8610594
-8071930
-9939057
-6040119
6787054
-5035647
4289824
-4130515
2588422
-5513406
-5396299
152598
9760496
-8377282
3869621
-9735160
-1288737
7560327
-5012024
-2041433
6069161
1400979
-4532492
-6927406
-3425549
-4465207
595635
6361738
-3101399
1004506
519103
9343440
-4225489
588659
-2064503
-2136948
2928551
276955
-9569206
-3821316
-6519180
-7753751
7790149
-7546555
-9686801
5309849
-6842565
-2913496
-453111
1898693
6448646
-7339119
4190689
9484610
5876049
4781592
-2197815
8243177
-5038350
-3164943
4480260
-5754890
-3928253
1508921
2116313
-9060991
-1091331
473047
6190884
-6465526
6699736
-361558
-4082056
4430033
-5776119
-5857011
-2650627
5733402
7054056
-892219
6418418
3272332
-9649626
7452353
9389037
-4789160
-6576716
-5339478
5350726
-9728711
-7107152
-2123301
-8073099
-1902929
-8625218
8189516
9684308
545318
-2541879
4266515
8914610
-6708154
2278520
-6683988
-6072243
-9393430
6164418
-9597696
-612441
6098385
-7658262
-5099228
177164
1064074
9502361
1520552
-2184745
-3310190
-4918522
-1948935
-7392675
-1710817
2796670
9322137
1549316
4810659
1467947
-4168033
2322808
-8368722
-4249731
5904461
8679564
-7110824
4762096
1996175
6066117
-8224860
-720233
-8114374
-6646418
4315497
-9088043
6862891
6306520
4947985
-4739756
7268943
1380281
-9992271
-9790914
6555104
7833094
8712822
-6456090
2940646
1658535
10086
1944261
-8292504
-8646461
-5450177
-5441103
2207271
-6132840
1808355
467336
8734671
-8493856
-2378494
8787044
-8503489
8511050
-5747281
-9897391
-4744506
-4825546
1704280
-918934
-9287056
7928177
-9075847
69921
8576457
9028845
-9791083
2848162
-8686310
7318219
-3066980
-8023206
4934063
4427710
-3373587
9222913
5216543
5596281
9479690
-1363868
-2664923
2706945
1720954
7949416
6505157
-8621329
-9448633
2549405
-5993014
-6564596
4926595
5804063
5077964
1073188
101488
7746598
-2023773
-6855113
2025835
-5679618
3208294
-5005102
1911693
-3649366
-8558868
3891635
-3931618
9330826
-7858683
-3678889
-904618
1603856
7680625
-2561819
-8903676
-4154953
-161075
-8715700
-7293038
3881861
9694549
-275700
-9339368
8734054
4898078
-5782257
-3722507
-3415436
-823480
4589406
-9008321
-9676976
9391581
9300463
-3676753
480425
-1661289
-932234
-1367817
3165724
2133997
188493
8928103
9542206
-3600003
3752733
6202999
1375998
-5802058
1778655
-3946022
9824974
-1609075
881923
7121159
-916973
-9488316
-7905733
-3526577
-9340812
-7313547
5138161
-8511621
2966456
4842984
-9383632
-6995650
1085449
-2715566
8142907
-6796497
-5989830
297767
7529878
8501745
-4552718
6108712
-2882610
-3078558
7663796
-3111373
7623033
1088505
4843470
3936991
-8695206
-4568512
3896075
1037226
8171447
3860966
4626148
9162557
-2175318
2272017
7777348
-1092732
3007160
-3970912
-2290949
8205416
-1385584
8707568
8712327
-8264042
6759094
4343070
-9258861
-3283977
-1259014
1396512
-2781754
1492565
-107892
7974589
-9874981
1166269
-8801951
3156829
3761452
-1706476
5755574
5367206
6656567
9851913
2972598
3433761
217779
-7677434
9647377
-7649094
-7439825
-2749916
-2279477
7347620
8665626
-7158732
-8549524
-2277314
-531484
-9855715
-2206325
5516835
-519647
-648528
-3293591
-9835818
-8775626
6537177
-7092710
-9940388
7503887
1574666
9691427
-1898117
2131920
1939353
3914256
3127963
3824759
-7069678
-7929254
-1862988
9354735
-8329314
7125501
-2825763
-6998493
-7297473
1297859
5538164
9089756
8947198
2641667
1027805
-937661
-2405586
-3941226
3072649
-9362308
-330365
2975328
2234777
8907709
-3668692
-9590483
4085200
929857
4665855
5160743
6365974
-4507432
-1414745
3278271
7885810
-4643112
1405506
6507846
9073866
-911264
8660494
3608885
2559476
1629528
4531374
-2640814
2885989
-5840756
9134820
-8805556
6000498
-5638216
7536137
-326243
2746766
975278
855012
-610241
-7069090
5875264
2460989
-8648528
-6823452
7081587
4129417
-5304215
-4798192
9813338
4513614
1642
9359831
-2776770
-7468591
7100739
1830904
3807606
-6053298
-1310565
-4573426
5129533
-8430942
-1123053
-9464870
-7850097
-2681645
-3730347
-1614547
-5839900
-861929
682541
1913948
-3687297
1876608
-9927593
-8698097
3406945
650046
2868568
-8298827
7169536
-9028575
-2173537
7320591
-4693272
6891798
-4663919
-794687
-4535023
-7028152
-8552690
4602354
-481353
-3951565
9340472
-610475
-452833
8297898
-8399995
-9050585
4771830
-7826333
9583408
-6116084
7139041
3938691
2680388
2190179
9230309
351
-9200503
6391821
-3208570
5479385
-6780530
5625470
4872026
4292760
-177994
5874467
-2824836
-7686582
-3569853
-9303591
-9697730
-7311646
9426860
-5307885
9263495
7122288
9148502
-9448022
361243
-673336
9843101
-2761876
-6256929
-4874092
-3966698
7883133
-6848279
5257297
-3424242
-3402095
2566004
640247
-2657271
4189063
3945105
-4751639
-4942765
-3686940
9172363
33147
8264787
-1522950
-6854594
-1889294
-8016594
6425534
-6130395
-5755349
-8162876
5697802
-9729522
88687
5895602
-7624102
-8985841
241089
-7318326
2063268
9225755
9011941
-6505846
-5763898
3417486
-1008935
2716310
-6177487
7180899
-7041619
4280814
3291328
-2290531
-4071007
8145082
7267723
2178747
-9357402
8245651
6861651
-8437548
-6370688
4285688
-7705651
-8580087
2949764
-1363223
7597377
-1402556
-7053168
2003295
5470968
7837023
1328854
-5511851
-1052405
-9660640
4180494
-6225090
5023595
-2498983
2600854
8343975
-587326
8523317
-3689689
-9491853
-9720052
-5893147
-7655029
-4196118
-7397561
-1888238
-7983707
1578284
7689609
2483157
-3973535
-3965764
-1643735
901236
-2934337
-7982479
4960972
523881
-1461932
2707271
877286
2658656
-1078294
6243432
-8398275
7123802
-1394372
-2633863
-235110
7674287
-2513845
1347400
3305173
-727770
-2379573
1948304
-3591390
8449176
-1814983
-9050908
5577884
-6259519
4258381
-3180814
-8643446
-5500594
495355
-1273009
4591020
7178576
-4874948
1676524
6659364
-4166034
-1004277
-1404226
-1497552
7733405
1122738
-421203
-2403810
-7109318
-6415426
6555390
7856417
-3387308
5530645
9359561
5441374
-1163265
1608995
5746625
7306946
-1084370
7751740
-3859851
9744120
-9960358
-1241524
-9975497
-5443736
8715507
-9947861
-6637038
-1669901
-5244868
4152235
3332431
3924846
6116162
-6209489
8354607
-633071
5015911
7883463
-8777828
-5590788
-6855328
-5053470
1891377
-6499805
3744554
-8358947
-4144152
5365763
-9754402
-6728271
4876224
1478731
-9224567
-923770
-8197534
-1631221
2463183
-4312122
-1980186
-8153313
-3845451
-4201096
2388426
331539
-8753400
-9047769
-3337429
-4142177
-9122429
7598195
5074927
-3636007
7608794
-4035758
-9390788
-8780684
-8784046
-5189091
6617492
-7971933
9549474
-2038311
8388055
-1212464
2934624
-4651998
4715705
3670575
1627994
-227511
9892910
1283956
1366223
9664279
-7698582
9527805
2133950
4427745
-6148837
1439048
-9367067
4646900
-9145579
7765611
9447451
8022992
-6984509
8861369
-8177880
5305290
3948412
-4308689
-223502
4095935
9375928
-6422989
3845146
-9472297
4825638
9754067
223882
6842674
-6152039
598545
-4026479
-9161759
-6884600
-6321097
4204675
-2252936
-1312913
-4918571
8466094
4408562
176052
6899775
7835338
4950652
9080099
8618212
-1750028
-8251271
2719416
5814602
-3177948
3760437
9818718
-1892054
2141490
-4069522
-5343272
-5333288
2197897
1107095
793008
-2822932
-5073941
3481117
-9757693
-9442014
-1293881
-8217147
1597179
-2996227
-4102453
132249
-3234663
-4555804
-7756237
1806738
-3862819
-8798787
-7390813
474149
-6974814
-3670532
-2649830
-893034
-9894262
2537201
6186903
409819
-3398075
-7276376
1379193
-9960804
-3278420
-233946
8172993
-2691212
-4985989
3186003
-728832
6261839
-2907553
-3376264
2901872
5212450
6536094
-5215162
8549877
4950047
9092622
-1418025
-6048424
-7885979
-2560703
9875946
-4283645
-1672804
-9627637
7387124
5470666
1525752
7568985
4962629
-502319
-3350817
-9802778
-133237
5846512
-758078
-4381733
-9923864
4609093
-5196470
1498789
-5861185
5530021
-7343035
-9360045
5830875
7634474
-861687
6187991
7895998
1305701
3152438
-6355984
-3946107
1735384
8942231
-7359367
-9550389
8837755
510724
-4248114
-3213595
7891847
753938
5940440
-2062279
5604149
9915633
-7681127
-4301693
4478311
-9136579
7871736
4626643
1176827
1498748
7399231
6084008
5474615
-7976308
-947865
2843818
6271389
-5565310
-7758432
-1217376
-9135803
-5203442
-4616061
-5103021
-1292448
-663573
-5334140
686960
6818245
1255864
-8801842
-367032
1591025
8110179
4862013
-2269158
-1740952
-6087938
1964502
2163734
9303987
-7974124
-8161121
-9296839
-4492466
9422094
3325082
3288414
1722853
-9744115
-4652379
5106784
-6280535
8681688
8846460
6601227
9990024
-4007919
-2983099
9602890
-7123009
-9384244
-5023886
7341021
-3315624
4187102
-4783134
-2446092
8562696
3113402
-6679077
-4856714
5663422
109922
-8042715
3530912
6220134
3278415
-5681687
-2551950
873814
1693771
9166798
-5829625
3252596
1168827
-4044574
5808324
-6924430
1215907
-4434935
-7431389
1309570
-1894564
8815221
-3537454
3445907
2643497
-5367034
4012115
4124192
544123
-5544229
-1801548
-3854679
1603084
109950
1679975
570020
2403409
7119505
5934186
-6999468
-5333199
-9869213
-4089886
5332060
6250398
-6431274
6875972
1958487
-6084381
9424834
8820191
3959139
3915486
3309111
4783331
2262225
2516942
2355264
7983084
-6894538
-8804833
2892664
-1057558
-1527239
2685397
7091997
6098233
-8472977
-8476380
644655
-2591045
8568349
-3938532
-8989503
9211176
9945075
8749337
5452984
2845832
-2314377
3421491
-3822789
3452502
4429733
4216234
7988895
-733716
-7776956
-5247528
-6886254
3131564
8674619
-4462721
5818
1727287
7935287
-7477692
-4875932
8930659
-8937601
2934556
-8786121
-5074997
-8186412
-1173730
1140298
-6936994
-3784353
1667891
4519798
2854261
-5140565
-6568450
5367534
-8565471
-8163609
2472922
6886557
8692781
-9693557
1222675
3568604
-6775463
8272329
5940752
7979957
-9032476
-7804662
-3181831
-4385229
2050131
-8249897
8641589
-5927736
-2646149
-2006197
-9298831
5359504
3083745
-8210507
-6944020
2463218
-2758022
8304702
6069973
3712037
-436885
8774822
2026076
4167155
8482495
3073861
4148626
-6347084
-2495279
-7469956
2719202
5113793
-2560412
-5589887
-1528577
-6512539
6200355
7929038
-3662756
9713012
-3158727
-5763242
-2668846
-3115457
1850536
-7542682
-4848625
1393197
5561801
-5972254
2695405
6895957
2034830
8068183
-5534892
3733656
807085
1608376
3110039
2358585
7848734
9298728
1803203
-543250
-8203767
5947059
8840288
3321992
1642241
1502961
-848422
-9826593
-5639013
3752139
2465302
5264940
-578439
-2618433
6805102
2090087
-5048316
-4645475
6052725
3065680
309929
-4213547
-7129123
202340
-7586694
5111147
1074536
9296105
-3754372
-6889791
6823703
-7909057
6887631
4161987
-850226
7418084
-5979430
-3734186
2294816
2006923
3450591
-9250142
5531240
-5937657
-161199
7476562
5882908
-2625295
6739227
-8510051
8863585
6443994
-288871
2371682
3537451
-2729283
6508450
5745879
-3432190
5754139
8384050
2883289
2382707
-143199
-9249287
-2233187
8231551
-7602422
-836577
6961141
-6452896
5862694
8080361
-6341796
7130489
-6576345
1239831
-3722496
5908509
-2365560
2793157
-1950496
6240869
-6044654
5273165
7547314
-2896871
-2047341
-2718014
-886310
7905126
-4766709
5025246
8207223
-6025560
-5952844
-6961694
5971473
1083878
9600224
-3850800
1500758
1393011
-1251213
4772811
-6883722
-5679840
-3917552
-7595351
142101
2163120
-1366384
-4382654
-2891971
9015253
6460536
108564
-8431728
1665503
5137489
3814483
6691676
-3878011
-4138149
2593526
5725037
5038167
7076254
602880
7796874
4906363
6548417
-8503596
-303963
-1281888
-3150186
2834945
-9219203
8784263
-6945511
6883896
-6349109
3986812
1075014
1792014
-9980391
-7136499
7464912
-6688555
-1709128
9509382
-7542882
-797334
-8073873
-937667
9528359
-8529196
-2773556
-1299698
-864468
9912771
-4674576
1873474
9364204
195431
-8714437
7972501
4997324
-592661
-3758482
-3334280
8087564
8989687
-1256081
4042663
-2052094
-8612997
-2965248
-6469703
-5955785
-2496566
-4240376
4215843
7512672
-9746050
5634359
-7032772
-3281811
1864054
9603017
-352148
-6202024
5809614
5319610
-904640
2692367
-8432240
6192398
-7865118
-9761594
-4837716
5004366
-2482535
-558067
1099498
3637523
-8988723
9223999
6646593
9703543
9374255
6300107
8499074
241400
3585890
-3784009
4695387
5402381
-1751387
-2807379
-7433011
-883753
8733500
3466821
7992005
-5587883
9334997
-438232
3819482
9896847
8742232
7385533
9465200
8554038
-7807621
5956162
2162204
6195690
7232875
-1169342
7328947
8860792
793833
8923061
-4600511
-9542697
1452818
-597771
-182027
6767991
-7750048
5062913
-6144914
-2952231
-2434547
8134941
1486332
8484080
3558147
-5416170
1326064
469514
-303985
-8051759
-1054437
5188150
1213978
-8916678
7321439
3614958
-7214655
-439078
-3622360
-8063088
1332702
-6498660
1578170
-7332835
3660734
-9756212
2633216
9453030
-9189608
-7114995
-575013
-3211003
6843910
7295388
3506112
609386
-1691046
-6845732
4891665
-8965751
-4761937
8406272
-8056632
9132909
-3121445
1694191
6645872
8200355
82584
-9874317
2949143
-5902010
-802296
9163198
-9161248
5261067
-9826726
-6948510
7134980
-3280304
-2072043
1432006
2543251
-9122452
-8391426
-4087770
172560
-1952981
-6363746
780709
1761816
2568216
-4027149
-316405
-2894400
8844584
5055995
7273161
6105161
-5391419
-2768531
2069630
-6480244
-2545742
5333080
586470
3608233
-7017904
9644544
-2315891
-6608977
7022458
7404149
2122095
6047939
-8781887
-6141017
-7076218
-368099
-5973153
822110
-7165822
5987156
2294250
4938608
-5002084
-8294804
1144507
7971778
-917214
9807928
-8825281
-4195128
-8550938
-7059796
-5253799
-3169547
7615441
-6207255
-2332640
-4810086
1967017
2834771
9650598
8380904
-8915972
5306786
-8629835
7025529
5363092
-7829864
2011933
8914258
-9087247
-5684169
-4884078
-5943267
6716009
7768095
7573037
7641358
2651441
-5259574
277977
8942238
6132511
-6823487
1243144
-4918061
-4556286
-3488080
2308930
1555481
-6616218
-5177886
-6236074
-1583975
8793927
6005036
4964339
-9772674
1559670
-8834416
736610
4869817
-6337565
-8834589
-5501980
-324175
637260
3764573
5132596
70546
5136097
-1144331
-7174513
-6632098
-8612638
1692629
-1428583
-9930756
-7458877
-1624354
9084287
-5092108
9867824
-3207969
3072415
-5854342
-1760557
7501896
-2645008
8809986
6647955
-5258447
-7843032
6718235
-687666
-5077475
-2940437
3909754
-1446362
2357018
9258305
-4257777
2743855
951880
5078280
-2386448
-2207815
-7014167
-5186471
-9656508
5612666
9723988
4405081
1530796
-5075431
-7366197
7746227
2258527
-2918357
515642
-5614641
6793445
-5772239
-9379988
-6135071
-8659552
1858821
3249522
-8062380
4656017
-4979336
9124974
-3082986
9828670
-6247252
2184330
-6415127
51318
-196601
-635654
3216502
-1625843
-7854110
5066384
1259511
6444539
319056
6695842
8725434
7796243
6563401
2620800
-6565296
1183048
7913946
5492349
2515818
-5688687
-9049801
7070767
2133834
608297
2651120
-4764956
5178373
9509587
4823885
9239432
-7181559
9867027
-1587139
2647607
-1060578
-1472302
-4611844
-7029540
-8560330
8564789
8707777
3748559
-3032128
-990439
-7716289
5366520
7766091
8339887
7953896
1296350
806163
-3221022
7235805
4676618
128465
-5808499
6519557
7010316
-8810728
-4900840
-2494479
1481853
-157165
-7354678
-4929271
-8551124
3335510
2282691
-4410626
-4061795
7968951
-9608407
9617737
7198395
-5671819
4308150
3598882
126225
-3983513
3890206
2105555
2072801
6375861
7219097
-790207
-8980600
-2735497
4763360
-5886093
5661221
-382736
-961910
1288795
-2166204
3175230
-4014094
6907381
6569185
-4221217
3620913
1953546
7956042
6641113
1035405
-5610552
-7632586
-620137
654106
-7730116
-6967149
5798882
5671195
5935979
-5694127
-2766925
2468044
4648840
9534690
-5441615
-7110765
5350852
-9063035
-7895341
-6398131
-2353092
-165796
-4069203
-4819992
1990842
7659383
-4910293
-4017523
6892813
-7690624
-9725293
1434573
-7740968
-3123811
3314926
9352381
-9514077
-2202502
3694901
-1732986
-1668458
9008806
-6944423
1326014
8965483
5429836
-6359023
9989920
-749068
-1098957
3141678
7466439
3048638
-658870
1713901
-1535058
5637060
3564202
3525990
-2388946
2565277
9098659
-8115028
-9462069
-3990712
-472860
-405101
5808264
-4514433
9199995
-1396242
2001965
-9001895
-5362462
4828232
-5110228
-4552463
-9675822
5560812
445766
270928
-1441729
-7918857
1011100
3233118
-135597
41697
-7315226
4451108
-6672023
-6767303
1454298
-8683824
6265621
-6404607
5307587
319563
8127550
9698880
-6870252
8442460
4204733
2108131
-6484834
1418071
410414
-8122365
-4068907
8601091
-3494947
6864658
-6956514
864807
-6618660
-6409087
5054748
1009224
2059615
5509993
-5246379
-4224907
930434
-6309680
5992781
-5094699
9207877
-205897
-9784510
-9912690
-1792006
-213472
-4727674
3448978
4176052
6333521
1322466
-2362194
-604852
-3921069
-2821464
4080171
7146040
-3416449
-5417580
5289256
-8660424
3210921
-450709
-1564289
-3405944
-8173371
-4699421
4963755
-2803868
7626629
-7222702
-8765500
9712702
-5293140
2090885
8736476
9597811
-5636096
-9796518
5621280
2678540
-4252722
8389950
-1991366
-6737816
8994559
5533021
-1270440
6906775
6046608
2833314
-8435600
552303
-9325456
-1109363
2182941
2523062
4507968
6997388
8981628
-4322155
6055788
-2645693
9161719
-2727781
-1351188
-7018978
-5798626
557582
-3133638
1939061
-4222261
-1194568
-8529231
-9200742
8312244
5325820
-7663698
-8037596
8783706
5462785
1990373
1095772
5638134
-7872481
9351793
-1509600
6926115
-9790617
2473597
-7483999
-4455329
-1577977
2979581
909192
-5495369
9560669
7287142
-6320846
-7397383
-7919815
2847984
-1280980
-8026759
4451139
-6543709
-7714715
3015414
1158308
5949636
4548808
-1209795
-6631444
-2816190
6858630
-1593072
5718036
4917227
3507722
-4641091
3121665
-6743692
9883046
5427842
2522922
-162672
-9981966
-7704801
4325054
7188775
-5369330
-5962058
-52126
-7578597
9058609
5907118
-5661329
-6895039
-3000655
-1043895
8648532
6931690
2595427
-5446137
-8944965
-4267301
-2727143
2960339
-6801385
-9359712
-2655391
1601292
6887346
-2866611
8934090
412952
9015329
-9324297
3147265
-6607451
1024085
4465457
8758820
-5168702
1043503
-6209379
4120093
7873985
8623681
-1193687
-2243621
-4172429
6983164
8997635
8336175
9202232
9190521
-4626576
-9663688
4880557
-879352
7488800
2690031
-2680997
4328069
-5032387
-675210
-103258
-54950
-2135708
-1448712
8612762
-3940572
-9492299
5172852
5481235
-879527
6784967
-539851
-3138213
-3173042
262057
5630203
1455795
-9153531
5752433
-6614348
5298719
-3199009
849394
-6411798
9559682
-5191451
-7204403
7587371
-8510183
474313
-1883510
7555599
-5491925
5594741
-3238188
8690304
6972006
815982
-383695
-5661601
9556715
9669159
7146518
4205025
-8654374
-534715
6202089
8375677
8038908
-5871909
402573
6320420
-3933556
2168898
-2485022
6267813
678383
-4185699
-9006972
-2421454
-349154
1390636
322888
-1371332
575413
8888252
9855589
1447958
-9015333
-3476294
4955806
3871002
3611043
-9110968
4345250
-9793557
-6462137
-3387321
5711571
-5859176
1067051
-8566398
-1810105
-6445980
-9735885
-8075966
-1839988
2587074
5505854
4563837
-4764584
2038183
1189110
-4703144
-8748838
467064
391802
-4607998
9502197
-5801304
-4047759
-5208946
4102190
-6197158
9326078
4078466
3479219
-4796062
3967396
2395636
8153657
-6799573
7477324
6401470
8706740
-4947903
-3525386
3353700
3383247
7618736
-3502174
-5865437
320278
-2225682
-2822757
-4063595
-8170434
-7403176
-7574722
3671490
-3184452
5364023
-4845999
-7482736
9011281
4433412
7477895
-4859707
-864256
-7062949
2628004
3351491
-2836993
3491380
135396
-5924107
8806478
-5957180
-4777173
-6073965
5490472
-9390522
-201413
2997910
4955793
-3824895
1079512
-5477967
1284594
5765504
2271267
-9117901
7859309
-4340941
-3532983
3621884
9438109
-9662625
6032099
5865554
3964018
6792465
9741567
-2384227
5784545
-2760579
5964160
-1115802
-5073191
-8036344
-3544290
-1347076
-9353301
5385067
3994373
9636738
-6737156
-7988893
-6950410
445554
-4231256
1282354
-9595364
7539987
1474515
-8029984
106077
8573041
4181978
-9532429
-2704084
5963940
637807
3065015
-4237965
2715182
-4875608
394424
1896578
743347
-9354782
-7270655
7312904
3577049
-3982267
-4879741
-5139298
-126155
652209
999525
2316566
3262197
-1701831
3776011
-64024
-9305149
9413585
7375005
-2930767
6529853
-327489
-4642591
-7483260
1863233
-6643980
1074951
7841696
6301937
-5124904
4004122
4300789
-5702167
-9939059
7830140
1246609
893132
274957
-9196111
8175527
3477190
5588647
-8111097
-9427787
7785718
4111546
-4636966
-812349
-6312721
-5053141
4491309
6866635
-8816225
-9915341
9744364
-798275
8427359
-4735110
7936147
-6985601
-8164836
-4263664
2802414
-7624369
6743795
4782497
5968541
-7114665
-7946856
-4469118
7812684
-82262
-8043787
-4971361
-6835512
3606218
5980444
6519644
3803959
-801554
-7912810
3180995
5368208
8334277
3522284
-893334
-6190060
-7682420
716574
1656466
2584420
2401396
3072910
-8304974
-3239413
1065599
2631357
1513683
-951898
474898
-4097854
-3915641
3418963
-4307417
7826972
-5264883
-8692124
-5051959
-1031434
-4754084
-6499967
-3628146
-3448505
-9405962
5544116
-3317738
8753244
-304538
5660045
595854
9802244
8183261
9165945
9556620
1916368
9459610
5352075
534295
9042737
95461
-7467483
9299808
-3313647
-8141421
-8508389
6257811
-7616408
7020762
-601886
4031198
-3727649
-7576642
6690939
-4861895
-8648249
2212692
-955404
4950144
8503409
-2186563
-7977324
-2620691
-1833538
-4357515
6228347
7997144
-626666
-389267
-8661721
-3899367
-8992107
-9984401
4314077
-7516639
-3351255
-9285843
-4266265
1018082
2283072
-570674
1008217
-8116007
-1201697
-4745300
-7427189
828770
-6991591
-3405952
-989947
-4575157
-297900
-4856040
-8971250
9802965
-8071403
-201173
7265387
-8197662
-2799555
-3495873
7386902
-9471408
-62282
-9641760
-9009625
-5621512
3096021
-3054875
-9266494
6796664
-3504357
7481894
-2588226
6052983
5530078
-7660785
5833000
5201506
6124307
8339722
-8673930
5565351
-4307283
-8219933
3091616
7246654
9624231
6155175
-2244729
4001940
-4638543
3987146
-5054255
1248640
2428535
2924661
4445577
1777270
3960113
1495301
-1098466
8125384
-6753171
916487
1172927
-3363748
-4217480
1767143
8758428
3352828
-5888185
4479661
-5945365
6031695
6237855
-1079138
137808
-2395176
-8859264
-5559346
-7467773
6728011
-5966172
-727004
7132053
6652053
7373308
583923
-9530316
5256281
6314828
1996538
-9496063
-6886060
968674
-223112
823907
-7586302
-83183
3289616
-5273887
678030
-1443534
6138053
4663010
7353561
6569630
-1967114
-1440334
-6147517
-7571854
-2427101
3902016
8455527
-3976534
3003282
-80784
-4207565
4068589
-243365
9921001
7539497
6616246
-3163924
5379970
6670234
-1767179
-3907607
4906923
-1893763
172645
-2925037
3741040
675956
9394733
-6046876
1582015
3779832
5725252
-3189217
-160904
579791
-6078419
-9168611
-1252327
-9661690
6935374
9330592
-2941310
225309
2272572
-5220475
9978710
2064263
-1299832
-4834900
9234709
-8458358
-7015173
-636701
4514024
-6036787
5464645
4974999
8637279
-7760194
2684429
-5684775
9342835
-2957295
-6341384
-4008196
-4770446
1840296
-885785
-4331620
-1413990
-7163121
9690473
8226833
9661640
-2195849
9362072
7137150
5165492
19634
4799001
-6804319
-7014423
-6089872
5736438
9316422
-9921035
-8116732
1773607
-3693856
667748
-9157872
7312978
-7137855
5539426
-6689674
-2283347
3835137
8457303
2288438
-3404218
-7571642
6427189
4474606
57455
-4787765
3273665
-1822176
-2450701
-8152932
-6903613
-3055303
5497554
-9226565
-6061156
9173582
-5778218
3518625
-104647
8454667
7013280
-4472880
9139124
307153
2253673
-5618473
-5996185
9751739
9386786
-9893498
-5364298
-485940
6692013
-7723531
5875660
4908603
6309073
3778598
9530189
835421
4405842
4339813
-1279135
-8146659
7843464
7338700
4439684
-1499204
-8704210
-1074473
9716911
9764286
1743646
-5143399
-7910956
2337382
-1101747
3829926
-9086554
-8715550
-4164485
-3426483
-2010403
-8936370
3324503
-9134008
552333
-7374490
3188907
-4683881
4452846
-8817245
2256657
-2486856
4092373
-9889928
-3835061
-7274850
718329
9507143
1827070
-380344
4538763
-9272224
8043510
4393306
4065094
4993931
8513667
-1432836
4991880
-4465483
-9310586
-4408702
-2624035
-5395269
2911086
482617
-6913336
1330628
-5963156
2841752
-6538977
-1371691
3053788
9773560
8188311
-6927467
-4850612
9600067
-4021408
4082517
-9089181
68456
-4472436
9457515
1376552
6188064
3023485
-4159985
133285
8942357
6508213
-1965004
-9749225
7260996
-1271727
-4576148
7794210
-3038452
-9672544
2981047
-9022218
-4982168
2652637
6970781
-5257901
4806821
-1563849
1366943
3423872
-5296296
-3115398
8457525
-1494538
-6581377
8333016
-7745960
2692574
-3305409
7872396
-5408353
-1080245
-5188683
9560390
9452397
-6370362
-7978374
-829562
-3474667
-9179710
1010032
2614652
399561
-5590186
8111054
-2968715
1558820
1484691
-9094631
-8715465
1394232
7879122
-7730571
4663371
-9926430
2027793
-4127838
-7367731
8030711
-6607908
6478414
7406188
7561775
-7184443
-85590
1216873
3408718
2069077
198646
-4920814
7083682
-757741
3078742
4393960
-6145305
-4130546
-5953511
-7044521
8213965
7855355
7315528
5663531
5088513
-9363568
-4143651
7837638
-6611897
5652997
-200973
-8650221
-8635587
-1790856
3711019
-8993229
-9834668
-1430969
2830036
782185
-5765876
2246641
-5489436
-7783636
-4114795
-9799984
-2226959
-2398872
9046472
-4795422
-2222720
6057537
-4711057
1005614
-3124716
5375300
138953
2909398
-7069594
-9146207
1249787
1835052
-9270545
8225974
-4472736
-184981
9257112
5211730
-5367265
2130227
-3455791
-2080578
8813527
-6594010
74574
-5459317
-8623680
4619221
4407474
2719034
7526699
-6531160
8027345
635524
-1594813
7980687
6329607
-8934187
3116362
1222888
-4216960
-6880354
9123158
3762618
4561520
-8609011
5929833
-1132186
9114098
752734
-3021771
-9804334
3484781
-3746517
-117086
-6870544
3444203
-1188639
2802392
-5386924
-9751934
-8861775
5224102
6182204
665459
-8377435
-4088947
4816297
7760526
7189859
-4923194
5088160
-6850398
-5010374
-4733699
4191339
-9464341
848630
1480260
-4923942
-5041448
4929860
-5849412
-4589763
-9879719
-7640161
9575527
-9783473
4727860
-8900517
-1767322
1548607
936423
-4672319
9579497
9651367
-4031382
-1965779
9887217
1139716
3357634
-5273223
-7749487
1542926
-5442926
235943
-2709461
5852537
-5323430
4531505
2105948
4192009
2204473
6137176
-3222996
2546976
3136861
7618734
4055311
2200025
5019115
-6368908
-9744726
-2070650
-4388842
-6657915
-9104103
5955263
-2892870
5777959
-8050570
6597797
-6652888
-9130338
8150353
8773170
7076211
-6338368
5711408
-5071539
-7612879
3680781
3384714
-2953874
4325434
696969
2256929
-581599
9900526
-7660583
-2887054
7641548
6590603
8881647
-9723430
2942089
1742239
-9302678
-4067035
-5987558
7546480
3436144
-4115912
6312136
3502479
7451366
5214856
-7127946
5809266
-2491373
-3839676
4249412
-9992250
782594
-6997009
-9490725
5749515
-8854114
2897472
6079378
743944
2082373
-2931838
2885482
-7049042
4638265
-7024799
869064
2564481
-2707554
7475109
9267394
-1802358
-3096093
-9944847
2259861
-1127343
9165894
-7134054
-662689
-6463436
199367
-9580344
-5904222
8281711
-2484507
-6188277
-2866231
3317656
7482300
2940816
-581868
-5033222
267292
143053
7955460
-6958106
-2180718
-8311531
-7312199
1330835
7208812
-2472335
-1440962
6671185
7289800
-9610514
-488721
4146691
-2507456
-3233851
-9382284
6875570
7531350
-5190557
-5879210
-7701038
1675132
-4567571
-1055685
3837142
8586607
7585582
-4292141
5761780
3835168
-4994368
-4074407
5054929
-1774867
5959598
8048547
1676741
-2843878
-7186691
-6479288
5112680
3373055
455954
3594639
-8286176
4690604
9736461
-5136213
-9223563
7182598
-2530743
-9363418
-4616329
3207598
-2411729
-4499837
8108896
4863019
-2730685
1186372
-5285728
-1472022
5079415
-4216438
9591641
-366363
556260
1790325
-3641144
-3618930
1721127
3465256
9265816
542836
-4084988
-4109212
7968038
-9001557
1778016
3888681
2172197
-4275114
1440919
-8952304
-2991636
-1316201
-3630974
-4015979
-7340238
9259385
-3471280
3364031
-3742365
-6813926
4036877
-4239348
-4156299
7850015
-9211604
-8727557
2346893
-7205781
-1224051
8924232
7553860
-1004387
1204267
2135477
139307
1183071
8878287
7026296
-9653961
5221239
-5361990
-1537764
-8186042
4163582
2341691
7030455
8855396
-5839965
-1320580
-503131
-6683652
-8590238
-8801712
-7046163
1610255
-1740693
1078205
9394030
-3627549
-7247043
-2968533
-4982466
-9527901
3775898
947075
8275186
-513774
-5623947
2967374
1422175
-9297709
9491665
-4315364
-4206093
2373046
7487112
7060223
5587226
-7717995
9185434
7184103
-3119963
-933450
-8059421
405617
5524593
3537612
3258814
6596955
-8269038
3145278
3044330
8774252
-6319330
-1994523
-9824552
-2174221
-1064560
-61480
-9930862
1183109
9730614
-3403415
-6198072
3428000
4390936
-6605702
-9337973
-3549519
-366736
-5196637
-998166
1634092
5753821
8653118
-6475115
-8706949
1318303
-6347169
-4951389
-9287580
5654311
-5551149
9644053
6625335
895110
6944178
-1193311
-8152362
1521620
1815594
5464479
6886198
-9230844
-4978724
7607160
7608114
-3348902
-216678
3667548
-7738852
-5643987
-7725606
-1059160
4049058
-9684488
-3973364
9906088
-6711785
-3470634
-4390522
563740
5618596
-8293482
-9130962
-1403652
-7178848
-3658444
-8371738
6264285
6367605
8612467
-8121519
3404114
-276531
-5399476
9037298
5804269
1188812
3897569
-1257172
6245397
9330170
178901
-8713194
2993003
-6460212
2584207
1200960
-5235841
-1669864
3823612
3951974
-9727953
4222176
-6970299
7349606
-2576084
-3318579
-5968935
4206670
455691
-1283135
9132438
1840038
-6698132
-997303
8896043
5189008
7307011
612310
2753322
-379331
8500570
5717423
8498218
-5837789
-3676758
-291473
2615190
-3354860
8006608
4214977
-2743082
7488667
-6986815
-1664097
1285131
-5531015
9074775
8265684
-2938768
-6527700
-1910745
5122730
190317
-3304585
-1233799
-1293985
-8168399
502396
2631904
-7638488
-8655717
8480908
9414114
-2620894
3105029
-431688
-333415
4412285
9886110
16891
-7670144
1001674
-2212169
-1164296
774514
3550344
7884455
-4421232
1224253
-5055765
6183004
4158358
276163
3766689
-8506179
-2686019
-8494593
-6144555
1065827
9870314
7063682
3706132
3218745
-6321804
-7558933
-6729977
-7938532
9530710
-6922804
-3701048
-7359800
3235641
4084521
2329586
4382993
9871347
-9424464
-2179270
3882456
-106956
1673491
506981
9633703
6392106
6178479
5796662
-1621354
3743817
-6296153
7579989
-4260660
-7223211
-252003
2692284
-1361169
7342570
-4639674
-1742649
2026567
-7197487
3970422
5000787
-4176448
-1844849
-7880583
375919
-2430382
3118257
-3391026
3113594
5652473
-674367
-3163302
6187139
1394929
-3530314
4284578
-7327233
6550118
3952594
-2336268
-2210260
-2590476
5448969
1359704
-3928
7492842
-8174174
5458879
-8972048
6781941
6450588
7334319
6261343
5995567
6661824
-2198684
-9088897
-1868932
225971
2952608
4419642
6351696
-8084374
-7913341
-6700789
4387253
2099916
2062512
5497009
-529925
-1977825
9455674
-5963373
2636803
-3917809
-3355801
-584075
3847665
-4982724
-7582588
8805581
3985339
-1758185
-3013538
5462985
4303201
69090
-8811235
-5173247
-2183593
1312230
-2198897
-4357235
9911802
8137061
9499807
-4854746
8130579
25193
-9422615
4097649
7891117
-659841
-1440392
-9913580
7425649
3289154
6309622
8020696
-4653258
9826395
7557936
-9371457
-391011
5588635
6722730
-9417937
8934732
6075901
-1328885
8942140
212855
1601724
4796618
6438393
1303815
4757523
-6744556
-6441038
5607941
-3934485
585765
6893843
-3667787
-2068359
2667972
2976632
219249
-5972649
6486615
-1270780
-7339175
-4663149
-6074878
8545607
-8794538
8714312
3944931
-4061529
8252125
-6469488
1316512
7218435
6918369
9085436
9708288
-6778448
-6014772
-4797174
2837634
1102817
4305794
8548138
2334388
1743660
-3403273
7981411
-673913
-6431400
7201602
8610169
-9815787
2311845
-5591208
-1468725
-3457282
-2322259
63730
-9806122
-8446128
-3216783
7254686
-7864730
2594705
8192341
-4141525
-8284146
-7183175
2507171
-1177540
-840384
-5268813
-707571
7867864
-735399
7503353
-2411003
-6144951
-495824
-7639498
-2962660
-1457386
3895830
-3070872
-6017029
-4405992
-2171069
9412434
-5835184
7032807
3154075
-2966711
5381338
8264613
8414382
8896267
4825534
-106084
3932678
-2951193
-2647713
5175770
-4363010
4198551
1579973
-7900259
2389205
9016489
976555
3209476
-315994
5545634
561027
-4672029
-2534421
2529910
-3482191
1112459
821616
8858856
9587796
2325696
2252681
7612217
9308466
-775157
-742701
9857160
7079351
5217605
2317411
382814
-5299154
-7591608
-7056541
-2371069
4451870
8393092
-2803757
3236670
3090344
-9368026
-6539306
295121
4582991
7488762
2743377
-826574
-178726
-9372421
7540851
8368575
-8456492
-3728983
8095562
5797224
3781218
1520651
3794504
2201551
-5292215
6230566
-437648
7272695
8391810
-2814844
-6879311
2093695
3723626
-7630840
-9476388
9219670
-5231646
2101356
-7684180
-1586515
-8866436
8734510
-8555004
-4065427
4260240
-2703880
-1268668
-7688211
-4900100
-3589408
-8580817
-5434042
4609772
-6598957
5928295
-7274290
9444179
3553929
-6029746
6882215
7553694
-5300909
-6221178
-642440
5618758
8355221
-2663108
-5411439
4751621
2850166
1118445
-9853346
9546729
-9944515
1992613
24260
1481918
-2563266
4063153
2878120
2974771
-1572259
-356743
-1086108
508525
-7088291
-867120
5639319
-6839248
9795178
7701896
5102966
-7564118
-867061
2905053
8100846
-1514545
7034622
-3768834
262218
-7517465
5683173
-4221698
8174036
5538586
5401217
-5938578
5396440
-7997297
-8161431
-5302823
-1750190
-9135694
-4578460
-4346313
5237760
-6088462
-2814517
1593610
-745271
1382353
3380816
-7060216
-225555
-2969356
6023122
8175571
-6251524
8897554
2891775
-3647682
-1221193
-5392329
2461045
-9590406
-7684139
5449317
288117
5692907
979920
-6405024
4942313
219355
-5162043
-9849866
-3421636
-95539
-9057654
-5919889
9027423
2977909
-2743168
4207344
5873097
9469234
-6257112
-2786150
6082240
-4081633
8783220
9872802
2191427
1359074
9262653
-2491680
7729810
8610575
9783581
-7547600
-6103240
3402989
-4835931
6491006
9034926
-1872348
7831372
-826755
5793074
-5435489
1028914
-9259094
-3701582
3344579
-6817853
2784414
1738060
-7624016
-8853476
412365
-5166217
-4292963
4771279
-8157518
1000112
-3819514
-9429918
-1289596
-8586900
-4611748
-5272441
8427006
-5474877
6685134
7478207
-4992778
6611348
1616903
-430772
3795637
3412923
-6876480
9093820
9165775
5299085
6393785
1639031
703769
3256097
-8012791
7220273
-6987858
-7580744
-6568990
133736
1819658
2186602
-4015344
1820280
4785519
8190008
893760
-3766597
9099369
-1551005
6514774
6114707
3480426
5023101
-9255066
517546
-8970429
-7050079
5218949
-6362568
-5083629
-6926995
5867867
5533018
3280212
4518991
-2427243
1482484
-441996
2716377
-5388662
6788612
-5877997
-2648279
5694307
-9395321
4970776
66453
6700689
-7249552
4950496
8796852
9613873
5582564
-6882316
5097778
-7969040
5405412
2071913
-7044901
-6356706
228775
-619964
-3259316
-2943611
-5669093
-8223031
-7250929
-489254
-3343303
-3653496
-6427451
6263711
-6992484
8908925
4390169
-8162053
-623
-1784309
9429684
2545754
6536217
6551896
507949
8101425
2899090
1270132
12754
8080013
7701274
2528080
-8963193
847366
-1415471
-8543836
5619303
-1322045
-6262701
-2687655
2860184
191650
-4804859
1906960
6031650
-7746950
-8202329
6930053
-6886517
-7981740
2177961
7956034
2155233
-8654450
-5674662
96189
-5072125
4750576
-603947
6259580
-7081239
6873754
-5503362
-9017634
-9519853
-8754548
5600240
-5814518
8014988
8438001
-7396501
739165
5046923
5518459
-1956869
3315723
5018370
5805241
-709922
2164656
-8672014
3158659
-6903537
2156170
2558868
-9064977
-8903592
-9143899
1744426
3800478
5706846
-5711661
-1832925
-3354196
3514370
-6689165
-1347933
-8060228
958106
-6805985
4551150
3514483
-8030742
7013974
7330930
8586377
4571890
8596031
-1675222
5043144
4118402
3982633
-2344264
-1700167
-2209930
-1424513
-1876293
3378648
5885010
7549977
-1520991
6154291
2710147
-7834573
-9242389
-4154980
-9641853
-3649316
-5451007
-1815565
-647905
5951485
5321997
-4925829
-8824457
3630003
-7070988
7420927
4433144
-4467350
1196133
1584049
1958935
4633230
-4555917
4432382
-4268209
-7822774
7098717
-2984050
5820500
-2521878
-7167991
3375453
8213381
-5132157
-4771519
4433813
6676663
-7426548
3104868
-5014214
441578
2399335
5306987
3505489
-74911
7034644
3249612
9649700
9399974
3349250
-3114118
575833
6480563
1773113
-5898573
-1802667
-7628519
992002
7046736
9668893
1199956
2216258
-9479245
-148997
7979703
-3516375
-4433586
4894942
-21993
3128888
7432767
3777979
6895389
8338461
-9767204
5778015
6433707
2431394
1030281
-8596517
955999
8165843
-9348945
7647233
6412654
-2212371
-1794939
8008739
-1850076
-8689019
-7386577
-7542964
9263876
3157260
-3176534
4490591
-5131335
7106120
-5480896
8066443
1129352
7900
-2279085
-7081029
4934704
-7563602
-6430813
-4714641
-523345
8894619
-5994930
-8128529
-187582
-5241781
1567171
9121830
-3406205
2144680
-3743200
2797558
5241875
4465386
-1451121
-1111463
6486612
-8157884
836301
5675779
-7577388
277270
3183495
-3919800
-476168
-3057681
-4726670
3780221
-7153743
546022
-3437286
-4132417
6212786
-1075086
2106377
-1525218
5954429
4167466
6748818
3928277
-614615
4734773
3675409
-18579
-4775125
-7329546
3818094
-9509477
-4959637
-66224
1436921
-7478488
6396371
-6541138
-1750342
-2829360
4048053
-3975779
-1863517
-1553227
3257547
8778089
-6748884
6973619
-9566759
-4009823
-6165324
-1289630
5088657
-3872853
-5215821
-5663727
7658788
7927276
-9402166
-8216147
696089
-4815141
-6657298
-7252752
1494069
-1948523
6561823
-4479088
1567729
1309169
5511857
-9267828
7984389
-6373060
1949217
-9059001
-714005
6877562
5796585
-7174521
-9255489
-2871919
3392523
-9289782
-5117763
-4199787
-8325521
3099085
823472
961565
-4484289
-1061591
2954081
6951948
-7117108
-7450349
1030065
-8104850
4002981
2366183
8013436
3492910
2614493
5194495
4141840
4770470
-6684434
-5903982
-3340973
-2049702
9133051
1932417
8237239
-7419810
-4110527
2356430
-14148
9416931
-4887916
7329516
-8312540
8873448
5338617
8875324
8697883
-6416012
9208895
6922297
3583358
3119723
-8452771
-1914637
-9012781
2103258
-8600139
8335112
8007300
665957
-2251734
4858111
7629796
-6417025
7369634
6218387
8904262
-6904609
-1130027
-2663669
6505907
-8131252
-3813862
2720078
7720423
7133948
-9907554
-3855091
336409
3627340
-9063943
6809943
-4644147
3065249
-2788047
-8992924
-2412141
4593724
-1176437
8832495
5777650
-5367767
-6022373
-5869987
-4745863
-901160
-8627302
6702417
-9951573
9308445
-19145
4655699
7554487
-2040172
7487681
8289882
-30923
-926989
-1683115
-1554862
5613933
-410750
7399940
-2153920
2015396
-6555330
5053426
3885057
79261
8734598
-1544631
-3893634
-2044754
-9874623
-1563112
4136800
-6711116
-7850668
460698
-6121769
-9992993
2414837
-3641351
-4807218
7358013
-5127477
716471
-8536539
8078553
-746869
-6920604
-5977924
8170985
2304669
-5961837
-8260854
3703528
8106361
471833
4383983
4059006
-3213514
8674991
-8622731
5815585
9634844
-7696931
1040269
-1844371
4690496
2133969
-7798263
9157084
7600583
8133913
9858841
-651414
7746349
-2126590
-1075305
7625786
-2423561
-8160179
-8578492
3915865
-1806957
-4963480
2773422
-6729853
4012920
-2462003
-6842033
1535285
9513404
58241
-1682270
6861010
-485138
1711958
-5908769
3383449
-9192910
5444412
5222685
-6365519
7122577
3673939
-8777573
2577259
2264433
-9954570
-8192506
2477858
-5392684
-5494195
6724644
-1456494
-4915949
-704963
719237
5499936
3732243
3132710
-9403457
8619023
133663
-2961416
9535384
-4589771
-808172
-587010
-4265992
8472433
1688807
9796278
-6869416
-3166919
3922464
9539355
8090239
-3263456
2341286
-9405815
3387082
8138745
-5623151
9696372
-6898775
4150085
7539776
-4919187
-7851859
-1759593
-8929691
1366198
-1739030
7464525
29864
2322655
-7055695
5423587
5939140
-3182944
-8293978
-1943473
2316220
4439611
4103526
9680059
8701135
8293113
6499888
-7598452
-6007140
4735729
-7187247
1914469
5134437
9224792
8714046
-3210442
-2089058
-6309256
6674818
6009142
-5108262
9870780
-3708390
-6756093
-8680346
-450265
2856724
-5745516
9963319
-7996983
-9244440
5447794
-3154384
350991
8529534
-5141298
-307603
-4597690
5881941
3827414
-1628540
7571627
-3584517
-5357064
-1979651
-6476400
-4042731
-5096790
-1266660
4765177
-5825925
-9730607
6323790
-1810228
-4671775
-7472623
-3583293
-1613563
-9880529
-3400225
-8189200
-448440
6435721
-5133623
982006
-4451717
-6835632
-1886177
-9061303
-3063526
-6282680
6730786
-3560002
4893089
4175773
-5626015
9476592
-179226
-8897325
7246604
-7963902
-1542892
3756503
-7479934
-3456038
8382764
-792085
4313570
5471968
-196952
2418086
991425
-9533321
78639
6180220
-7014739
7582116
3191654
-9120106
657368
-9633978
8111903
6960762
4458702
-9214180
-6671092
-2245730
529661
-9025106
4980845
6829551
7880678
-1818687
9212515
1441668
-9675902
-6287839
784866
-5752639
-3334010
1676936
7413788
94360
7383194
2899150
4689900
-5538928
6998667
7818060
1690184
5637530
5767687
-137498
443021
-2076922
5248715
-6281604
6237247
-8059504
-950396
6783962
2256284
1626801
3128588
-4968052
9823010
-8912121
9502193
3013495
-4189491
2182758
8646076
-3093449
-2741347
-2117502
-7879671
-2856634
1142833
-5795643
-876547
-1245510
-2554753
3074950
-2601504
4361230
1945695
-6782833
4903796
7022770
-8936408
2217692
-2276775
-1691869
6675193
-6174594
6752784
-318337
-2092510
-6217728
7815449
-6779856
4529349
1447778
4618118
5087617
2522281
5889636
-5993247
352198
8457562
-465088
6882783
6253783
9934060
-9500448
8567552
-9954419
-645800
-3500892
5423890
-7945225
-3208439
9080022
9827380
221170
2900359
-3022458
9595314
-6763115
-86200
-9607090
-2163718
-8705
4603342
4002070
2934238
-2153967
5928528
-8419245
-780320
-9835790
2929125
-195783
5906631
9766234
-7784843
534265
8578558
6138312
-8704502
-4740475
-9627968
-4807383
3370579
-4333258
5848249
-1563265
7178371
791173
584405
-5808510
2100538
2050990
8196414
7185879
-2351210
9405689
1378401
-8830218
-7152292
8259918
-7513894
-6913773
9298530
-4925995
-9836383
-6924976
-6611102
7885544
5455450
-834732
-5997801
-8969774
-5249943
-415107
-5100381
3411112
-1808886
3783795
-1260747
-8794785
-4505041
1427581
-9636668
-9645768
1207232
1855263
5769841
-1447832
2934304
-1574768
-8962396
6118032
8853030
-5304752
-4515922
3026321
-8123911
7245573
7943680
6986216
4886147
510229
-4441766
-4136230
1460530
8526116
210085
-426859
1981707
6203433
-9439495
-7720129
864639
9389366
7366812
-9335631
3721257
1388050
-8052165
-3616244
9266798
-2760928
4870759
-4487431
3602455
-6388838
479028
-4363781
-3179212
-1235216
5122157
-1845532
1235351
9785814
9088796
-3546603
-8725567
-9242641
-3922725
8536040
-1350040
-9003185
5226171
-285931
5447296
8856114
-839127
7151201
-3340689
3675435
-3770209
-1281114
2588688
4769885
-7287251
-2528903
7416486
-1335718
-3604065
-6929802
1971638
7672229
-5857920
-2609912
-7707025
-1432233
-1059093
3245908
9184393
-9444785
-5734615
7547491
-5368580
-8958632
-7106364
-5202624
3285423
-9238954
-76727
-9017764
4929007
-8997861
-9817506
-8783077
9553271
-3170235
-6296316
9162419
-6896904
386284
-6024081
-2038941
-1492150
-6498850
7665477
7211487
-5227256
1353627
9692695
-8964595
411487
8208347
5663666
7567121
6992628
2112312
1352805
4183311
-8363067
3822542
-4009190
-3437051
-93893
-4063549
-8264541
5805053
2623529
-615286
-9430682
-5533084
2442245
-7945188
6857609
5462702
-7527313
6894683
6418674
6302580
4918297
4164994
-1994450
-6169702
1785280
3167477
-4701995
-7652417
4669141
-1792589
7687547
-9414283
3777438
-3486263
-608505
-2989908
-1169796
2277523
-9649589
5206934
-9258801
-5539939
4040834
9179903
-2676528
530896
-3767160
-6370075
-6635751
3530
313860
-2738158
-8023058
9639249
460753
-532611
6304871
-545897
-2154271
-7546875
-8766639
-1355698
6483864
5754117
-50780
-9061263
-8113723
-663935
2193750
-7343189
2286587
-7070426
9523056
-455305
-1081655
7379574
4635139
-2711815
6213067
-5289035
5178897
7489037
6666019
-1498261
-1239033
-1300454
-3811449
-6435221
-7415076
9721437
-3720449
-4968690
6574249
-4156250
-503087
-3257114
3282879
2104531
197319
4970823
8473405
-9833304
9259301
-970903
-1352052
9869012
4239255
7652199
-6209908
3816558
-3316978
5295437
-6845544
4557461
4923388
-1135532
-7462473
-1779233
-1593626
3676188
-1214054
-6755844
8287026
-4331676
4581917
-5481803
3764936
7363657
-6518727
-9646790
-7167713
5307061
646504
9073264
9781574
-2668771
9298778
-4944082
7364866
-9206853
5939341
-573612
9318367
-6195521
-2953005
655951
8074677
5408784
-1292905
-4288309
9691782
-8224352
-2740234
-7033283
7598955
-3667571
7922633
3094313
-9057475
7225059
-7671938
-6291782
5561981
5651368
-7164222
3188530
2005799
-8651349
8977709
-7153831
1377421
-7818691
-2022051
-9341411
1786607
1911518
1439955
-1102540
-4006317
3512640
7713030
-285697
-4530800
-8287141
4279935
1255541
4235691
7821468
-9131663
-5482909
1638891
-6396910
7819865
2344816
5669936
9053246
3043710
-90117
3757315
9081993
-4771704
5679836
5769563
4390075
5444795
-1174255
-6590841
-65955
5058620
7644804
3529894
-1234603
456415
-8552685
-3431736
9182775
9203824
-3946385
-6241485
-5557663
-313936
601626
-4757450
-8274683
-4665155
-6969574
5181332
5717373
7314094
8622422
-2482676
8324065
-9543734
-7665069
-5003395
-5756057
8345425
3480062
9865660
-2780904
-391059
-929168
-6444618
2628898
-9560223
8257411
-8455348
-3028965
4037771
-8411764
239276
4045658
2896218
7152380
-8089205
-8643840
-6794306
1720895
6968807
2735058
3865177
8192977
6740445
2134573
-2124525
-7300520
1799366
3398711
7423962
-5579650
157588
-494997
9352716
-7237301
2130136
-3424520
1173348
3495430
-5078634
2099814
154769
2767355
-7331868
-4606835
4367020
-6791458
-9017558
2710940
-7956027
-9972824
-3266911
2868730
-1947503
5254862
-4410506
7208777
-5226669
2943471
-1177296
-4021118
-9772702
-1839338
-6325817
-5167729
-1630252
-3377963
9256333
-4205607
2226939
2363486
2475532
-9074772
2845634
7363554
-2244020
-5082270
-6067003
-2855657
-1428287
6743653
-4132398
5112559
-801621
-4892101
-6819778
-5276104
4049252
8698830
-2763376
8011312
4581276
-1089007
-304527
1589451
4705199
2531884
7986454
-7894557
-8313007
2190685
-7743995
6198458
-917375
7353249
5569235
-4026758
6658407
-608551
-8463983
-5767570
4059811
-5125315
3469688
-9793757
7834723
5551205
3305205
9110828
-266907
1161951
3015891
-2913273
9163464
8059348
-8252802
9448428
4188479
-7782105
-3878114
-859744
2633912
-979698
3705696
6910046
2613530
8964165
5081774
-4443954
2582312
5345663
-90161
4167328
3642051
9844510
8474127
-6873373
2203291
2543208
3425199
-6331282
9804564
-7045791
6439380
4469936
-7417370
2652048
-1964591
-992132
-3362015
7610904
9414428
-1842056
1923013
-4973325
-1581815
441145
-2482952
4243229
9623906
8361132
-7753068
-9114554
-1864903
-6088911
-308560
-89161
-7352973
-1941038
-5985656
-2103018
-5483088
-5364057
7526170
6777528
-6369834
-5594620
653501
-6111844
350226
855988
2698746
-547609
-3493572
6503482
-8657716
206651
4163378
7395166
5231484
-4957027
-9944778
1827926
-545895
-8393925
940961
-4314115
4209508
-6733508
-2031012
6739301
3450909
-7503583
7229143
2699905
8103270
9104066
-3062373
8433309
-9200597
-688732
8112046
6979139
755032
2858658
9079372
977747
-4629497
8185209
6478804
5302121
9830378
-2248018
6993026
8347066
9837047
4277962
5388886
5985528
-8274332
4428793
9767169
6444214
-7704879
-6440943
-1460202
9286595
-3577421
-1515389
-4661094
9227175
-3525285
747574
7387956
-530583
-3111762
-8588919
198231
-8666820
3222804
4469723
-8039273
9916218
-1670856
-3000852
1976487
3618625
6002073
-3173660
-1611992
3597103
-7802502
8442062
-5644797
7742043
5518806
1195651
-5414800
-6212019
-9475227
-3514709
-5596549
7130926
-7245468
-9601520
6781237
3262635
4653935
-2136563
138904
-211372
7987724
6892327
614552
-312195
-9429049
-4456602
-881962
7395042
-980526
-1021931
-7866180
8859663
4696773
981026
961074
-4431883
-1619530
6275434
9217212
8563191
-754712
-1124311
-1175545
9117141
-6196849
191104
-3924732
-1534291
9681280
72032
-6873162
8277120
-5782016
-6955618
-4350335
9257393
7242885
-1224535
-3254287
3685967
-7935699
-4027064
-5673810
-1903550
-1362323
81327
5541629
1059068
-1014108
-2767039
8520658
1031421
561411
-1663549
-1324272
6369437
1833647
6556068
-9260368
9785544
-895392
-7083688
-8491944
-7807260
496986
-7329687
-7039862
-3638001
-2831694
9861970
848940
-1851790
-4387613
9488661
-5277180
5563423
5049566
8693951
-5512165
-3008077
-5621292
506938
-6331044
-1297849
-8544336
-9077372
324522
6130790
-7434258
1412228
2589825
7080870
2265334
-4260430
-8271224
2109921
-8848260
-5353333
-9599507
3079884
-6592997
-7476117
7252667
-3163846
6674316
8065857
6567724
851894
-1013516
5487914
-1961056
-7606601
1822990
1398454
-193413
4919681
611506
2438786
-4449425
-7066536
1933936
7399503
6833191
-6927610
7721188
-8209986
3997932
8734089
797724
6955840
-9092550
-2773317
8977124
6333733
9610558
8741070
9569725
-6734317
-927589
4711618
7595470
5863679
9859028
1827944
-9921670
-9701080
5766899
2233470
1887386
553003
-5371265
-4384576
5991009
420911
6590734
4561908
7035964
6853689
-1404479
-1811324
2558564
-5713803
-2386694
-4977289
-5645755
-7134103
8053222
4079974
423382
-9311703
-2022116
9722991
7885909
2710959
-7523543
-4758528
5345361
-840948
9521080
-246543
-3107351
-716063
5636605
6788303
-8684394
2678996
1815533
-354273
1154364
2842301
-1332890
8198267
819114
7856784
5989792
-1759545
4510536
468728
3919327
-6991354
7070496
-9918693
5205543
7569599
-4703065
614725
-500533
-4065064
118383
-7851576
90497
9025165
-2278964
2632871
-7884993
468099
-6534417
8556304
2750420
1873134
-8503309
4135014
-7307928
-3177080
2523939
7640963
-9092920
-2624301
643752
-5766625
-4141087
600452
-2928707
5641086
115890
834700
2674075
-1913097
9873767
-159755
7075287
9520475
9202976
868220
-9954942
-1843444
-1624007
3686314
-416357
9609027
-6602880
9016606
-5773861
6338933
6024255
6818725
-4846968
4973693
-9618593
-4796235
7578236
-6439672
2428115
-2169945
3729563
8064133
7742598
7882476
4725602
8797167
3877890
1426844
-7293077
2152833
3891083
-9027751
-1964184
-8759501
9810701
-4502915
-3743933
-9723772
4873483
6565649
6348039
-4006627
4166017
-4910976
-2829501
-7258641
-1817301
7118256
-6423154
-1604709
6805373
-5795657
2156469
6068768
-6058933
2020481
1799606
4835368
8006629
7909028
1332283
5993542
9476828
307035
-4852188
9960325
8718563
-9774844
-6178661
-4338801
7275426
-3910014
3343583
9477383
3906288
8482975
9972457
3934522
3273170
-6863898
4887060
-3330761
177550
5632339
9639516
-8910805
-4172040
302082
3197205
-1757901
-8250777
8492900
4559648
5767996
-3950598
-1757368
2876767
3876699
-513787
751182
4773995
7920965
3650176
-11535
-8573048
-2504397
-7860
573983
9840989
-1189073
9777347
2001083
1415793
1616379
-5634076
-3476823
-6078728
-5065502
-1417398
8460265
-6444722
3445589
6831965
-5171507
434150
-3571944
760973
-3509259
-7281422
-4202229
3503106
6290748
-9120657
5745515
-5866715
-1991073
-1215314
-4619540
-4046288
-7939879
4440028
-4957442
-3924629
-3755900
-5042504
-7200616
-4453251
-490966
-4201527
-5945424
-1566512
2065328
3429642
5869875
9168324
-2119170
-115024
-3642049
-2069668
-2019527
8172497
7411706
1143863
7578110
-4945950
5694231
-7544748
-4796789
4622106
519323
558581
-5317042
-7104831
-9534058
-7820996
-9561533
-5405783
-1636360
-8255893
1561595
-7878506
-3026086
9096585
-8658616
-8328202
-8519801
-8501495
8335542
3311595
-7437085
8239458
-9811984
3685844
-9828964
6620722
606861
-8416532
6008118
1981275
8731188
8167249
-4174299
7114426
-4813386
143282
2074770
6287804
4221706
-6005093
-1672430
-4840288
-4123863
5821347
3963701
8255470
2096278
-2436562
7764246
-8224050
7382909
9556965
-4097295
290838
-9577847
-344931
-3032717
678316
2209731
-7634325
7639437
-8654086
-5782527
-8428839
5523878
-8292675
-9014118
-7945075
-9235106
4074389
-2526903
5048554
2233157
4671425
3648523
-7929900
9430643
1914662
5958459
4881534
-1510426
677113
7122608
7430798
-7965507
2573991
-4855684
-3298831
5719646
-1190399
-81514
-4910695
485874
3023689
1116177
-35311
9841277
-5927591
-1908518
3000695
-922936
398285
-2757214
3642570
-4299839
-3495771
8763843
-4324640
4419633
4233326
454634
-8613193
2375977
-7709706
1317797
4250601
3624939
1556682
-3211631
5438801
3076705
6251757
7854163
352127
9824884
8913293
-4220817
1697592
-176628
108649
6532528
6654104
2634514
5985207
-8091390
-8734857
-1231665
6083268
4570455
-5251732
3402014
-3472613
-2341854
-1314742
-9726652
3699712
-3157697
-3653759
6774909
-4663975
2774467
1250219
-3656760
-2080212
-3945156
7379849
7530306
6694348
4048754
-9296985
3125560
-3707769
1929791
-8853884
5300291
-8198234
9710066
-7752299
-4961076
3979762
4136429
3752021
184942
-2474156
-8569202
-7816975
-1770221
-964387
-5795269
4907220
328417
9105595
6527069
985937
1088336
-1858603
6687356
6133734
-8987867
1031371
-4856272
4045022
7507999
-8378405
-9667594
-5978353
6790928
7194185
-5677986
-1624598
5595990
-7140366
-7722251
-1661078
-2861112
-7300518
-2129408
-6218040
5713871
927180
7724356
4738542
193648
1454412
-9981295
-9603777
-7074679
-9352468
-5359331
9748576
-7269994
-1383790
-7193666
3245140
-4008890
-9885403
450620
-4369300
-6195760
-472273
5525829
-7148671
8368911
-5162664
4890386
-575958
-165811
-4778754
-6805726
-4212407
6122033
5198074
-5158263
-55536
9398429
1526949
2464666
804226
7694269
-6095108
5281065
355014
-7247531
-260897
-8822671
-2055682
-8286869
1284454
-4357797
1456777
1297173
5703228
6989505
-5268294
5439499
4033579
-1926468
-5744579
2695672
9287132
-2575058
-9868234
-2546775
-977796
5837159
1485408
-5549204
2057710
2409101
5565624
-4541265
-9077741
-5030990
1783802
-6125534
-6275530
1083107
-8716001
-5492369
9603840
7095404
9106002
-7926731
7133831
-3536029
-6058118
8782840
4254437
9406140
5824694
-1291299
-7079648
5965409
8152660
5706364
-4868445
-6626727
-5914754
-5025032
-9285416
3814763
6078271
-5064758
5981966
-2608598
-2887574
-197096
8512277
9587017
7660002
7081864
8795723
-3965673
5840498
2324393
-3961854
-6892875
-7906912
2236606
-823484
-8048087
-8279201
-4218025
629049
1078229
4509618
5833933
-3501606
-574706
4141213
-3281227
6199467
9829089
-2415761
8344136
-9457867
1326965
-8149146
-111062
-8627428
7832964
-7686996
4066492
-4878549
-4446188
6618197
7571659
2756518
-8212791
-4553983
7616193
-1724328
-2132101
6640005
1113032
6659699
-2923449
2369807
-7268685
-3573322
-7523445
-90855
9230650
6821321
-5531480
-1931395
-976537
2581444
-4782288
-7105905
6481919
-3223961
8073620
-6934486
6577130
422155
1470151
9127667
-7620434
1561364
-9176893
7941023
5911916
-7971420
2355369
-400769
-1238767
-704706
3426614
2418625
-9635560
8346612
5288575
-7844306
-2693047
9571050
7824322
-2537604
1937845
-7927044
5246475
-2777631
-7457367
3532736
7333746
-5363890
-9141384
-3766845
8025525
-2842280
-5058290
8736088
224478
8460700
3094453
-6764488
-8915195
-1997929
-7448922
-7830822
-837261
3404698
3851010
-8362252
5820020
2766587
-244777
5646571
-7317396
-4721197
4079377
3070982
-6171960
8162439
-483261
-2165660
8780672
6780649
3758978
-9147687
319630
-9530298
2397225
175633
8337968
-8280162
-5229040
-6172843
2459767
7696706
9967243
9874494
-3754113
-8704653
4769335
83490
7471245
3141150
856161
-7508780
9600950
2689091
8182240
-366811
2776131
-9356731
1528252
3945582
-8733323
-7981658
7699838
-6490171
-163487
-1577794
7612037
-2590105
-3610430
3685564
-690943
-5120003
-4965012
-1399682
65829
-2061157
1179972
-4056119
-6113389
-7301304
-6324995
8318030
9313410
6041621
8452479
-9453551
27862
-2093905
5300978
-8115252
-1613135
4126313
8826866
4993010
5291442
6954215
-1839144
-6992240
-4685145
-5648118
8473149
2571579
-7270170
2193010
-9339187
448365
-2538255
3289091
-6099098
-9806836
4523326
-9974944
5948760
-1333758
419590
6407490
-8563344
-7807192
-6222508
640697
-387846
-7599952
-6135494
-9745415
-9942355
-2736985
-1313179
4403430
7705933
3516263
9056500
-962989
-6482843
-401429
6579977
-3211904
-2896962
3518644
7676847
3147157
-1567131
-344597
-4237138
71273
-9830304
9900350
-5859810
7360875
-3807081
2783736
-3412791
-9872531
1176823
127136
-6872563
-1342518
-3463762
-8621558
-9142213
7122800
-3833494
189552
6419044
3193281
4675580
-4002710
6776985
9445735
4183140
-4367164
7475061
7948474
3964209
9785937
-9854726
-4499299
523143
-3781025
7537065
-5986601
-5969172
-669658
-8420972
-5903172
4576441
-9049485
-9392095
-9506543
386682
8098057
-3905242
-1789664
-4473158
-4501173
-6336092
-7672546
7582554
-7756795
7900613
-5070104
-8732648
1839673
-3265503
-9141545
-4806830
-9548727
-5399841
7577080
-3533776
-1227996
-8670067
9794684
-7454814
1664249
3624533
-587848
-7307765
5222839
9678075
-7560230
5548164
2334865
-9746717
7102726
-3142179
6112732
-6762346
-2857828
-9063357
-5854098
7144714
-796683
8189162
-6641118
6108000
-6303811
4726244
-373681
6365619
1649512
2545218
-9190101
-2104095
-3954226
-9664372
-4860112
-5186172
-2540865
3592018
-8319856
-3126953
4671062
7087321
-2380130
2751821
-2598564
-5884802
6943236
-57017
900512
-5160052
6493031
-1645889
-9656151
7622595
6267682
-2644105
-6854005
6093944
-9051647
-3955674
-9446163
9269893
-6636424
-6894254
-6303369
-5050236
5840033
4652183
9537200
-6984759
8007526
-9551984
-8193828
7649262
3545358
583264
-3023267
-8130225
-8655892
-782391
-743474
-7424434
364944
-2193939
-2140468
-3718237
6223792
-5139035
-5502552
-9582613
913592
-5365060
6532154
-4275961
40712
9357497
-9845439
2203610
-5998451
-7615831
-4528306
-8176469
-6726094
-4483617
5855575
-6297982
-2422240
7598258
5703385
4727999
-5012002
125515
9681806
1731844
8565020
2452429
5725923
-2450738
-3672069
-8041431
-1823891
480527
9589045
-2594209
-3272894
-8642195
-3045937
4601054
4644881
5050001
-2088756
9187212
3859918
8449852
-7650810
-3826089
2063756
-1880720
-2680743
9625987
-144270
-7130252
6505732
-1804076
-5784220
6767607
8705293
9701341
2644764
-1985516
-3484784
-2986838
9098244
-817080
2574788
9817067
3309169
-3688736
-3567663
1510558
781740
1002131
4402010
3742697
-4247856
2162807
-9188173
-896328
9562070
-5963620
-6195435
-5506603
-8150947
-791106
-2054532
-5562049
3627556
2177595
-5987120
6128683
-8461128
-7512102
1158148
2639098
3810893
-5655790
6112938
-5684732
8987196
-7931041
-393157
1837299
-6683538
3066646
6918145
-167225
8377136
7063199
-9974484
-9978550
-3988515
9320395
-2376280
-2913574
-1837272
-3003640
-2740249
-3010137
7696774
9008931
6616456
-5234261
-4609669
3187098
-2360801
-7617905
508590
1521820
3261215
3585526
-8041633
4620175
5812917
769281
6161969
2349926
-8395099
-2118987
897993
1218104
-7472638
7017699
1188034
4040896
-1063339
-670668
6809213
9767155
-855930
-2988136
5424008
8817622
-9503386
7283588
-3008659
677208
7261905
-4024636
3744080
8571674
2558098
1614391
9513758
850170
-3399017
3827460
-4129229
-566264
-1054895
2079073
8020802
3858287
-4154337
-9977396
-2074661
-285285
-8997180
-3928388
4825647
8025610
9590141
7476672
-1484504
9550330
-17865
8706373
8806531
-8951910
333251
-9687948
-7769851
-5850315
-3327542
-6572453
8576168
-7122225
-6980176
3753117
-3316946
9049239
-6092778
-2917459
5744146
4781859
-7927985
-316260
9402164
3800817
4232347
-2614601
-2552734
2338266
-751588
-1485662
80143
-537992
8338531
-1163374
-3778821
-744825
3034855
9803431
4719975
3354772
-8454676
9478307
9505905
-1704469
-412865
-6742509
-7848654
-4055007
-5863942
-427164
-9122994
7909217
4671598
-5785226
-7796036
-2884207
3412242
-8769976
-2881545
-9193872
9616271
-9114499
-126137
-6795667
6377128
675312
4400281
3629724
-9586979
-4741161
-2149785
-328897
-4820155
-2466714
3211842
5738726
5284447
-601325
-66409
-7947582
6444696
-6111533
-2890701
8278380
2807272
-1016551
1542139
-6993259
2240556
-2254727
-1550592
-5282123
5794486
-3337623
2313703
8566147
-6317661
-1960469
8388493
9875677
2837152
-931911
-6958166
5379499
7335062
-536569
8524420
8548603
9423752
8232112
3411798
-7410330
9129938
-7183877
-2740732
-1004565
897453
-171671
2941756
9839013
-8371606
-5124108
-1463294
-8056171
-862835
-2793261
8618632
-9621816
-3253100
743224
-4633988
2482145
1228556
7968288
-2293768
6428239
-2440669
5041471
-4711943
-5065089
4544470
-803948
-6114717
1566462
-8228805
-5623842
5027067
-7584662
-7531429
-4811600
-2001659
-9374482
-8172489
685295
-3762988
-4321170
6344998
8986732
-3096220
-5040670
8619965
-1379187
-8076590
-6003979
958969
-535144
-6400184
9014438
7689550
-2213001
-1624518
-6352928
-5015762
10161
-5771334
5987144
5501746
349480
-4284149
9166688
4274803
6559592
6525461
3578424
-3427437
-7144323
-7436472
4299500
-3217440
-7982161
8338736
7720045
8909762
-817433
-6040574
-8117810
5710493
-9768041
-4573640
-9463527
4968254
-8406513
3838323
-7698407
-8327186
5077317
-6487335
-5335194
3623877
-77453
6516011
1796183
-7499547
340257
-2688400
-6601490
-389032
640530
2606595
9692445
1132702
-2550992
5565151
-4016834
9841913
-1807995
-6710472
7240626
-109500
8488544
3819059
5910664
5959742
3742247
957302
-3700558
2927275
-1885282
4183832
7479751
2099143
6789106
-9773740
3169858
6763806
6873112
746124
-2892284
-479606
4373351
1107481
-3284381
-3257111
-3315722
-833507
699610
-4936060
-7239261
4349923
-6352944
-7021429
-5756008
3366254
5151072
3302535
-8421721
-5100787
2827304
-6250614
-8390220
-5224246
6645656
-9018370
3042336
-798481
7340721
3304634
-6606432
-9641887
-5576036
8865816
-3503341
-9680072
3360017
-1203296
-7171689
2367666
6228581
377975
962103
-7613748
1062922
-394598
9093794
-965479
1551616
-1918700
281014
-7035143
171011
5893183
6435905
8026593
7016893
6408443
-8640579
-2985737
9653945
228318
558907
-6027752
-3215847
9299392
-7694841
4216498
5888007
-876433
-5654143
-2380284
2032494
-372833
-3274207
-8216069
-5445384
6181131
-3560703
-5571031
-4578863
-4681745
-7826215
4752859
9799239
-5052989
9295289
-9008920
5376204
-6563458
374756
3328113
-230524
1765631
-7396746
5819777
-1158131
-6853517
-5794023
6034908
-536988
-3489873
174324
8175107
-6699029
8894323
8908003
7876877
-9446788
-3951437
6866601
1355417
-2094634
2491471
1224252
-7923209
-2927682
-7355068
-3100408
2149144
8056418
-6398731
-1924363
3938649
-2658440
-5855663
-8378070
2529513
8114090
1422854
-9555145
-5298128
1135109
-7434477
-3140584
-2682385
3236390
-4424508
-3579235
2451197
-9157573
-5484844
-6785793
-4472158
-8946181
-5339587
3844596
5914747
-6576570
8668165
9048899
-6219384
2422261
-7079645
-8166037
-1704291
3508161
7305254
8127334
2165711
-9949238
-3097856
5434420
5375553
-4301706
-823545
-5604253
-1869164
-1558390
5333191
9631326
-5908680
7978388
3682386
3225933
3091584
957793
-2601691
-8961585
-3486009
-1445011
-3204890
-4268710
-3439224
7522863
-5510202
-2282382
-7028632
8345358
6829102
-1324852
-3289049
-6036747
6828733
-2721148
-9690994
-7482555
-7997272
266844
-5605014
9786993
8965330
1724582
-8051291
-9401179
5874544
-8830312
-8105392
-9125004
1215548
-6530790
8212198
-1239195
8367741
1961749
-1386252
7823561
7359881
7272938
7353402
611083
3010536
9863416
-4919570
-8292852
-754278
1804610
3273802
5012928
1295909
4411477
712850
891616
1158120
9647577
3532928
757066
-1848459
-2240630
-3523430
8277452
132651
3780749
-2187264
8359344
-9982753
-1780914
-8182061
6746292
8779063
-4402356
4089127
-312325
-8375090
6865067
-7652538
-7172672
2758019
-9568143
748632
7690689
-8371602
-2673581
-6119127
9982257
-2826046
8843838
-3118743
5083833
-8991238
1307607
-238513
4908820
-6295518
4910259
2912719
-5067475
-711829
6924468
-3586085
541269
3093678
-4887150
-6372149
-8563729
-9402061
177292
3274980
-9523506
-9508387
-1667830
2162172
5331532
-9705802
-6019223
2274902
-535623
3197741
-8168651
-1486601
5943506
-6485542
-7225263
-5716783
-7830346
-9572954
-5420881
-7796512
-1590367
-9688871
-6459839
3481637
3746691
9026151
1944054
8421481
4504379
9971612
-8175513
5450756
-2869592
4501984
-3084509
-5043284
-1253776
-2611121
3878615
-6636207
1096828
1712038
-4667637
4752334
9871276
-2017519
3273147
7712711
-3343508
5858552
-3524591
-7600746
8635968
1403172
-1120198
-7551840
2501786
-9418376
6245240
6449267
-8581303
-8750756
-6769302
2540181
3944580
-238270
2511361
456007
-3000995
9156113
3410137
3435847
-8539080
-9471067
2165443
-7009801
8846721
-6086715
-2471203
-963380
-788636
-2976614
7193587
1259732
2756161
-1918044
9240564
5078573
-3919748
4162895
3976009
-7685791
6174430
-5098514
-8408635
-7452924
4974870
6552556
7026097
-2509966
-8767455
1354570
4521793
-2695920
5544855
7366108
4636606
5660705
5178585
4717544
5470678
2871338
-662319
-2863051
6260240
8088072
1833891
5428062
-7153876
2791116
-2013107
6978417
7720066
5410445
-8456861
-7619813
-4273669
-6621067
-5009606
-4247381
-4050098
6039476
790503
-8162268
3806112
-940979
55751
-3188822
-6201140
-6262422
-8724011
-5544946
-3243132
6555977
-4888707
3665494
3261108
-139252
7704724
-7769979
-2688752
-7147985
4058031
3404249
6263017
-4507390
-184396
6694431
2063571
9592691
3524518
6685451
-4880818
7430946
-2152716
-6660935
6678696
5337566
-666562
-2789488
-4304665
7887202
-2223318
-7702190
5177738
6415257
6580125
-8768258
5819443
-7367552
-2547137
-8699682
-7190521
-4684408
-2858188
-2813348
5022993
-6893132
7590038
-1825683
-7523794
-7366082
695004
-4573888
7860349
-2859749
-5195664
-5640924
-1984730
-2148601
4538251
-1738644
5221601
4842718
1718007
5990489
-21991
3594832
-5329807
3466437
-1930949
-7426112
-2320824
413246
6962948
-2369332
7464465
-1149768
-5296822
-535399
-1108000
7803842
-6847860
-5210237
-7336965
-5673299
3208968
5779106
-9320411
9992410
-6404607
4112826
708951
-7684555
2453623
-4034614
9590018
4537433
-8723123
-5500489
6358569
1594009
3323014
-9931327
6035411
-4559052
7884075
2725615
3710428
-4298202
1870893
8846734
-9195269
-8320086
-9290689
8888979
-9654581
2904322
-1854470
7160386
2673515
-1274308
-6957643
-2086195
-7381343
-6172850
-3703780
-6628321
-6235791
6013363
6024485
9589137
-660589
7773566
-5307268
425991
1803031
7821509
-6585463
-5912404
-9044424
-8798399
-85487
-9276646
7899501
-980013
-296434
3191946
8188788
-179434
5423655
1146130
-3585869
-5899295
4271725
-3940806
-2397863
-8072687
798099
-4917911
-8597477
77048
6525699
8554185
-5899402
-5265954
-291132
6421652
-3436635
-483413
1355303
2783870
-6564771
-6081800
-2226885
8558096
-5231939
-3862676
-239145
-5509391
-546527
8754063
-3795994
1056207
4669361
-8298951
4836138
7447904
2679710
-9833485
979667
7782905
-2208293
2761032
2586560
-340462
-6115346
522669
-8167685
254291
-2904374
-6141631
-660955
6519773
-7011711
-1418944
6364032
9754049
-3565243
1599686
4986400
-5048134
7891346
8512964
-7177624
-8406457
8244723
-6041807
-1043457
-7479480
7640356
8921252
4856198
7890491
3921372
-9292990
2201731
-7131857
-3748193
-2142925
9014201
-4120275
-2450022
-2886917
6820617
-9363832
-5620627
8621496
3476377
-7543937
-1199709
-7680331
9574160
-7674805
3063767
-972844
-8902622
3136967
7344843
-9686043
3697148
-9215973
3500286
1544458
-2752721
-1739750
8363946
-4351284
6512429
-2677366
3299472
5584976
-8792195
-8534357
1576908
-6848862
3628314
8470895
-3927975
6070536
-250426
3182610
-9131488
-2320200
-2845588
-1689249
-8232654
637939
-1172191
6998195
7807642
-5233607
5692148
-3579557
-7565253
-1845938
9438287
5539246
9126761
-1675361
-2799838
-3556575
-8295943
-239292
3460916
9942645
-2126536
120212
4382779
-2019902
5843675
-9789189
5646440
5667786
-3994901
-3212943
-5060351
-6526885
667960
5854203
8943373
5373781
3975957
5645085
-2099406
-8278898
7696225
1764622
-7642170
2745649
-5369719
274473
2103716
9132240
5925889
1019420
-5928450
-9211446
7045448
9155866
5074616
-5647329
-7796464
6921807
-5252081
1129906
-8743662
-8018782
-9769017
-2025876
-887590
2404595
-3574769
6455503
-5387174
9655489
5418594
1684613
-1646687
-6368067
-918098
2689025
-5100447
-6923905
1592925
8032037
-7656002
442230
-1103007
1264225
-4988248
-4560423
4727183
-910329
9863866
-3884051
-3091495
6971566
-1033311
-916091
-6052343
-5752277
3561124
-8403910
3551490
5987096
-2502343
151334
7436173
-8344894
-3218072
3557354
6886535
-6999377
-4691543
3108432
-7305197
-5606371
-1466174
4825064
1567853
7101582
5644479
9228308
-8110867
5947368
9709940
5341847
3334148
-4661690
-7088169
4973866
5365299
-6205674
7212642
-5668025
-8888367
1440552
-7599579
-7817134
8176607
-9204947
2011193
4939038
-1891102
-7832338
-4633643
8973144
-3740629
3888882
3009586
2885096
4435253
6040153
-9682542
-4721089
6035847
-5629877
-8935645
3632739
-3659179
-1599374
-3807883
-5557264
-5187871
6661006
6760658
414008
-9290180
6098398
899264
-6619922
1115206
4063231
202661
1647415
-4421042
-1809270
-7503003
-1409127
3507118
-4959048
9348319
5968451
8100878
4512702
-424578
-249012
9794545
7822119
-8635418
-2488557
33372
9104213
9791638
7878204
-2198173
-4127560
-3278437
7997838
4121415
-9670687
1176845
506177
-7882643
-2692022
-6082856
-2559479
-988048
-4664279
2398956
-5817493
-8456173
7518527
8961445
7633046
2300168
9889011
-6519142
7372851
-7067062
2766626
3090824
-6161828
9556716
-4700401
4153810
5043094
2150441
-6951783
-3894218
-1386416
161078
9930902
1215032
-3741786
836128
-8608970
9643153
333180
-7628723
-1905034
2678442
-1465686
-7336470
-2341727
2264929
-7434878
-4372056
218050
-716959
-4427440
-4347459
-2323982
-7306672
-3787174
-1811651
-6522805
-2267985
-2333370
8088980
-2849026
-9302975
-4761294
8618087
4929335
-4071515
-9427571
-3696513
1150665
-9933308
3368974
9888062
5354470
5288035
343448
-2169878
-1382779
9922126
-6467972
156794
-7650336
-2263492
-1074100
8780129
8874951
-4776622
6591575
2867110
7984935
-3960160
7901574
-6837693
-2756160
-1225122
642191
6587896
-9084203
-1248988
836554
9502488
5825101
5756284
8771308
-5168321
-5909856
1300252
1432591
-4135932
343636
-321820
2731212
-1585183
-7290086
4889108
-1234782
-4639411
-8367802
144975
5960435
7060088
4014490
-2266505
1294702
-6095027
-9458292
-5268002
9996366
4970480
2622997
-2228729
2550433
-9624690
-7589214
335725
-8021649
7466596
-6828370
-4886757
-6767775
-9379559
2184147
4512378
-7431604
-9781340
-2519247
-2609622
1633516
-3513597
-6961697
289370
-245845
6349744
-5592522
7891282
375540
4970454
-8882018
2537269
-1873732
-3099719
-5190002
-2639569
8622340
-6241742
1611203
3449212
-9127032
-7381459
-8865384
3804463
2283126
9655185
-4968056
-3009117
7109034
1388127
2277228
-2007850
-2626347
-6571566
-1786839
4978515
8138922
-3874594
7162861
3507225
3513539
8806929
5693660
1823129
3398516
8496301
-6533286
8473888
-8882840
-9420126
9628091
-3861842
3598896
-2817164
-7586301
-1977068
-2641664
1676065
7401930
4835693
712952
5773300
-9208078
-205203
-5054184
-8784557
2271403
83169
5743686
-1394923
-2841122
283291
9216552
-1518211
-9519884
654397
4059889
3305961
4630794
-119066
-472545
-8975702
-1333691
-9300305
-9911913
4801930
2277995
28379
2791800
2023458
6935321
9617173
7344293
-701833
-9938813
-6808963
3333836
-9175495
-3070956
-4749397
7534899
-8452215
8737748
7296563
3110139
-8906580
5203584
-8997265
-2612374
1859508
-6175335
-3833033
-9712036
5275815
-7131575
-1738507
4745873
-1200929
-3972996
-9077112
2981355
1666299
-7693433
4342754
4902338
636166
7829509
1029160
3721962
7585223
-6765543
-4408313
5101425
6626950
-3249815
-9012182
-6655726
-2737672
5415957
4601426
-4405957
8228038
-7916336
7680535
-3261940
-9445913
5710883
8162683
-7857642
8084897
-3736817
627535
9496038
843437
497174
-764244
-2253508
9303156
3867149
-8954873
-5031852
-721222
-1557954
1763346
-3951787
1364034
-9349776
-1935302
-288043
-5518974
5842616
2123426
3890675
-4772211
-4175552
-8399352
1335080
-6252289
-3008154
177618
9017725
-587498
5350961
5920846
7983824
9713340
5090084
5904712
1729747
1924448
5739075
-2869502
-4048182
1740211
-3957426
8102840
-1369356
1324366
5803124
-7175437
5482228
1460707
148150
-8518858
-9094399
-5357487
5972637
7952148
-2417276
4270139
599327
-6999165
-965062
-6179920
-8610987
2681460
75778
4446505
-5737739
-1558119
-9320438
8406356
-1314349
1464164
-7109916
-6020424
8149575
-6273671
-5974088
1271892
1974676
3429522
8831123
-3463341
-6429997
-6658260
-1577296
6739531
9271840
5974621
-7421846
9457272
335717
-2108644
-4529546
2970120
35219
-2542456
6391575
7198703
978252
1797920
9860114
-507691
2095940
-8739153
-1300924
5056256
3479591
-201551
5148381
7162834
-4976265
-4909869
-6832022
5616807
-2748331
-3254608
-443150
7957554
3309578
6953451
-1951679
-1605508
-555037
-6688492
-8086657
7768677
5392372
1964543
-7914890
7655902
6467089
2126910
-6915020
-1837682
8170128
-1126520
9435352
-44718
4751405
-8928353
6140717
9845260
-5377584
-9084338
6580721
-9489399
-2623222
-8069721
155398
-2629267
-7925333
4027391
-9505493
6775413
-8163974
-532762
3117090
841754
5352938
-928736
-427816
4257581
-6285891
3328626
43703
5742143
-3988240
-855879
1618728
5460135
-9853195
9107927
955718
792339
3907800
3719706
-3578816
2436123
-6142970
-1774510
1201587
6207800
1574569
6579567
4532961
4403872
-6718607
-373308
3957385
6323787
967980
-2449398
-5015822
1378632
6535041
-7696306
-2774134
3356276
-8995465
8589723
5444037
-4822211
2842035
-2616426
1829295
-2834125
-5408816
3992038
9014272
-8092184
-9443707
7747646
5992232
-1050189
9490718
-8166475
-6186437
3519091
-6386569
2664347
910934
-1631529
-1031591
-952051
2570599
-4168200
4966494
2619671
-2212186
-2872177
9938134
-3180357
4412595
-7240173
5734750
-5298184
-8783320
9864318
8089249
7962792
-7069139
-7401467
-9425088
-3274328
3018978
-9264870
1728785
599298
1665977
6825654
3329977
-3521312
-5672449
-5502820
-7842378
5786861
4064330
-5826266
3956831
6076597
-8847755
-1902988
7763438
1042227
355746
-4022617
-2642679
7795035
-1515035
-5235472
-9278860
-9905023
9529297
-7662515
1740476
2337122
1823604
-3095108
8069991
-5128863
-5484247
-9764760
-1026406
-8864636
-4662200
3973524
7973406
189052
8624071
2749872
8220310
-3689170
-1174713
3890454
-4166892
-3493439
1942088
-7937058
9951744
4517530
-66235
3210467
-9510656
9966367
-3180411
5539270
-9440957
9763922
786305
524073
2281122
-890819
-8167539
-1387610
6899235
8975627
2239726
8292471
-5826598
-2797455
-5265436
-6227903
-3106312
-5947469
1192466
-6886633
-2895071
-1396360
2121871
-5240015
570571
-8982941
-3004831
6777553
-3995018
-2984791
-6495525
1276544
-9459592
9155341
586778
2250749
7654390
-4067059
410014
-7163767
-3798195
-4754374
3995738
-230285
-8345068
-8268481
-2296131
4253466
3443247
-5005348
-7678003
-1991043
-6051281
-9653920
-8754707
-7844194
-2661582
-8752646
-2105904
-2695604
1892133
-4024856
-8211194
-638814
-4041883
3036435
2234985
-8230615
-5284960
-9540915
219943
3113165
665222
5199683
-2903699
-1369033
1899332
-4184811
-7198374
-7971237
-2920802
-122779
-4927034
5466991
-7138447
2753344
929428
8626521
8840789
8750822
3731776
4568133
7798925
1754023
-5112307
-4664990
5124259
-4644038
3514832
-3269489
-2784563
-1622663
7420471
1176956
2835689
1390614
-5041471
6342702
7537826
7467270
-4343111
195679
5161148
5669580
4128132
7574635
-4693714
3430427
9082104
355185
-4235887
-1575773
9010689
5592303
-4343241
-145299
-8931242
9428242
-382478
3601708
8013560
6297049
8482789
79940
1817896
-9586010
9944836
6951106
-3446811
-7389603
4783125
7689285
3505597
9873989
-309833
5256433
1637650
7110195
-5880091
6969753
-2308750
6488596
3077603
4344045
365958
-6849659
2566953
5391072
9048933
2157840
-1213444
4287729
-8272886
-1050344
-3322315
-5637567
6674767
-3899951
2489572
-2627307
8474520
-1918819
-9688454
-2467933
4489432
-7304215
2573881
-5737063
-244844
6125781
-352282
-681241
6156524
-1520381
-4017967
-4610796
-1060349
-5742520
8882842
1874019
1592112
4817686
4605358
-6662507
-51170
-7251895
5697551
-2057199
-2764400
4034073
729346
2184851
2393856
5454347
5846527
-9270737
2376203
7839218
-1735642
-4543608
7485804
-2294847
-1791609
9123011
-4652100
8039255
-3124068
9597823
8262460
-9035106
-9176775
-1728833
-5718266
9628015
2519627
-9909207
-8535775
-498498
-1336198
4372961
2342251
-95842
-461568
7834361
-7845665
9649619
7534960
-9057164
-5301166
15151
2074020
-2527436
-4126467
-9909006
1456008
7125910
-4619020
-1929243
8767234
-3131286
-1531556
-8727697
-2318196
-2976813
-6622802
-348700
-5176667
1094884
-509599
8857669
-3292137
-6324656
-3467240
3398754
-4040197
-6190552
7073496
3142908
7170844
-4462924
-3321348
-4297738
4655520
-2188751
1804834
4345375
-6730433
2098251
-3831571
-1553842
9796873
-2732072
-5068355
-3973613
622469
3671113
4487703
-6720826
6959841
-6292991
5362778
4601589
4480086
2358250
-9073926
-9660475
3726396
-9750650
-1980984
-2022465
4744969
1011144
-4581356
-7044597
-1579298
8835267
-5139671
6359506
63805
-7311070
86807
7573332
-3117068
1610956
-9356030
7946221
3293533
-1940394
-712337
-585619
6286899
-1409742
9530733
-6545586
9689054
-153490
5001198
-6461562
208891
-9561777
-2140466
-1076838
4465788
7951452
-2692498
5970937
-3679546
2219731
2780897
2188616
5297441
-7022547
-2292354
7127233
-8677825
3378060
-3253039
4658521
-5009215
6120811
3919977
6251678
2763756
3869858
1891816
1088244
-5572554
7493158
-6477640
5240745
-2502657
-4918517
5712047
3941007
-2546872
3719401
-9235816
-8841287
4146781
8721714
3433469
6587186
7369881
5812257
-8413047
-8560678
4375470
3421283
-6804059
-998265
9401331
-6881477
-8663105
-1041109
-4484787
9562101
2300990
9784094
7963735
3286174
-8943858
3559714
-2050682
8912440
4039105
-9003352
-6393479
4347792
-6927260
-5712831
-6341588
-5666983
8031910
3595254
-6236593
-6628616
-4299871
8233894
1030852
-4165280
2597956
-6069969
-9884004
-7493745
7399374
-3409253
2618071
-8492767
6315652
-4535331
4618799
-9173720
9084016
4997395
-4768423
3989686
3549546
-3917493
-7904809
-8395966
-6660644
1275150
688195
-1981232
9347682
4032808
755566
4985351
6540705
6277203
8773132
-7348896
1026308
5954795
3377451
-1681063
-6860363
-747372
-9570664
9841842
-2597301
7417678
5369378
-2991026
2681084
-3642628
-3522481
-4017092
-8605234
9324260
-7288428
2507327
-8165598
-6568322
2096200
6218434
783317
39716
1895395
-8358361
8145328
-870740
9992883
8706729
7328758
-4451499
8420880
8644256
-8842210
5054982
1560654
4127952
8059961
-6583289
8326298
-2835642
-4560528
4970475
9174970
-543870
-4743009
-4775362
7799036
-3541929
-2821226
5615082
4283754
-8546390
-4073074
-6042506
-2838493
6148074
422502
-4500648
5977797
-1858930
4661453
-2846786
3528545
-6800503
3753572
-4554049
9950019
1211888
8499486
-6880513
6433154
7754747
5057419
5235108
527687
6825750
2402332
1690995
-6380976
9458516
7827145
9046103
-4648621
-7877780
-6933909
8403236
9069460
-2320636
1720252
-2182020
-1769766
1172808
-2961921
8626105
-5022144
-2329779
-9775927
-3153827
8341932
-8259052
4558315
-6583784
-4167299
3361482
-9299705
9535028
-4674587
-159938
6204040
-8672663
1067786
6143332
-711362
6307582
-6887404
-1171333
-1238876
-7971433
-3457092
5745778
4893041
-287122
543874
8451177
-6377599
-9560013
-7362673
-9699957
8259121
5155650
-5125690
-5675274
8106308
1542477
8744393
-757491
-7084310
-2928728
-381742
9339947
-5938980
3179590
469385
-5023489
-421384
-3934817
-7272576
906895
2054254
-5520236
5378578
539041
-8478242
-8631039
-7652347
-9360354
1415991
1005489
-7873885
-9748251
8394611
206469
1836224
-422418
529630
-6162546
8557883
-4114282
-1585555
2852077
-3917438
-5908306
339302
-2930753
-8124391
-2518466
9147857
-2314206
-3502694
-184690
-6598906
-6071805
2552835
6030291
-3030240
-5192463
-2171767
3807113
-5164499
-9070923
8651276
9991634
4292198
-8590038
-7582415
3271828
-9097771
7709066
7531102
-613261
-3578212
-2457331
6883684
-6959644
4325904
-4376234
3683387
-1885609
3277055
-6519374
4584311
-443358
3956277
112445
9577574
-8166181
5756519
-2559924
-3580823
-4837640
4367739
4031466
7315265
-5836503
5609773
-2868622
7944867
-471603
5146513
-5503521
-378076
-2591729
-2689131
2258031
9279961
416016
-875534
-527405
-2209865
-6973906
-4149300
2889726
5330988
8884613
6892351
-418934
4737214
-8675674
-5089194
779043
-4349985
-2597874
-7351717
-6817318
-808262
-158806
-144599
-4263191
3812877
3204496
250577
1865280
-8001050
-6118856
-9966301
6085754
7600969
7600363
-1673899
6880698
5848388
-7272116
6117374
6265107
366263
7357477
-9854301
514632
6018858
3493037
7142234
3584596
7680910
7015129
-9000577
3603106
3281497
-6346863
-6540539
-5688645
5001957
6535070
-6803426
7543735
-4733479
3862943
5944790
-3652769
5167379
-5148785
-7904811
9628717
-8128205
-8944231
-5496446
-9811940
3509380
-4283482
4258412
-7151745
-8923275
3743765
5360251
586746
-3424144
-6226372
6698137
8288407
-2624897
7937458
4785879
8852597
-8193004
5796497
-7340175
-945734
3366472
6183022
-45573
6486509
8200774
8817697
-22519
5524551
-329617
-3854375
-1140395
-9881417
-1886465
7359433
-9186510
9604828
1886457
989417
6907343
-5596920
5360123
-6296267
-214341
5184930
-8326245
7981636
6547637
3772476
2169257
-9159688
1782640
-4250521
4506079
5960476
3298023
7821314
1298090
-4874691
2791194
-329014
-12635
-8147792
-2169658
7597593
-3848773
2976309
8597318
-695331
9634192
-4154907
-502283
9846684
2747993
2564959
581328
8792765
8393438
6236476
-9340323
-7152366
-2237025
306444
-7657958
6827074
535370
-3520692
6096350
-754225
9236145
9675955
-3963026
-8160879
4712862
8369321
-5884967
-2133510
2720193
-6479417
-8230919
1647815
-5842976
-4046981
-2163692
-4632302
-4536585
9602655
7331991
7538007
7668519
6250326
4066972
1593061
-5104060
9693935
-9732745
-8939587
-2553638
119558
5129136
3570733
13980
7798061
-729946
-853036
6912463
-5895276
-6652036
2203811
-2916032
8638448
259086
5035108
4065997
3774113
7116298
1338368
-9956839
-9263714
-9826581
7017060
6885430
2697032
-9404116
-7462311
3441412
5146603
6988973
-8127047
8436989
-248968
-4422481
-7215050
9382013
-9572563
-921727
-7432526
-7088665
8473729
-5863096
-3894712
6106136
5025386
4728729
-2175114
-8693374
-8769789
9719903
4841550
5965577
3318048
-6682952
-4339203
1631400
3366107
-6589232
-2321013
-8719785
-1017558
-1325285
-3649052
5788796
6975858
1761967
6500457
-4226843
3689005
9349549
-1819715
4689458
-9890385
7805319
6340546
-3664278
-6436444
-4038228
361723
-5884900
-8287890
6312673
4275927
-2002994
5098735
-6323776
-2091893
-2117792
-3524447
5745166
1225237
-425745
9898331
2413158
9129070
-1364615
8494332
1520582
-8969169
-4927939
4036801
5603436
-3180852
8767975
7522550
-563674
-4829413
-2255616
8586089
-9002432
5765581
-104590
8762752
-8652525
-9711949
9143354
5064359
-8793059
238497
-14951
-6857439
-8881139
-2134532
-7126656
456404
358416
-882744
-1742764
7797145
-6145103
9157977
-7826370
-5144426
-8843295
4403806
9986493
-1228294
-8037272
-7166649
-864561
-3152429
-1450025
3183097
4431735
3562425
2146539
-8568448
-6616242
-5997586
-6232403
-1126407
-997972
1711756
1120828
6950140
-2460175
8380923
-4016011
-5833888
-9852472
-1830004
9559324
-1892861
4501618
1964248
5536818
-7911998
337854
5547124
237127
-6820051
5371959
-5491624
-3915065
9141111
8961843
6497567
-3805095
5614577
-7664714
-7045951
-2405881
-1539703
-9822871
6536632
-460886
-7932218
-9968687
-5255856
-4713266
-3836819
4182842
9352800
6883747
7593289
-7814086
-3855732
5546008
-2343712
-3543677
9793236
9916633
-6259239
-9580176
-4371517
-1168527
-773524
1206519
-7939589
9213821
8026490
727671
3304793
-8986387
9316648
-9198516
-8938757
-4672065
1056807
2150088
-8333946
9614261
-9860582
-9002298
-3409456
3684728
-6226445
-7560400
-1435004
-9561230
4181587
-401288
-8095996
9259637
9546155
-4277349
-1721612
-7865480
-3823462
5673923
-4405331
-1549012
-1434627
7835561
-4515257
-7040662
-8818887
-2299396
3889683
-8533989
7840740
9382429
969437
5778757
-6510208
-310986
-6979619
-9906129
-1560112
-9645712
-7207399
3547542
3697464
2751124
8182036
3973022
683006
9891004
-7869743
-7036946
4087720
-3187688
-4234827
-3634642
3215166
-599647
3759923
-9928862
957647
448848
2377947
6939078
3435642
2513061
9078641
-483722
1670731
571519
-5058160
3536880
6684159
6567827
-9392403
-6861464
6718912
-8412101
8446055
7792317
-5018413
-8831352
378877
2669294
6722093
2729314
4132
9174114
4445068
-2277261
-4178243
3092134
-5669421
3337739
5129580
-1826963
-5891784
8600520
-4945770
-5046758
8313991
-4858629
-9420420
5842178
-1488933
131646
3921596
3462895
3901350
6855758
-4489815
652519
6118890
-9838540
984169
1473620
4090947
5588601
-1216233
-9159525
-9946808
1075882
-4752508
3368314
-7021788
750849
-9870546
4398215
-6644597
829399
8384078
4218292
5445615
-6764285
-5117226
9462927
-3417797
121663
5554476
6820574
-1361215
-5995854
-1303327
-6681750
-4018033
-3986181
8059304
-3853676
-2396621
-3012819
6494691
2261307
-3504686
8486652
5200311
-5243038
-3643416
7385590
-4786593
-2170770
171933
-9297093
-1207500
2396663
9140783
9719883
6290544
7770907
3223365
-6212924
2608626
-661872
1970733
-7290039
3629763
-1508471
-9972635
-1270977
-5326088
2198614
8701442
9863655
-4597563
4245099
-7581822
3503260
-6817829
240429
-2331989
-4282845
-7338990
-6141956
1665672
5985444
-9393525
1393016
6184933
-9036136
8935571
9085481
1924204
-8048076
-4336873
-6135775
-5664643
-8508283
-7866407
-8311220
5775739
5969698
1062595
4128104
8808348
6089459
-2081556
-7760070
2958905
2848096
-6678254
-7932269
7417795
-682478
-9680716
6815829
5977030
9393732
-6535029
-9223385
9292417
-4940710
1759395
1687218
6229223
-7672782
6031528
4558249
-3631194
604012
-9503647
-9705967
-3925508
-6924677
5163078
-896164
-4611393
-989344
-14234
6940487
880176
4336547
-1030227
-4647232
-4808472
1027449
2371458
-9442026
-5836490
5457753
-2500453
-9015164
-71842
4829822
4409055
-8967388
-4899239
-102409
7503391
-4080141
-3378351
483803
-3485556
5302489
4398527
8993878
-7469965
7100310
1899546
7857902
-6119094
-8060815
-5551888
8443102
-7020959
-9212372
-2146112
-807245
-9330746
-3968046
4382295
-484650
-3451792
-3721936
5672393
4519505
-2947081
2143188
9868164
-8117802
-3200602
-774693
-9230352
5973421
6650115
677902
6735059
-2255950
9208079
9438080
5928203
7931972
306724
416216
-2537891
-6381214
2571117
8184351
-8222964
-2344128
-8237762
-8298223
-9457176
6244739
-2261917
4148664
1933757
7483130
-7615405
-5181413
1375874
-4502997
-73273
3267305
8558403
4352587
8494449
-6750650
-7331548
-990068
5518825
8436140
5048370
4482171
4706171
5962858
-4723252
-1018597
5544498
9808447
-7397269
9802612
-4054155
7871868
-4637296
3273098
-4414388
7719557
-2255869
-1860820
8201823
-2877476
-2663801
-1028890
-39260
-4815089
-2855060
-6342294
-8989767
-8709831
-9531949
-3400686
1295235
4752008
-6828202
-1231702
6567943
-1776998
6903374
-5291194
3329254
775043
3468831
-6630326
6068696
-6431104
4587307
7232401
5031930
7200939
319459
-3480584
-6796542
8576063
3191155
9098289
-2155372
-3074965
-454861
-3557993
-4234362
7232080
6108809
5069488
7890521
8715288
-4565084
-7878009
5692343
3075824
9051434
-2734449
-8736324
-8500566
8625216
4609227
852299
-9954158
2971225
4840851
8080270
-6666492
5210886
3870994
4004279
1624492
-3713393
478006
-4433407
-1349296
-8191526
1242122
2539733
-9574063
-8596330
-673828
4689411
-7095675
6193494
-7114615
8271087
-9526131
4167282
-2429730
-5121940
-5890762
-9082323
-4306200
-6307175
-9076414
-3939519
757672
1258820
146489
5876266
-347554
470629
-8016490
7359695
-8197814
8037781
-7379183
-560789
-2459946
7724727
-114998
-3684063
-3593758
-904560
7694415
-631232
4186655
-1095692
6503946
-6232981
4105881
2647221
1727120
4412364
4293875
-8372693
-17038
807041
7711100
3120730
3472723
-4103562
7472977
3413365
4382731
-9603235
2488580
6352042
-9665327
4190464
4388347
4235149
3211208
8848942
2501657
-7008873
-9148451
-7953328
9043918
-8650946
-9392448
-2264550
2211470
7054210
4089367
9447864
-357274
-8881882
2644142
-8576496
4656203
-2779546
-7576825
9752672
-7139699
-4239718
-68208
2548418
-6683468
-7797929
1942335
-2753328
-9619358
1119869
-5398752
900069
2125106
6334965
1198396
345630
-310487
-1735566
-2394056
8087143
-3698522
5363794
1536453
-6996174
3720899
-6873029
-237709
1451199
-6839570
-561150
6206314
-1890792
2588210
7945993
-7237442
-7157859
-9181501
-3095248
-5413773
9000580
-1714626
5493643
9840703
-9314137
6090704
-2836655
-5460642
-891372
4716521
-1585748
-8611626
-9396458
8985499
-7206815
-1583458
5263219
369814
8995310
6275529
-9716008
-101188
8250668
4775742
8553428
-1419928
-6053170
6853220
7769748
-7313531
-9244536
2476490
-2819270
1217656
7186570
4434084
9979050
-5915120
-2644364
708175
-1501692
-9072187
-1300987
2997335
-7395782
8170048
3827817
8105506
-8865322
-9128157
3733632
532796
285986
-6579717
5081263
-7449124
-2354206
4159862
7453695
-4895175
4200170
-9915058
3754257
-5862001
-1965547
7141005
-1198905
6018277
-9266246
7897149
-845856
5649007
-7618530
4147721
7775914
8151856
5965166
4725775
-3454626
4714033
-168014
576237
-7834870
-6996665
5458933
-9250606
7929997
-9957129
2534080
9048466
-4075132
-2368998
3579572
7635868
-5980783
1850455
9766455
-1800550
5428290
3606356
8803154
-4941768
-2031469
6289695
3407490
5908796
2562628
-1703130
-9676756
6146187
-2875905
-6123009
259098
-3194975
-4792056
9973138
-2732506
-4473290
7719198
-4136798
4809017
-7766668
-2856045
-3258904
-5813880
-761638
-4242182
9923995
-8052455
6431100
3248967
3729641
4524648
1766758
-5655402
3049953
-3735067
8693229
3696635
-469242
-1507448
8185142
5597957
9058169
1168426
-5044030
535562
2416842
5334112
9367071
3654161
204895
-15780
123736
-4931648
1768714
-8734260
-6742168
7820173
9034138
4591728
-8996905
3167589
-5025767
6823521
-2203150
-717652
-7246964
6231534
-7084041
-7014623
2832989
2665262
4882552
5267776
-4587367
-7826242
-553939
3494400
-8142674
-7671592
8070613
2100399
-8801181
9544218
-1246942
6414179
953083
5342521
-9228849
-5652160
-1330103
6146729
9870927
4027780
4929504
2893526
-4054173
384145
6634633
-6227959
-3688141
-8548079
-1587041
-8926678
-7666991
-107193
8181613
1616459
6777527
8820018
4948972
3135536
8521904
-7852869
5821837
2638298
-3495691
6084361
5390945
4655324
6891131
-3909123
6734451
362563
-4636725
6641835
-3906126
-6639209
-6111219
7113684
7094872
4772627
2212553
6544572
4212792
-9851465
-9356045
2545779
6460014
8493287
4500391
2904365
-7938616
-6134040
-7259155
-2723257
7041624
3530411
-5468655
9440431
-3329536
1083760
8958719
-6924838
-3586957
-2140289
-5962539
-8507313
-1629769
1959435
6188412
5880583
-6349325
-3729486
6704128
4423800
5312064
-5949483
7554618
4908348
-7582395
-1830466
5473929
8319167
4902648
4626531
4592531
-3879287
7801884
728583
-8683001
5475168
-9378529
-8172597
5696109
-863843
-4618209
-7570132
1106186
-3815261
697214
-5654736
-1421960
6561716
-6486859
2942257
-7488111
-6286697
-3200428
-8393778
1769543
-1042857
-1224704
-7034881
2842356
-5444022
4606317
1721876
-8282729
-2484371
5691701
2526869
-8678764
-8433876
-9322255
6333605
-8027196
8632585
-1302172
-2069998
-2489733
8304979
-4760553
-7731131
1349209
806119
-8876038
-4365919
-5390833
5149224
-9835315
-2523097
4102345
8712197
-5483363
-9415232
5157824
9358054
4890378
-2657015
-3671282
-615668
3490707
8006926
5018909
9401242
139541
7905147
-1754060
3772100
6963602
3541243
-861805
2211200
-8526070
7256699
250980
6843505
3090609
-5232945
2046595
-1866755
4945395
3342476
-5262771
-7047331
-8271254
-5570913
1599674
839826
-1179852
-2336868
8126705
444891
-8039146
9030718
-8953550
903882
-5645165
-3702368
1588392
-1405268
-9798860
-8976296
-7826090
590826
5902169
-7549124
3762169
4575714
9751474
-7011146
-9533891
-7495075
3744031
2731010
-9205817
698787
-1940645
-4996757
-5594305
5384342
-2851900
-9254992
3866393
8009928
4368509
7940575
9449253
-9506203
3167315
1316170
-343960
-7710713
1799540
7779698
-6544623
8280012
6603254
-1652881
-4060392
2983537
-9760501
-727071
-6402369
-4285693
2844238
5473167
-7306657
2383099
-2544900
-1934123
6653946
-3258115
8365859
2202081
-9340746
5360518
9588814
7685775
-8796299
-8729348
-5577935
-1513312
5284133
-6351437
-7239773
-4807536
8803212
-9609203
-6909775
8273807
-9528572
3889076
5956485
-6946372
9097228
-8169180
1181500
6191732
-1641572
6805377
6327339
9395427
3482194
-3289222
-8590233
-587382
-1347059
5060920
-1195350
-3397020
-9015452
-739606
-3577107
-6411202
9961315
-4031563
-6525596
8510309
-9176324
-8258076
7266468
1159844
9217965
-3227054
6246125
1762263
-919111
-2907149
3350892
8794424
5631602
6469167
-3622291
3432222
-7604688
-1736290
-2979180
-3880901
-8987633
-6985917
-2296104
-830726
9970819
60521
-1687326
-2672637
7894783
-4600856
-2835038
5780147
1951467
-1845201
7077958
1468515
6218689
-9341741
-9929214
-4896272
3878414
9056157
1475024
-7976505
7058816
4242815
5774993
-877009
-5013553
1329915
3579480
-4609220
-9157297
-5429887
-8898390
-2425637
5847399
-4021706
-5272364
8317906
9824913
-9979706
5376829
3266477
-863898
-8288030
-1882943
-1646057
-1246985
-1788027
2582249
-909726
9645846
3161640
-8013479
2820762
8955381
4436337
4863887
7830260
-8125069
3211205
-4934967
-1063354
-1631295
8575858
6721602
2342303
2618131
1234648
1944019
4281797
9329445
3269874
9606379
1260244
2012588
-6092114
-9125967
3382699
-2194805
-7812158
-4021837
-4530526
9437774
927898
5969310
5964083
-7660668
5512137
8001875
8798836
5842014
-7844769
6588053
-4876522
4603950
9658707
6684320
8949180
-1140434
1726690
5430360
6012381
-7151189
-590815
8813567
-3432716
519183
-6215044
-8812654
-3853367
451511
-8452907
-7606718
4542939
-7643778
8324005
-2394460
-496846
1337675
-8433583
8915241
3111650
6274122
-4050338
810671
8853752
-434687
3779628
7230774
-8704486
-6603507
4629408
5300956
-3963737
2824961
5706845
-3620610
-9650491
2039161
4237130
8436885
7245516
-2662436
9034104
5063705
-9226040
-3069918
-6683081
6625181
9102102
5545350
-6133229
1850345
-1717814
9531870
1250398
-8459626
7532500
977355
2455944
7858505
-6181490
244723
-9366527
1285313
4057622
72884
1720438
-8237439
-5090879
7301455
270233
-9100336
4926158
1536924
3127237
-5477364
-7224727
-2316179
-8637933
8297771
9187238
-6653866
6789259
6460057
676390
6725159
5244952
-2341388
-5378596
4828146
9539533
-976742
9044404
-9359076
-5697221
-1747592
5624831
-4763701
-5904466
-6615914
-26975
8771569
2138892
-1734828
-7446474
-7980397
6420163
-570242
5656458
-5864908
2835143
5606175
-5431783
-5807170
-439749
1826976
-9608244
3660976
4227349
-3066950
-1740577
-5809303
-4225726
-2900874
-4433917
1834770
-9109660
-6681410
-5959926
7596119
-3669564
1723814
7778081
4510028
-392058
-8374132
7246668
-4944166
-6787860
3574361
-7945497
8462605
-1687717
-9501695
5227161
-7954812
2302836
8168189
-1166173
7183806
769989
-9357902
-3656240
7862174
3023193
780437
2024923
6873000
-8766521
4158152
-9659617
-9477977
4668663
6325465
-9199795
-1380633
4971610
-171165
8285804
213326
4751538
-2203565
9354410
4679934
7429134
5309459
7964082
397656
5523917
-5262052
-2644661
-1024361
6843301
5040963
4377779
6091125
-1616447
-368557
-1564151
7863634
1512988
8766366
-5870572
-8735663
648445
6045219
7111705
-6677839
3353562
-4671166
7854834
-2927104
-5408369
7389235
3434014
-7398349
3873149
-8510731
-8820106
-8043244
1662925
-5842040
6324504
-6052047
7471618
-627936
763281
-4095133
-2193434
-6639867
-9759082
-2911863
1128204
-969420
-3499818
13116
5987143
-5799708
3710518
9722569
8749323
4619383
-635137
3828539
-1817614
-6506681
-6328987
-8970371
3141310
-62960
9093142
8323367
747249
1343374
3695888
-2645652
-3907568
5287486
1339413
-6621638
-9422121
2395514
9928643
297733
-4490456
-188849
-4964241
-3238256
2146566
-6869948
4344128
6835848
-9797772
-7577654
-2257425
4672533
-4683215
9845154
5537472
8817081
7003863
9690865
3645712
6086386
5742522
-9030351
-4379565
-668436
3373381
3236100
5965979
-1141955
-23180
3868807
-9624841
5247826
7529689
358509
495185
6132362
-8101398
4061228
9309204
8392248
9944128
-4935828
-5938207
7563137
5227099
21719
-4551375
5882586
-9717987
-9819403
-5613491
-4869670
9691594
-3232197
-7914592
5040362
-1192161
-8323143
8767554
6668562
-8236055
1748938
1981367
3891696
-166805
-880801
6874686
321902
-9618090
-8325988
-5201883
7458909
-1773633
6516126
-5890295
1586843
-9669109
-80648
4443558
-8506576
3962869
618355
-7074054
8329285
1382131
401548
2138469
-8485463
-1095273
-2991761
5978892
-2940191
8540083
3413277
6785944
-6268084
-5976663
4487685
-7722405
-9170518
-1031674
-2334512
6471181
5181369
9193814
-4260907
8658525
9116940
-6035242
-7102253
-7107212
8468092
3013227
1421294
-7273753
4600747
-3012790
-1026966
-9772354
-1359809
-1031346
-2599791
-3355590
-2189577
-6789031
-3373308
-9184886
-8166799
-3499871
6107686
-1495171
-8559478
4250189
-6819744
-871937
3823014
-5538590
-9343008
-1510127
-6481335
-5933667
8582944
-3949392
1717107
-8179190
-1300012
-3823640
6530420
-6779762
-2233561
-7997147
5564680
-7187759
4353258
7530071
-8573711
-6365575
8286683
1703521
319315
2286430
-1908632
-7546703
-3307845
7170830
-6402863
7453375
9728173
6823684
-2406492
-1971509
3409204
1790974
4412299
-6386045
6841325
-3624408
-2967153
6657645
9524229
6757082
-6874864
-193790
-9720639
-1026275
9850615
-5224529
6408208
-4825905
3882071
-321448
-5955948
1089700
-6761144
4285230
-1421354
5795024
3084146
3756193
-771026
969848
6606274
-314722
-4588873
6971717
5669036
1543449
-4332101
-4773376
514388
5114031
1526486
-1449857
1212530
-8405096
-2483112
4449893
-846985
-3204405
-8270282
8793324
-2525919
5180465
-9534672
-1613108
-7013659
-8893702
8671939
3820493
6827201
-1083287
3296860
-3763818
-6538863
-6752035
598809
3782353
5464754
-3451272
-8886265
7350296
-2066730
-2423892
-2038963
9367333
-7650159
9995888
8753547
-3565031
-1490213
4957251
7190417
8981804
-2843865
-2470980
5681363
-7361828
-1657398
-3316272
-2985799
4189969
-7537637
-7991335
7907907
2070545
-9007364
9336674
-9250670
-4897955
-2780455
-8042432
5170006
-3489738
250777
7047802
7528965
-8286047
-5354085
5546297
6326661
-9455076
-1377808
410559
-7777527
-2069250
-1831530
213760
-3924746
-1488209
-3140820
2283976
6337348
2293913
-1638473
8855716
-9852478
6270277
-3938941
-1526890
-4841222
3866532
-8768992
-5371402
6770020
-3130863
5742683
5303790
6564463
4401863
3485521
960459
6846508
8699615
-2522509
-9434310
-7382681
3822264
4599035
8192648
1358545
-1228876
7723018
-8454872
264423
-6582172
6990621
3957497
1082130
7644046
5386996
-8345075
6462154
503403
-5925784
-2653553
7490607
695329
-7396606
1295109
3317559
4241162
9526150
7173554
-2572286
-2265979
-7494788
-4769924
1159854
8932805
-5980574
-8317069
-9900354
1571044
846038
2523736
-3963492
-486780
-3200831
5327644
9752634
-5128151
-1305306
1047265
-6144878
8218723
-8610149
7342282
-1963232
-3058685
-8990446
-8874431
-4390225
-9599612
4772197
-2582867
-8855741
2989412
-7605408
-9615222
-9362216
-737464
8977385
-333730
-3019464
8341384
-7685098
-8538969
2102089
-1338094
2827328
-2957016
8771524
-2932903
-6549370
-2448685
3585663
-6947533
-697276
-2600785
7256953
3708228
-2447019
-6184032
1637812
1549828
8069250
-7633246
-4190205
-119897
-5637382
1342367
4687100
7620255
5505248
-4681842
-5796159
-9588773
6294963
2849632
9479128
-7590423
-8820354
1351243
1817419
666721
-9523046
6052846
6753390
-7575155
1952853
-5532690
1352682
-3286507
7097035
-8651460
-5412682
690680
-1532761
3967226
8861296
1795062
-4639936
2238783
8092500
5496655
721299
-4135516
-1034719
7772692
-2617857
133352
-3502870
8578989
2320555
5031435
-857302
-9465879
-9240759
6601174
-1726065
-9782701
-8706109
-1489468
4206189
-7292002
918151
8147860
-4842661
2671113
-5514819
-599306
-1321537
-3755008
-2812079
7020704
-4987434
-5651352
-1683560
6670460
-1163158
-3695776
9534671
-1691100
-984095
-9966268
6966570
9509456
4893345
-1451670
3762853
-3490531
-2825512
-929512
-3952009
9192186
6136977
-5994417
2317873
1505697
-2958920
8024252
1935449
1399977
849789
4467330
-8494368
-608597
-1979183
-5129488
2245728
-8840869
8983383
9222308
-9445468
-377805
-4960048
8218158
-8303078
-7496597
-1603992
1166557
-1244330
-3686242
1324026
3029370
9724361
-2921050
2906803
-6817123
7262329
3089186
985174
9385428
-9758573
-623776
-265855
-6641296
3494085
2752494
319200
-8784827
-5726700
2069033
2549313
3931942
4724108
-4141377
-1064505
5311972
7951499
278626
-6887254
278018
-3481068
305358
-2609237
4982724
4183258
-5663363
-6921900
-9830988
9538263
6111056
-7392941
9932125
-8042366
-6760701
5579563
7727744
305369
172680
-2543354
678047
3935312
6008776
-9820652
-9964555
644335
5291582
-5123558
399324
7911250
-4122222
-3012022
-6336679
2887931
2010770
-1253777
2232513
5951318
605242
-4660146
3555193
-1294534
8827774
-609785
5775695
-1802762
509273
-8565044
-729088
3839139
-7377523
5294317
-6637024
-6422007
-1632689
2221785
-8181347
-5667996
6668802
2528613
-8499380
3207536
-8883338
4817645
8520352
-125097
1396971
9798931
496564
-6643662
619775
4953245
-541841
8593073
-9040852
19494
-550833
179184
5995519
-9069776
-7534210
-3612643
-9444980
4183963
-4960080
4339385
2462641
7572726
-6021615
6609262
-2222620
-5462309
6165875
-5168965
566174
7752993
84918
9408459
-7272284
8994174
4770190
-5582703
-3008039
-5431539
-8748570
5244889
5079820
-2663907
-9719109
3462456
5464327
-8890251
4101915
1524597
-905446
6349016
-8446580
-5549748
3448747
-6525457
-2671197
-1309671
9140995
6129604
4126643
-753925
6182631
-1924814
-1743646
-9185008
8973667
7969140
-2586999
-5097634
-3245505
1311796
1639506
423034
-1738857
5978129
6529216
9968971
3645998
-8293684
-5400512
-4972329
8500307
-9661943
1289951
6722023
-9959705
1934104
-5039270
4488413
5364707
8849570
-3308632
7211791
158081
-1147589
2307821
-5299733
6584616
6425448
7998394
-7852703
-9808663
-7918546
-763096
9048121
-7872978
5807807
5590292
7128657
145578
-7389400
5974100
-4592644
-1333931
-4742093
-1772605
-646067
7355781
-3477460
2618778
1559775
-8523374
9730858
7880967
-9192372
7839365
6987120
-1012463
3204356
-1431519
-7067038
2666662
-7985707
-395040
-5484485
-4399339
2195925
8814253
-2480283
5388145
1168467
1747244
3645468
9145440
6154038
-4350026
3265663
9717974
4089987
6395345
7517801
-5683048
-355572
-4411119
-3350587
-8346668
-6047347
8394875
7811973
8174718
9651159
7287776
-808966
2385759
1458421
4711154
-22214
-5286439
1993058
-7037440
-7655723
360963
-4005388
810581
1221567
-4422578
-5773457
-1258295
-6087945
-7069885
3033656
-9674732
-5806425
2310083
-1840815
7253632
7987710
-2414185
3324867
-1187377
-3301828
8735638
-4714101
5125946
4251203
5774001
9493465
-967426
1374273
1514009
-674424
9692672
-9553797
-2598595
-255476
1479121
7936768
8251644
2724290
-9116477
-4765218
3980388
1244358
2590186
6982663
-6651209
7926041
321981
-8588672
-2119263
9776496
-7929577
-1645525
8201335
8981249
-4428711
-8138126
2327410
2057523
-7808574
-1287436
-6131386
4684899
7895660
8787247
3616507
-8565165
9157298
575132
-4868098
-540830
9420006
-5040434
-4193450
7785726
6277160
3751684
-3203513
-6345141
4447230
-3619291
-4755358
-1283067
9213470
2536278
-6048052
-9887149
6854088
-6488913
1800778
-4101663
-5955407
-2639521
5308618
3407736
-5305512
3229732
-4900788
6780478
-6080595
-4288935
5127946
-7188077
5013224
1920657
-5089711
6152442
9047061
7746904
4842654
1399185
-2709663
389472
-4572916
-7402051
-4314274
-520299
-7533796
1500931
3950095
-9649883
-5819023
-2617051
969340
1413485
23596
4024443
2040783
-4571509
6766438
480792
2542035
3122902
-9841777
-3669177
-579322
-5709029
9816553
4431894
-8523728
6162229
848363
-7236406
6345402
6702033
-9112066
1304938
-3158516
3905657
-2795578
4939819
-6068904
3005427
-7740729
-8100165
6456532
888639
-7729775
-6353314
-4303303
-8449027
-2735679
1357120
-6735618
4721316
-7459038
-8364889
8148512
-8970286
-9435407
-7630309
9723288
1894735
7052720
-7507952
-248216
-1874318
-814420
-8473103
7171698
3801039
4904856
9369938
975163
8748214
-4781565
5435354
-5083085
9708115
8573533
6955678
7915570
5288578
8448307
-603388
2458236
3860747
-324467
2995348
-3171401
-940523
6434641
4107736
7210431
-2114683
-3301638
6994486
-1043340
2374769
7544468
-8442528
-4272931
8533185
7947393
2209670
4234708
-5122254
-6842271
-9478302
-2490546
-2193695
4027251
7358289
-3404486
-8824285
5847899
9122755
5319848
1578953
3810286
499644
-5987130
7930943
6369017
-607475
-3476856
-9423140
-9639736
-3266530
4098586
5380935
-1587563
1332884
5335231
4326300
-3206761
5891524
-8142748
234928
-4050989
-9327014
1058294
8686473
-8480476
9132511
210154
4043343
-7307651
4519136
-8332632
-9788576
590028
576821
5508357
-366985
-9302688
1682089
4272871
-195685
-7939931
7449084
1629008
6413212
7324921
-4927226
-2138174
-5094699
5305602
6861243
-2521455
9177392
8710954
-3660017
6109371
-5586571
-4364642
-6520912
-8675808
2292430
-7990344
3038390
7730104
-6104862
5760157
3400417
4330298
1010470
-9860773
190023
4447738
3490045
-2486631
-7158080
-3779160
8059966
-4595582
-3067284
-1914692
3298106
-4549367
-2449807
-9336758
3202284
-2366083
-9106964
7273574
9769529
-5302303
-7910524
7005007
4905002
7517375
7178844
-4741424
-8054661
3116751
-4220387
-242685
5873212
-5989830
-1252607
-6630997
6457546
6237988
-374686
5429736
-1347872
6633366
-9393370
-9147596
1978069
-5846513
-9962178
48229
8303950
-5132241
5067416
-4358986
1407039
-7695495
-2474288
-6001735
-8869629
-7947070
5368941
5660012
2513562
4934494
5228179
9560501
3592470
-7878045
-5256827
8800560
-7748035
-2888513
9346892
2757144
-876813
5206909
2472436
-3799788
-1949423
2780624
2377102
-4450683
3818136
-5481024
7836720
7674127
-1058402
1061537
-3040064
-3598026
-6452872
8512195
-5157992
-7097505
-4557254
2004149
2798640
2371363
-3852884
1971583
4776639
-2199573
5590990
-938739
-8430399
-3649675
-2472896
-7195277
-1687632
-1427059
5956990
9263734
-7969721
-7371204
-3948029
7363573
9527963
-4692563
-991472
-4110949
-6237067
693796
6979302
1902276
753016
-1147432
7657346
3678429
-7759992
-7633741
-3456036
-8415415
1770239
-4193985
603776
-1826777
9994100
9960007
7389605
9631689
-1646793
-6574725
2659454
3098783
-7182264
8426413
-4358500
6775614
-1792331
-6435190
-7879786
-5521140
-1632689
699887
-263489
-6534917
7218449
8991070
-8727220
4912990
-3775373
3136696
-9725252
8317510
-222667
-5587512
-8170599
8702550
9467692
-7389345
9343903
-3887072
7926718
6488408
-7112412
-9358839
6954327
-9040448
-7755523
8475710
4583133
2716389
-2903951
-4832793
-8683760
-7788537
-7093634
-7138056
-5444436
9792442
6593902
1268280
9814990
-4293182
9528179
-2549244
-2399316
-3745995
3509200
-7309240
-9764171
-9487301
4071199
7408243
-8670032
8943543
6899115
2977360
2861391
3808319
5505031
-9532634
5774709
2874184
3627900
1172744
-4624060
8470326
643216
4827581
1161209
-9416183
-2358250
4973071
5920646
7543
1257502
-1357248
9406564
6076351
-6705355
2665497
6673022
-2041426
292315
-8054364
4117425
-8187375
-2135575
9120553
7285169
7173826
2814780
-9890818
-9800836
-3073095
-2633842
-5723676
8513490
-5554497
-171829
-9471818
4748256
228705
5278485
4531980
3106961
5458749
5361669
-8034386
281431
7605581
-8011452
-9205854
272438
-3350356
-3682660
1410766
5025461
331726
-8460526
-3251904
3671103
-266876
2445925
98882
-2254644
-6762827
2681709
-9970705
3645510
-9572384
891009
6921131
4523824
-4541655
4891404
1831921
-149452
8676796
4901255
8520958
5973560
-5098700
-1594270
1674298
-2867898
4956435
1599466
-9159726
5875011
4457704
2935150
-7380560
-5232004
5239793
-2487838
-7480182
-4116842
3312259
1211255
4014683
8106347
-755881
-7995481
2731049
-8666339
5840162
-498960
2813891
-8494036
4021541
2033721
-279313
-3768007
-1434423
-8325477
8690682
1205428
5924541
-9404947
-5182864
8582789
4264960
-2209672
-2798958
-167869
5670304
9641336
-267551
5304984
-4320910
7470621
508606
6805982
-4675063
-2977180
5482814
-8361101
-2719347
5249370
-9992348
-4076854
587265
-3167354
1140017
8915326
1026501
-1962044
-3891956
1420727
-8503237
-4506062
-1338735
5410868
-4629894
8490833
7202454
3795090
-8136361
9675313
-6832930
5565392
-3032033
-3853984
568633
-7613385
9065023
-7729641
9173599
-8005114
-4158428
8625545
-1609671
-5811270
3046939
7955133
-8464825
4222057
9831679
-4322978
-9570574
-3184042
-5393089
-8630989
-5031691
-4325818
-6887838
-143078
-1086222
5830577
-8107312
8927566
2873619
7888422
6398178
5074573
804953
347109
-3193398
8987074
-6114053
7094852
-9102332
-7830936
3504142
8161199
356714
9767388
-8730674
2898912
627589
-5461766
2992501
-6095151
4911636
2700929
3722868
4556588
-3144426
467988
-6104512
3152508
-2666585
-5216111
-603608
936882
-7841626
-7202235
-7954454
-5697321
102553
-7924296
-1003338
-5233821
-7978721
4235178
-3767196
-4546367
6062994
8409326
-29153
-2946822
-5059518
598226
-2535817
8082390
-7579237
-5462951
-6685073
3905989
-7050224
-7411854
-2876831
4443925
1132565
5950613
-6677330
2501798
-9385369
6828888
4977151
-4585051
3124284
-6572018
-6631855
2980984
924236
-3648980
8790197
4532899
866703
8180386
-3760294
-4071784
2569444
-9562430
-5672314
5961401
9542607
919675
-242567
-168926
-6640548
3375131
-2086187
-1919678
9976485
-5376690
-2304217
3987411
7899775
2931585
-8258624
2836251
4427444
-2292600
4704667
-5178507
6759
-3395757
-5375737
9645826
9337183
-5659340
-5554495
5081666
-9806555
7736717
-8832532
1277614
7236609
-1276278
-7410168
-5870586
-8056901
-4665776
-5579041
-2589188
-7613165
565976
-71910
-8855581
-3280501
1153235
6701826
33025
-1305521
-2907008
7687882
6740000
6946776
-3705147
9235406
-3276105
7958941
8319169
6174703
7975472
-6891831
-8657316
1868498
8869108
-1162728
3722825
-3126717
-5209368
1011575
4496614
2970343
-3672411
7564853
-4032535
8212966
-4324601
9022845
9140941
1871512
-4581825
-7649059
5920045
-6178325
1052715
-6376942
-3233065
-7683949
-7294983
-305846
-9009486
-3556842
5610122
4472242
3763387
-3693965
-1699841
-4673940
784112
1551258
242732
4938683
1470062
-7747521
1704406
-6969537
-1561386
5767477
-1262598
5960333
-648612
-409329
2523127
3481390
-3492218
8026636
-9445116
2638860
-6979693
7298148
1659127
2250166
7132477
-6614314
-7899293
-4000077
5870233
7423306
5698470
-8486417
2035711
-1498706
76992
-4435847
-2963445
2573455
-1466668
4041842
-6886808
2181755
-7002312
8830729
8262220
9239091
-2207922
-2777510
1816952
2181223
-6843704
6371569
7885407
6239656
7533074
4565228
-8603879
6825357
1202053
9030485
-1814681
270560
-2702935
5430177
-1795956
8357901
-129153
5950873
1069230
6446978
-2667604
-7537614
-6836016
-5150442
5854578
188066
-9336784
9370743
2865476
7319414
1928026
6941061
-7796765
550625
-9666152
7255010
-1115673
-9161972
1290647
-6537668
-1007727
8280559
-9658369
-5930319
5090107
4968113
678368
2416272
5279502
-7749360
-6952311
1804908
-6415100
5391815
2965515
-1303095
1063299
-2992323
209309
9199522
4601048
-5436747
1161302
7184435
6124634
4543324
-8415136
3634174
-687589
1053736
9402209
4316477
4594603
917152
9420874
259777
-946442
8475843
-3958221
-135005
7143802
2784719
8049420
43041
-5797328
3189811
681623
-3587960
1035509
-1688163
-1250023
-8602526
7841820
2850076
-5382500
5293505
-8520854
-1952782
-9135776
3040915
1819930
-8048906
4600326
2047148
8543712
1730981
-6106106
621607
3191138
-5199268
7089722
-589635
-668042
5483496
3361411
5476011
3644872
-5170023
-5302173
-9057148
-9545218
3652250
9419277
1926932
-5247079
8438806
-6605715
-937914
4890735
-6359425
5185466
-4172984
8615981
1924831
6428468
-3594839
-8739359
-7504893
5253289
-8863016
5689210
-6176615
-5586671
4588439
-5174936
-4231485
7607191
-1162411
-1912128
-6913690
-1720902
-2577207
3460122
7396609
1946350
-7450320
-1315998
2657907
6792926
2039039
1591128
1924898
-7246717
-3892681
1726232
-2462721
-5994635
7830838
7842142
4549880
-6425409
-4295834
-523032
7622250
-6609185
-5237742
-596643
1117038
7999968
-5712091
-4121537
9826333
3442973
3009711
8694843
1190999
1695262
7919399
4662546
6622647
400554
-1015416
5551406
8826276
8549988
1944500
-683632
7087234
6531231
-1747793
9865922
-1159744
-5036258
-3846602
-6741390
9823178
6012088
2959222
3016964
-5535913
2738387
-1747047
-8359078
-9007752
9092746
693199
-5659362
-1046831
7913
9431632
-761406
3482725
-6100993
-6065755
-5158509
3986168
1166419
-1330089
988078
-1671989
-4160012
4129493
-931627
-9810079
961754
-8757768
3801250
6022916
-6634632
4748916
-6448469
6578473
4975978
-982472
-667481
-7319528
-6455818
6995465
-4628433
1011603
9771413
749148
6634649
-663607
7451408
-7117522
814623
-4184170
4826117
3381290
-2298098
6013806
351708
-6178391
7925555
-4168188
-9130681
-9989964
2093040
9253287
-2954722
-2028756
5295696
-9580778
4551749
-7381884
8570144
8368705
-3785879
4470886
-9722036
-5629548
-3452838
-7892996
-7705044
6589438
936852
-1907938
7026768
-4178718
-529401
5770559
8446520
4354181
1491332
6705549
327126
-8248252
2335047
3902624
2939797
-4260979
6473505
-9118323
-833168
3549416
2162540
4726111
-7475111
1621709
-1078467
-2954086
6359514
-5349336
9389989
2748711
-7977463
-6251984
-9750249
-7420972
6373984
-5912706
7766232
-7228051
-7728426
7130721
-3288331
3957642
1488893
9143130
-3785973
3053700
9664828
-7814580
2049227
2288152
2416996
-2256226
-1478846
-7949935
-9937797
-1165712
-1258462
-6786566
1124114
6853039
-1545648
4025609
7001776
-5771999
-2335285
5994078
-2496926
-3338718
4800586
631951
-4912219
6081298
-6511972
-9405089
6453491
4335955
-3063446
-6146596
7168894
7896397
-4055432
-3417267
-6756180
-4036916
2187910
-3124192
-3386872
-6026976
-2913951
5133137
-6092971
7260778
-6601878
966463
-7049910
7429482
-9435730
-992814
-5567493
9504970
-4645379
-2315241
-6032780
3812731
2002789
6678033
6262216
-7686292
-1379988
2943799
-1488448
-4179683
3769049
-6129716
-520826
-5077225
3655979
9138672
-9361797
-8725983
7299392
1713469
2927686
-4566379
9844341
-6779909
8862246
-2180680
-4915700
-5027539
2647331
-6552674
-2852376
3216618
-522937
-4079481
-6209376
-4893761
-4376045
902137
-4796527
-45920
4097484
-4238077
-33845
7834382
-1761314
15310
8190291
6937624
2490456
-2943720
3936957
-5088573
-8838796
9018946
1449036
4219202
-2396709
6681176
-6925420
760673
-5867965
-5450888
7879983
1977654
-3215808
-4841243
6698854
3824775
8751313
-7179472
354155
1640336
2294834
-7651859
-4940112
7171362
-7878882
3811153
7532720
-5115468
5922130
3099891
-4238613
-5036923
148953
1570979
-6062915
-3204535
-2055705
-6235973
8954650
9956497
-7017238
9759106
-2815712
8405642
-2293915
-4245244
-2406303
-7816467
-1728625
-7656345
-9922449
-9590309
1076422
9469483
-1923660
4336187
-244058
-7211667
9975371
-5963889
5836688
-887070
3868916
-3190707
-786934
-7759897
2256912
-3294212
-3696668
6889411
-3644446
-3900325
-5528332
-5183812
2347275
705699
-4792029
-5212960
-6900713
2122944
1707741
-3778022
5338655
-8464901
-6762969
-3579482
8779754
-2169442
-5227304
2740164
-6776588
-8057322
-6332367
7072350
-6278820
1142853
-5295589
-3600256
9938726
9062345
2417348
241932
-3705017
6427398
1189514
6379996
-166780
-3890512
5932743
7496477
6531336
923960
-5037644
3569721
-8128482
-4548928
-5727623
687628
-6184724
7543219
4236220
-3326261
7961974
6323285
-7864088
7336127
5701483
-9002417
-7296365
4469881
2354849
-2135452
3134530
1963997
-8066817
-54173
5963937
-8278431
-7242342
8128133
676966
1010939
1719749
-5920736
-3625389
-2054572
8315746
-5287690
2446938
-1162797
-5725866
7198362
-50821
-893231
3743980
4826547
-7304067
9531222
5838655
9057192
-6232740
-2373521
-6739508
-3002
93253
-889862
-567276
-6905738
-2252526
-2624690
1781385
-1547933
678860
4121265
5329056
1305485
-8544595
3707458
-6082931
9008991
-4746702
7327688
-8086547
-6179841
-2068924
7322159
2516179
-6837995
5399772
2131646
790258
3574743
8575991
-4631766
-4257907
6605718
-6176087
4018482
918799
4431705
2349443
-8053867
-1654980
-1751012
1661256
-682242
-9444399
3714034
-4424728
9561265
4161408
-7160739
-4642764
-7180408
3512249
2958745
5759145
4983244
527170
3844347
8782906
1533813
8586922
8188049
-2162490
-1895775
7937676
8972380
-4587153
508334
9952266
8241109
-8636390
-7369993
8467601
-9755666
3836690
5524173
3239535
4137613
4907777
8956608
-8525964
-4907269
9697762
5507830
3135212
9566355
-2687316
8325326
5620807
5535909
2621148
-8041944
1237380
-5414121
4321279
-935838
-6622693
8107212
6041022
-3518220
5140171
-8335456
-8079594
-9618512
-6691062
-3202515
4929013
-2054903
-6424113
1445404
-6444881
9584239
-9541980
-8223509
-4092544
-612864
6254579
-6223329
-921323
-2941294
9924963
9560285
7588
-2288746
-6369391
-7804920
-9818729
2230836
8744233
3828089
590171
3995803
-8429402
335353
-2038489
7576437
1264727
-3190431
7072535
-7509317
-1774590
6843762
-667327
7614127
-5954302
-6490685
929454
-7800794
-405244
-6225217
3663639
-7615720
5137678
-2611575
4493622
3574812
5264056
-8035749
-1422130
-8856536
-6231507
1320271
3656735
-7459753
-3748791
8842493
300743
-1864538
4992354
-3438382
-5043987
-67239
3881055
-7276350
5253790
7471190
9959991
-8649875
1510111
5333931
-5822298
-2882375
8776128
-5842042
-9987269
2166451
2206518
6121417
1032419
8403664
-420405
1818267
4443629
-821658
4452823
1462500
2206065
4239676
7013045
-1599001
7621353
-4978772
1034816
7873206
-4809242
7488423
-5153529
7720869
-1510014
1969695
-6734512
-2354851
-3282562
808764
-1316016
6142170
-8618724
212275
6056979
-2314455
9396482
659960
-7607576
6788083
-3422268
4969796
-4372957
4417802
-9612698
5967076
1699791
-5907470
889878
4266246
-5214625
-1941493
1609573
-8034379
-2542033
-773197
-8604879
1541733
3374387
-4625712
4257774
1732626
-6696512
4038020
-4400698
1562274
-4561257
-2577103
6212360
-7233678
1851921
-5823563
2174527
-1157117
9011717
-2942201
-2013256
-9532598
-1317824
-982647
-3934118
9261694
7104420
5469253
-6411479
-4440071
-1170614
-9969004
-4293937
2051854
-4503702
3298374
6836727
8421628
2227214
466316
-1302679
-3801882
-8316390
2598525
-1380041
7146398
-580691
-9264113
-8537032
2980598
-8540735
2071565
-7985502
2500407
-3805528
5273127
8489876
781191
4963279
3504199
9984398
-7201444
-9068471
-5652209
9309247
2694735
-239802
3053623
8033974
3147748
6587769
9458584
-2927527
2032058
-7723454
6520957
-76618
-9192353
-1636012
-7472097
7371565
-9856744
453483
1199888
-8966908
-693232
-2597622
-3489124
-2143109
9355168
6236392
254454
133592
1899908
3031411
3585999
2911455
3185187
-2049807
-7033702
-8784523
6539162
-592987
6465970
-3267345
-7804571
6387235
7233903
5800270
-9930898
5819310
-6816498
4189894
3938826
-7843999
4617801
-4845747
-2354399
5149667
9444575
2621644
-4703661
2746521
319726
1934243
7022122
-9028162
4639278
-3455494
-6281091
-5514822
3399400
-6259682
-9713277
5610801
-3285990
-3789027
-1030966
3329690
-1386735
3412163
5884276
37366
2070203
-2953880
-6143156
-6472424
7702128
-1675326
2478742
7548685
-9296276
-5356362
-8816242
-6172371
-8363166
-2038946
-1863206
-6435458
1744052
-1981584
-1883304
8303952
-4701537
-8693900
-5650462
3607683
1034815
5811
365679
-8859479
2889875
-8203402
8827772
4889374
-7932720
-4396082
-5692825
5151462
4921026
-4444029
3242996
6485666
3227024
8113194
-3368718
-3136345
6295640
5712583
-4400239
-8488654
3036673
-3374362
3841481
4870446
-9606812
8271737
5291959
6670055
9619663
8888354
362829
8091475
4703220
-8018925
5368220
7582105
8406238
-1630728
-5800446
6650468
3554068
1491111
4603522
-5014425
-5465364
-937244
990516
-7300142
6451624
1618121
-9754175
6475958
-9526923
4689641
-1564892
-4857936
-7862309
7146180
-3713989
-6889837
-2612596
-5598752
4236518
-9260129
-3943084
3820744
9841908
-6597166
-4804041
6296403
5374237
-2787866
-9402364
535200
-9393464
6137596
-103317
-8819822
-3917161
-18148
-3847256
7046426
1763745
-9745708
-845672
5516711
9933423
2869042
1769999
6535588
8714842
9883648
-6127001
9084328
6446613
5787488
3488329
-8989739
-4933806
5388357
-4384781
-8089365
-7797173
2787281
-6296090
-4566426
-7612154
-5669367
-6293383
1190994
-5242562
-9593825
1652589
-748525
-2885421
1189264
-9398353
-779733
-5992828
-5313521
-8276013
-3024548
-6717778
641427
4678206
-6164869
-8237561
-14539
-2364800
-6012274
-2989131
-547368
-1531327
3713216
5583577
-1107164
-8276576
-9506018
9766052
7335735
2716372
8130409
576866
8801665
5684651
4671636
-6845503
-6771256
6958096
-4575383
8069177
9677711
1038507
4867006
-707861
3199647
-6136320
-2816883
-269481
3480887
691751
-5851439
182376
-952324
-6766105
-8580505
5501658
3973480
-2267550
4171380
-438649
-4446871
4659518
-538762
7493575
6164785
9870664
-4386766
-3568937
9913648
6894419
9826322
1801975
9447205
-4439710
962200
-6442785
-9266391
9612546
-3635306
9769343
6133721
-4334046
-7735415
-3320514
-8455977
9520880
-7526799
-5310532
-8041870
3372082
-4711809
-1942993
-8604447
-1018801
-7105638
-5794536
-24034
3505250
1233766
4241406
-5017800
-1307434
-2935091
3016736
4995501
6875643
-5914752
6062743
-6011761
9745447
-3015342
290544
899765
7422
2680318
4072381
3775370
-7473685
-9926217
-6166464
7084748
8451824
-5521193
17727
-1202416
-8381707
-6915545
8694978
6186933
2932234
7825804
-4637232
-9462098
2164056
169094
-8292691
-4647555
-3405128
522994
1038721
-7407211
4634921
1783809
-3634643
6857393
1859480
7585561
5399125
-4631862
-835091
4340318
236744
3725798
8109630
9402665
-6505490
-9565619
8193375
8487363
-3258738
9663654
8285261
-42983
-1603725
-7862088
5027270
1383920
-5851118
-9959271
-6953258
7786437
-8703026
2431802
7692506
9594865
-5993652
-2674864
9229249
8954546
-3053050
9236753
3455536
2264580
9471738
6844941
1663978
8962445
-5182597
8488081
2775172
-7356109
1710171
3782056
7059992
3428805
2229310
3355346
-3582498
-173921
6246337
-4097337
4059530
-6211032
-4115940
472449
-7766485
-5204976
-3579864
-2535660
-9603037
1042686
4893412
4720222
8612139
-3388584
9878421
5179227
-5766676
8871370
5759069
-7916577
6393865
107208
-5459829
2323553
9446861
5866945
8160712
410694
-3320705
3629056
-1585514
6698005
-7554782
-3566684
-4335151
-2461341
-3490084
6735818
-2511935
-2267290
-9910216
594708
3449965
5425412
2262026
-5025137
1765160
-5184284
2405377
2904912
6610877
-4210454
-1553152
8424839
8758356
9834046
-7996760
-8792799
8123597
-493368
-8546978
-8714054
-3615642
-3513384
4905861
8510546
7845877
-2319492
82662
3929924
1011378
5749765
-9455763
-3977456
-6695376
-183327
5169151
-6778766
9765647
-1911941
2002975
-4330668
9270564
3388729
-70955
7161584
3830006
-5300373
-8441410
3856886
9344708
-7594974
2848497
-3273038
-7004292
648779
4281795
6659752
3743210
978817
-7488456
-9975662
3127991
-6536019
6044449
-683850
753874
-7462046
7772469
1641648
6433313
5283034
-1269736
8570651
-5907046
-7911149
1824943
-4854957
-7362912
6049219
4603588
6735691
-3666143
-9862679
-8549164
8895524
-4169320
-1078425
4688453
6790290
-2661244
-5996759
2323168
5666154
7965086
2610120
-4627476
2845330
3261675
3913172
-8879145
2098931
5733605
9367320
984388
7376825
-4815938
-499217
-8555199
-9629180
-2316828
-2040956
-2589385
-9414154
6918251
-5698286
-3510101
593955
8861776
-4684454
-1821551
564033
-6867980
-9136250
-7364708
1649622
-7178868
5314904
4492310
-2313633
7082017
-9755318
-3798217
-2256500
4423444
1406979
6749241
2242245
-5038356
-8930392
5717620
4229773
-8205773
-4561158
-7482429
-9937576
-577097
3180850
136662
3894237
495155
160902
-9524951
9502184
-3588034
-9841205
-5070679
-3049953
8593501
-1546114
-6517080
702716
7193267
7210853
2649066
1167335
5500106
-8488759
-554905
5564493
5736362
6865007
-7174787
7406813
-2271339
3784884
7863562
-87898
-5916012
48928
-2386486
-8409478
4731077
9348777
4051524
5516908
-4572482
-5672951
-3922847
-8459054
3178872
8238442
1289389
-701057
3737107
-722964
3263104
-4115614
8218399
4361286
271257
-5492052
-6208490
7975597
-2504017
3833777
4300454
7028004
-5699932
-9097601
1558406
-2932944
-7727255
-6995778
-4306556
-3831870
-8558516
3695192
-3055454
7306965
-7486966
-26750
4944739
7056036
3473893
-3450559
-4266602
-5031460
-641311
-8654079
1598528
-9084240
3271470
5359033
77650
-7848354
-9574258
9987756
-106628
-4236063
-7515282
-6606792
3903901
5724608
-5540510
4303820
-5728965
-3177813
9838610
2263314
574445
-1254571
-606199
-4415621
-8818678
-4405339
9339992
-2848365
2495702
1516969
-3306346
-5776518
-5866087
7093791
1980753
8042542
1456079
-7804644
1667208
-8679300
4308848
-5569356
-3556194
-5235093
-9328362
-7886639
5251174
-4404345
1699195
-7748129
-5238061
-256870
3085217
2626546
8236859
-8802763
-4978420
1885007
-5006483
-3686960
-3532358
-3185699
-1259214
9349149
8173688
8189309
3807544
1254887
-6572369
-4770404
1356845
-3972953
-679166
-9662228
-7982213
2320083
-7532180
-3151607
8372783
-3793275
-1268805
-2721880
-8699666
-2275264
5427612
9586718
-8785521
-5548449
-2270968
7709299
1804252
-5236928
2233534
-8637080
7316806
-2845756
-7933531
5552454
7536210
432850
9684612
-836914
6219709
9205192
-1191542
-882985
-3723354
-521141
-3318986
9657271
-8191183
8814646
-9596067
9287427
-6768340
-1675229
-670130
3408750
7040559
3322358
-4925660
-8544790
5298800
-7552545
-8698994
-767945
-2724547
-1874959
-1413296
8848292
-9040100
-3092443
7025857
-3704220
7575707
-3656762
502770
5208736
2336126
-481264
-3062104
6748984
7070043
-1493305
-8058173
-406096
-4515487
-4282499
-9858192
-6725386
2175583
-8149032
8469165
223500
9816127
-4288375
-1541988
2798713
-6167566
7209839
-9951845
-7463402
2981315
-9826659
-8045017
-1097681
3171451
7979077
-5798989
6279937
8539347
-1169538
-8632634
-7329913
9427496
-1700530
-9346804
-1187599
-5340941
-3148918
-5797553
9946483
9461589
-7347800
7368577
-2827675
8045907
234377
-6946398
9553357
1566102
3126083
-4101115
-2492977
-5998757
2247719
3682266
-821933
-4663541
7583348
7358769
-975663
-5649563
7003391
6349500
9825267
-3244259
-225967
6071421
-36485
-1239253
5088323
-2946528
-2151238
-5242328
-5405300
-1093599
7017754
-6787602
1895978
-1385188
3008718
4215155
4404229
-1221451
-6009436
2972914
3648570
2567779
9591238
5305199
-6576329
2885006
9428210
-9853782
8776681
-3129063
-9213677
529236
2634052
1996337
-8256640
1214573
-3601576
-6355686
-4103033
9383739
1209456
-1522933
-7026827
1582903
-1136522
8401102
5709303
3641266
-3730870
7141970
1962686
-501829
-7024008
-9875824
-1994091
3610672
-5004858
-5493843
-5884590
-4089628
-8071512
6816267
-5148110
-8956140
-6749830
3264267
8496311
-9286771
-4056749
-8926430
8899348
3451068
-558171
-5711698
-9623303
3122362
-4005267
4177970
-424591
2137867
2114995
5474887
2525836
5254717
9468138
2990412
3752171
2567587
472355
7253947
-3730082
-1488569
1767633
8654447
-9587674
-2373144
-7612076
3558043
4707237
-2519727
-8368745
2357554
6361644
-1313907
6454522
3787058
-1433524
5843880
1625500
1038183
5124339
-5843589
9280704
-9867963
3169790
8799999
4784603
-5955661
-546766
-2931111
8742339
-4219959
7368388
-8514398
-6545965
8023559
-1023045
-4091735
-9373123
-6863121
4838125
-7118501
-7170757
2032139
-6778338
3744410
956531
4425457
4424923
5550818
-6568835
7384471
8291671
-6701276
-661129
4845048
8844846
7990746
2347077
367659
-6328772
8092551
4985535
-4993130
-688860
-7423985
-6030341
6157843
2757931
1049582
-3806192
-7986206
4426813
-2356075
-5046495
4161150
3022311
9658705
1809576
7795843
-2844896
4610668
-7013841
2635366
9786339
-9372210
2237753
-1955558
-784909
-5264089
-7141639
4710676
-7996866
2654170
4902850
6134942
2913281
-9420684
6574206
-3472480
-2853108
3437900
9077854
-5995554
3249919
-8592236
-4253201
-7422285
485632
-7949764
-2556759
2427283
-1475474
-7153393
5453172
-7679829
6747974
8688880
4661694
1335407
-4376773
4552438
1425848
-7570029
-3457484
-7768799
4358919
3770607
-9219264
9223990
-191112
6053789
-7210527
-5641161
4898989
8238650
-5605479
2238446
2601687
3859848
-7964385
638166
1205852
6971734
4374603
5606422
-4326391
1502028
1998645
-9727498
5757004
-6632641
5462335
-7449042
-590296
-599017
6013047
9628024
-7478602
928335
-3247375
8404616
9727951
-8955282
9412062
5975611
332149
-5360267
-5607139
-2464565
7828553
-9252236
172337
-753998
6543347
-7855933
-8898118
8222543
7309193
-5178800
6571078
-909022
-4023861
-8896280
8104510
8220212
-5632619
3833446
7081887
7352956
-691083
6616303
-3646366
8138785
8259110
2522113
9951336
6674557
1042941
4362713
2345056
8824361
1697949
-7571858
-7459215
-4417790
1670864
8958797
-2670434
-5417858
-9959595
2648236
8519202
5768598
2149996
4154641
-2552846
5788367
-4699237
-333036
9303637
-5679712
2108739
-6390639
-3048157
-4437590
9733378
-6791529
-9060355
4762684
5838890
2716041
-2398702
1677046
1765560
6131255
-8415547
-4211089
-8739889
8343860
3655644
-3322599
3809723
-4091031
6999276
6047979
9941110
8564726
159722
-2472410
442447
5920608
1469048
2067625
-9225805
9377208
7183619
-6296090
8136850
1749586
-5104738
-4604649
1636641
8228456
-7382580
-5235261
-2261377
7653865
5079782
5460713
-453501
-5397792
-898666
-2672596
2727126
-3914688
-8477927
3906399
842865
-5817162
-2270698
4192970
8761805
7002210
-9361224
-8702106
2579564
3353233
9060421
1809289
8397156
-2020494
4115324
-1305853
3955461
2620898
9996918
9777796
3139129
3720744
449698
-1597743
5734619
6396479
-8057224
-879367
1794253
8782972
1770663
-2329386
-9747498
4588030
5739174
-4899043
5933495
6932472
-8824293
2140050
-4883204
-9015836
-8093107
-4650714
6034534
-1710785
3364008
-609804
553619
6817010
-9991335
3388493
-5818916
2591546
8057596
-6626375
7628175
-397539
7981674
1835773
-259861
-4676480
1893426
-9484639
7302474
-7561774
-6756417
9068500
-633729
2115533
7677950
9506222
-4042742
6536966
6735322
804310
8013460
-7688216
-7060721
7621689
4180748
-748854
860834
1769090
-7789754
367694
2689271
4858757
3867922
8555858
7021882
-1033012
-9250926
-357873
-9961761
-8087441
9247388
955159
5390243
-4236245
3965853
3463031
8336198
3778906
3719035
6048070
8526746
-3097779
-6251210
-7566568
7086811
-484624
-2115753
-186378
-4326652
-1997102
1478543
5892655
-2885220
-7714053
-7978204
-286282
8014485
8048963
6835497
-3955817
-9533473
-2755478
-1046294
6258164
294079
6083840
7531595
-3712897
8933508
634416
1491795
4705324
5333872
6400561
-7762520
5930530
-8958150
-5415672
-3381829
-7510936
9118737
4607522
-1990168
207869
5345305
-7670676
7106091
-9133106
7268772
6251507
4030198
-6478498
-3278175
8311335
-1178278
3118001
-5766304
-4874450
-7930584
1878980
-4266893
-1119369
-4563503
-4552575
-6853724
-6672674
-1837018
4043303
6639631
4896298
-1816918
-196483
-8446240
1665030
7931550
6284329
6647090
-6351090
-4962754
-3081991
2469820
-188837
-2940854
4153105
-2935641
-8859815
2860155
-3468229
-2509898
4452463
688105
-1285612
1728033
7830012
-229570
-2382632
7534491
4806476
5735208
6863275
2642508
-2795761
3995825
-2749941
5404074
365322
2391801
-1887570
6209489
1926706
7761194
-1424785
-9354336
1781702
3943429
-4427257
-6504115
348744
5533908
-3061786
2243302
-2630139
-1949622
-4905053
-530103
-9945278
-7419672
-688697
653759
7318178
9992541
-289846
-9683960
9762193
8481262
4652311
-5636307
-4119583
4986724
-3345257
-9117323
-8783265
-7713387
-2946579
-378955
-4385984
6659309
-6909962
-7630760
8247832
2119315
3692827
-5399272
-3682909
5825534
-4365426
-2609373
3732286
-8234365
1695920
9499726
-6374380
-7919433
4217467
-5342933
456516
6782568
-3775873
-7224953
-9930506
-6588601
6825658
-9934320
6617760
-943877
9097046
-5360437
-9775329
7371970
8475157
-8431865
-5951811
-4960080
-5808131
-7453691
-6835938
3665382
-5455652
-269900
1546047
7615374
-7824484
7691752
-9846929
7162660
-3864510
5116746
8379733
1256584
-8530133
1482662
-4430799
-4091095
5724901
6976524
-5003358
965548
-3324283
2419073
-4701165
-146823
-951480
9134676
-6262590
6931499
3794789
1000512
-8089155
5357811
9684133
-8073913
6555132
9790451
8466501
2849529
7465044
3235834
7308926
-7921382
-5027374
1137415
970707
-3240238
-5776175
-4778487
-8534369
-2620507
-6121208
-5363716
-3435559
-6781001
5922684
-6421533
-1638887
9231561
772717
-8354037
-2950117
5326387
-6147669
8141590
-6274262
-3381260
-6162970
4738867
-9845370
2062533
3086346
8963525
7661087
-534961
7836253
-5879652
8041374
-838478
-6638976
-3302487
2672212
9490357
-172521
2958940
608119
-3457800
-1657606
6730272
1377515
691564
9093996
5070871
-1823596
-182253
-5754216
-3437645
5790677
-9181439
4077338
5240729
8940411
4463619
-3482189
1201285
-2172718
-9775051
9808028
-1210203
-1392256
3642838
-1657125
-6920381
-3259374
6464245
6225479
3141203
-4679959
8973266
-5947597
2471075
6705043
4187863
-4018809
-5463537
9499386
-2102414
-2871424
8531112
2245349
1623682
9406701
4592334
-2154760
6564451
-5249056
-814052
1406014
3930807
2865695
8530304
5516432
9968219
-6989681
4338853
2068468
-4513482
-5498405
-6416119
1056995
6938754
5259840
-8181779
-3049643
1629820
6422250
8371963
3060245
7319876
4366040
-277726
4967899
1205236
-3044645
1451943
-1475514
599796
8679622
-9507951
3847730
470923
-6726278
8459945
5726463
2605137
386343
8401519
-9348146
4976122
498747
-3757806
4042287
-5204531
9409175
2341603
-5947789
-1215911
-4187374
7760938
-6510169
-4692965
2924295
3970501
-1469663
9753077
-6539614
-1294822
4848332
-7044579
-1004425
1817437
5461151
4260281
9429595
-9275563
-3216947
-3005417
9612128
5470512
7619988
2762016
5609145
-6375886
1810278
-9943344
-2483163
844498
3564112
1677849
-3357112
8153270
5384163
3320868
-4356397
-9844418
8578604
-3984200
-4161091
183663
-7641419
-4031584
805853
-956321
-8507239
-7065100
-5251905
8037259
5284942
-4861073
-8757961
8058820
3007257
-5049968
-2745484
-9133104
-6920048
6869014
-1441646
-6399669
-5842239
-2960701
-3700245
-733777
-6995958
-579939
-7821597
-9901463
-9120400
3574782
6300453
-9817493
-8170407
941328
-9899986
5997643
9834957
-3340327
1500786
5949266
-5992223
772015
-8857095
7572607
3616639
3841129
3262907
-7909039
3039937
8428301
5481368
-7715024
-9280829
1350637
-3826006
-8131597
1730813
4832714
-3718909
-3355151
7452447
3919415
-7663496
6805033
9800735
-4089300
-4506581
5969632
1130135
-5889241
6886800
-7135495
6153391
-4441986
-8811358
-8649523
-9191052
1641756
-6047962
3648122
8283744
9543222
-3085672
9049710
3256247
-3567708
-6512970
-4991633
-6916116
9170120
8750251
8354559
-2809060
336477
-691307
9045473
4973844
-7465973
5998224
2446933
-1336830
682706
-6865559
3635403
15791
7167779
5078449
-2725544
-8660175
-468383
9976967
8979079
990135
2988578
3443456
1060078
1171741
-8166464
227472
-6787490
-9458140
-6735804
-5997522
-5768752
-648206
6035024
9771875
-5533224
4307437
5594633
3858085
-6518877
-1502358
4443292
-9490884
-7266297
-4377523
5558446
-3592304
-4755138
906695
-458170
4472432
4053945
-2827868
-2031226
1714593
1136057
4917591
4348158
7631605
-8100383
-1340158
7089852
7424107
9256813
-2600277
-6064606
2116264
-8968965
3163056
-8419968
-1468531
5775599
-4617477
9046064
-9386129
-8498852
5223204
9126176
-9256661
-5670044
-4794684
3373996
5197050
-8193948
9564644
-947179
8563207
1168087
2204013
-9779366
-8791405
5211477
-4783964
3984737
-1475602
6356658
5065273
1904270
-6059041
-797128
1618479
-6797551
-4439707
-9647858
4395064
-2263742
3979151
5019470
-7410012
9475828
5936568
412252
6332983
879854
-1011987
-2081071
-2265239
3003839
7151745
9050540
5062685
-7291139
1414574
6131667
4153665
-620844
-5881316
-1264630
-4283942
7639672
7197725
9396446
2832573
4044736
267838
1392082
3347814
-7623612
3452431
-5387730
3398003
1832099
8589535
1579747
-5657468
3919435
-6211775
7700541
6317229
-7234761
7957743
-714723
-1518387
-6585684
-4961860
-2002796
-1335353
-9345058
4555456
-3518109
5753704
9137076
-7735572
8118282
8198280
-4824480
-2427875
-5756476
7820906
7977028
827117
-392070
9513669
-9227588
-792543
1027601
-42813
-7857040
4272302
1772697
-4290631
-1651211
-3086898
245066
8708120
-8005158
6858562
-6217493
7472397
3325647
-218258
1343416
-2088605
1124628
3995402
6476294
-8154324
2927599
-4526221
-4209243
-3211928
-9776053
-7298079
7162787
-422222
-1519412
-3673569
-5852652
5706041
-4786026
-8995454
7129757
-2591587
-5669542
-91898
-1148688
4005834
-2363875
206666
-9180201
-1448816
3022544
-8185311
-2297118
-9993364
2243670
2679995
-5799367
1136198
9765646
3477710
3460160
6826061
-3511777
-3480021
-7976761
-5693933
845618
7052832
-5515868
-7853385
9418757
7316002
-4326889
9704798
2104161
8683027
9167121
3729278
4208651
5683181
-249747
-4972297
6657687
-1768639
-5028713
2484547
-8942713
9766378
-9966474
9872239
4329266
4021114
-1564491
5098054
5770476
-596252
-9490702
-3349803
-135650
8625936
-4253427
6409140
4825149
3305361
-9737734
-897823
9182687
-9924303
-5216696
-8707013
5456113
6880619
7100029
-3439803
5131353
6246596
-6031038
7503774
5836574
2200210
2176085
4698761
1589265
-1101287
-8532244
-2726974
-2669677
4800769
-4468240
7393915
9509311
8133639
8464760
1504683
-1936245
-2144750
-6206295
9489195
-821872
-5033482
-127802
-4059476
3597279
-2225804
-3103258
9314999
-7291572
5984604
6543993
6386319
5841340
257298
-1694726
-7810478
5079790
-1743072
-7404860
-7600607
8088263
7729648
146550
8483587
-443311
-579111
4287158
-7091599
104186
755108
6253498
-2930447
3192289
4834104
7802095
4652524
9479787
-617696
-4819978
-5641493
2723140
-7859783
-4724508
8209424
-5839661
454013
-7654956
-796206
-4937164
-8023775
-8947971
5851984
-3844027
4382802
9443033
3163846
9341405
2193242
1073470
6008475
1429950
-6301630
8105125
-4622398
-7246470
2487687
3514532
-9040610
7702893
-3016525
4483437
-1652405
-859275
-8408894
-1345537
-4919629
-9557164
2888508
3953674
-1523122
8499743
-4492233
-2115024
4542641
8257142
7996932
-3543644
-4976382
2102083
9958957
9457793
9433157
2366938
-4339705
-3181330
-4413168
-7283088
8316974
-9782878
-534476
903285
-9415579
9790401
1095875
3224551
-2551114
-1975420
-7337266
7255055
-5709426
-2460075
-520995
-9716595
9093449
-7232378
5424886
8676022
-738482
2112777
-8391324
7020112
-5503212
1170008
-1890092
375892
-1553047
-8908416
-6302502
5796812
2255836
-1044758
-1493387
-7576746
-1466795
-9108108
2787981
-8224762
1768872
-3870816
5015237
-6735989
-2463646
5639485
-6053775
5569297
-6064120
9632593
3063736
-4886603
-4314184
-8853402
-1081542
-8771702
8154909
-181915
-7559699
-6564021
-8821784
3106172
-8506976
9461594
9753373
-6788142
6446232
2702479
-3010002
6243960
24851
-1185919
7487819
3964826
-1433578
1012875
-2435155
1115893
4853635
-6724464
5957545
-251635
7486985
-365937
2558323
-9952140
-5286094
1698296
-2946342
-7849284
9705178
-5165948
-8266027
-2500463
3344266
2384880
-329068
7590105
-1717780
-9801495
969762
-5320096
-6270950
782089
6037823
-8912927
-9062203
-3921743
1164543
6989777
2326453
-2148210
3761154
-4844542
6412629
-1727282
6969217
3884621
-1918775
-2071261
-821970
-4596367
-7869598
-9324278
7879930
5220951
9648888
8097927
1125149
4045117
97791
9438052
4528349
-7488488
-3619701
8757721
-9985376
-7516643
-8406058
-8377265
9355703
9158633
-9957478
280424
5717376
6537106
-5734680
5896960
-3999693
9008150
7446471
9641797
-2598767
7146327
-7231368
724520
4692441
-6727280
-3560414
6238978
1709939
2787294
-9124994
-9055158
-2571260
5290189
5075514
8873391
5135386
3722120
-745685
-4794384
-2924806
-6406200
1623494
-8230342
-6341449
9384502
8242751
-6781774
6918881
3165370
1886442
2642156
-1976216
2685276
4988587
8957979
-7227640
2232607
456222
3405543
-3199790
2155500
-5249064
9109521
1743286
2958532
3026709
257271
-8551076
-7043997
4928567
6456939
-1929195
-9325598
8117848
4167057
5773170
-1951253
-8832660
-5732692
1862484
-5584597
-2314014
-9012318
9148245
-6836500
184329
-5025155
-338880
-6185382
7763208
2232305
-292852
5617596
1969239
-3627519
-9203034
1206030
5496524
430023
3189836
9494364
9028448
2097941
-8213478
1863598
-1406339
1123507
2777433
-3884234
-5162759
2445333
-6329920
6683260
1650133
3014273
5987607
2688103
-1915642
-6913512
1303970
-2579578
-7308722
-9601176
-5415761
-8277978
126568
-5679215
8803702
8055577
-4386945
-2029691
-7077326
-2495117
3256179
-6245827
-9065859
737629
-8267435
-140274
2850977
4310183
2022195
-671784
-7857446
1145620
1184587
-1530467
-3103863
3868581
3537859
4919233
3399535
4695999
992263
1387126
8826755
4600960
-6017423
3081971
-6689580
-3570979
-5501402
-2772454
-8184228
-7068155
6736949
4177709
9279677
2821230
1480544
3108890
974702
6064339
-521855
6203760
5948262
6368808
5858655
-412666
-6905636
-8090470
-7702220
2585503
-4658303
-8780150
-8336057
-386622
-9535530
-2703359
2066733
4563532
9109205
8470303
3781108
4779462
4666390
3857534
-7567334
-6543294
4883811
-8107066
-6262853
-3598754
9287113
7378792
-2601406
-4066079
-934172
8874929
7912275
-3064979
-3053669
-7135341
5616175
-6436414
9162987
9752946
265254
9824535
3343384
-6141593
-2258957
-8125214
-1795793
-6195647
-2025353
-1104033
-2989248
3801270
5971647
4804616
3787199
8499114
7361798
-4911397
8150111
9876513
-5651979
-3918487
5862102
-4627410
-9720817
4928544
3758855
-1317553
7772546
6170525
-7633417
-9753477
-2558315
-2489542
6838049
967648
-3760857
5763494
9984646
-5551270
-3774354
6932453
-8008721
-390873
9967592
-1036780
-5729451
980232
4991891
5266661
-4144954
951507
-4246068
666428
2794285
1034851
8599700
-4395059
-2124492
7785983
-9691471
1897439
-9890658
-4023636
-9712135
2536862
-289356
-3091629
9557270
9735472
-849138
8534890
-9682931
-3387295
-9825521
-3740410
6127020
3462919
-5941784
368747
-7462788
7752882
-2391326
-9942040
-7977764
1436016
8521737
-298838
-1314409
-7736859
5220600
9951783
8874252
-3765028
5905618
-7619483
-3678345
2053663
9367132
-8382779
-448065
-3665896
1781452
9108854
-6334304
3907307
-8834908
2980746
6504594
-7813792
4809661
-6096543
5215719
8420795
-9839080
4086781
-4478994
-8580203
-9460265
1841524
-4846095
1636150
-604230
-6280746
-4422965
4953382
-2841662
-7254229
7722710
-8691780
-6013347
2812565
3469525
-9027404
9213806
-6016628
6620499
8311982
3377369
-4744402
7636845
4773794
1793493
-5549007
4276444
1927523
8657613
-4290990
-260077
-1542660
6886511
-9381005
2001621
-4925293
-3505957
2117647
-262170
-7442468
2380210
4318445
-7916406
4938364
5100766
-924660
-8318543
-3476985
-96802
-9697461
-2126249
1329340
-1429621
3633939
-7638753
-2950295
7430283
-4555265
-9187536
-2472290
3272258
5032840
6064557
6633810
8272370
-3060124
-4173984
-5875298
-1106768
-7960778
4315040
-4848410
8908780
-209837
-1213895
4306064
4733572
-7271047
-6914704
-9169915
7511784
-2356207
-7223504
-8790491
-6031068
-2541121
7270303
7200695
6748048
3832671
-1166829
-6067877
-424521
1613315
-966937
-7584610
40292
9377749
1744225
6319364
-9586048
-8510474
-6012502
9201281
-9914086
234837
5388730
5082134
-3993292
-3929307
-4822936
-9771773
-1250570
-3893674
-5859698
-6841160
-2224672
-1756535
-3863002
-5696150
6864166
-4407999
9136272
5513961
-9577598
-3981347
-1866878
4091066
1940677
7686172
6037311
2201833
2735672
8650057
-6354344
-8883859
8209827
3167028
-4563500
3352066
-61842
-7613133
-2271500
-4349204
-2115368
-2128621
3033984
-1422231
4051559
7146740
9718240
293523
-5078714
5331618
2648418
3643175
-5421074
-1268716
-406297
3363436
1193114
3463479
9514609
-8273958
-6573028
1205404
8468209
-7904183
-4230488
6016676
-52676
3439028
9931787
373806
-9310899
71266
9440088
7180075
5313221
-771635
-549790
1159021
7892753
101033
9263299
-8433670
-5335266
4311811
4978076
9185749
4349699
-7294880
-4206494
5100779
-4713077
-8939106
-5009558
9168526
1772436
1914224
-8407335
-7765142
3211848
96781
7181785
9621278
-7156587
-3841115
-6505371
4322934
-6446027
-1088720
-7773917
9471042
1980232
-6821940
-37725
3853034
7037019
2720284
-8699054
9442347
-6721147
-4676474
5348547
8840464
-3079841
-278869
6802756
8264161
-1860301
-2614163
429206
-5733736
2548197
-1708302
-2834161
-4901762
4569025
-3958712
1934503
-3772959
-6090618
9568319
6669618
3456986
9352371
2787191
-5737190
-1545688
7126298
-7852697
6414530
7539611
4910540
-4418421
-1334813
3077741
6328985
9865158
9261151
-9784248
-8371243
-3841736
-7649985
-9161216
-8525073
9242680
3970601
-4996758
2393827
-4443833
-3928182
8584532
-4527484
-9791348
3837120
-569379
-5041383
-5331126
6565461
9015504
-2080582
2965205
-299321
-419803
2616549
-4678742
-2741798
4391890
50023
2822060
-179885
-1507556
8573171
-6918957
55916
2244846
1820318
-3886241
2078202
-3575723
3909413
2104282
7538676
1289153
561954
3841825
-276496
5896776
-1982076
5864412
-1585948
8292923
-3053459
-2807704
-1366432
4334357
2772342
-9089935
-3419128
-7245401
4847150
4579191
1938474
-263840
90840
-1667046
-5810430
-265354
-8849101
6923750
6710088
-4498669
8841718
5402675
9163376
-6366802
7686560
-5822488
-732584
9616822
-2432855
-5139272
7688291
8442966
4330492
-5883577
4120837
4385162
-2138951
-7115724
-521592
-9170205
5785352
5453201
2095070
-4438102
-1748534
1960932
3931596
-4362970
3689222
6952203
-7346527
-4136128
-5229081
4401561
3263013
-6411027
2622442
-3331102
3615146
-3871764
4326862
-7713932
2200198
-1401713
7006612
-8608601
-1820708
-1614732
-1554726
-3904851
8837649
-2544233
2814074
8010852
-1352879
6584859
-6084363
8028632
-5817795
-2652391
7405565
3783062
8042295
-2353285
643200
1408477
-4563533
7389253
8684589
3243244
-9689866
-1073986
5625614
5585875
-473696
7646371
9908000
-6447130
5366155
4654047
4922332
-6589143
6235018
-710140
-6735922
6091853
2799561
3434271
-4901342
3653918
-1830044
-637490
-89640
-482232
4213108
-949276
8473727
-5971326
6430530
435627
8984221
3559627
637554
7786463
2305943
5430436
3044625
8567140
-9138002
-8394761
-4205669
8287171
2890680
-6552628
-1733845
3926396
3306278
4425417
-8776419
-7020521
6201643
6459631
4915794
-3778486
-4499216
5892458
-2197433
7237534
2229729
-512002
-9745045
5494637
-2580230
1319168
-4114607
3232494
4623063
-6399624
-6839057
-6869733
-4348277
4189257
4874762
-7531936
-2583485
-1737426
-2877385
-3193867
1479669
-4991263
9449165
7411103
-9403800
-7922832
-9421391
4253082
-8567430
3969214
9447811
-9134667
-7613364
-9165973
6348463
7653243
-7632767
1049140
3461533
6902090
-9210376
-8939855
-1142739
9018722
8745877
-2974264
1403163
-8240416
-2019677
-7388956
-1803485
7117004
6435755
-4609790
-4844520
-6208741
-6233475
8445835
319742
-3379841
-8809048
-2144562
-8122805
-7065562
-7330130
1792496
-7946437
-8028756
3082312
9366172
-9361100
-2451617
699706
7690902
3182375
-5336815
6755527
6047305
-6420343
4254104
7763822
2343824
-6123765
-5252788
-7078398
-4004444
-8359878
2712680
-5779923
-5096103
-2230300
-951185
-2043634
6975905
-2093472
-5981749
-8435922
-8696926
2708793
-234963
-3486266
-4097342
-1758980
-4764857
2169235
-1345876
-2017990
9028660
4390004
4637404
-6136767
6545374
-6929961
-8554278
7638738
-9231074
3445703
-5350741
687731
-4424439
-2095384
-5262187
5850472
3528580
-4774906
-41855
3971501
-1781880
1506935
1597250
-7467107
-2861403
8710664
4400078
5949167
6605669
-6492167
-4190696
6440638
3558975
-1355873
-2458487
-7518941
-3694796
8640250
-7529066
404824
-1636674
8567434
-7660775
5403435
-7881067
-679854
4101063
1400118
6657033
-8040803
8194128
-4930479
4012523
1718160
-2380327
3020718
8340564
7461759
4089496
-7985097
3356765
584883
1396182
-7517553
9021187
4513634
9082452
4679401
6089069
5158055
3747442
-8420215
-4300431
-5595542
187344
186131
7313470
3971388
8916121
-6411731
-202624
-2563838
-2806426
-8311181
3530622
-3936461
7847178
-6700677
1956981
5013385
-9429325
-7543602
5172480
-3266156
-5732026
-7733221
1541499
5388725
-940894
3668204
-2652642
-3062828
9322188
7898596
-5600863
-1158225
1249068
3293131
-8847046
-1020691
3805321
-8707288
7578209
7381977
-9688043
-2334067
-2219409
-7366421
916513
7053529
-9370477
-4851348
-5951051
-8557488
9504898
4700988
-7936423
-1714679
6431446
-8138373
-3455254
-8006053
-43169
-2577748
-8227635
-6573654
762695
-5114066
-7736530
8478029
4748630
6238268
-8053809
1637160
9902906
6324868
19672
-827977
3516129
1107198
-8841808
1774071
2814547
7031515
-3470771
-8053317
6165409
8503183
-4880615
6942454
-9185433
9470022
5474893
-1085619
-3698186
174657
-302522
-7998907
8766380
802825
-9217698
6053870
-1798534
9284494
6557875
-7497475
-7931254
-2280572
-7713268
-3040880
-5919332
7277499
-8154832
5006442
3654609
-7775509
-4449283
-4238283
2814279
-1381894
5661087
1988521
-136816
3737326
6256522
7964460
6516925
-5963952
4038509
-3731625
6140456
8545574
956939
-9398340
4755876
2258081
6307894
9358760
1410720
-6044271
-7941205
5419189
-4184406
-3177764
3172848
2681519
-2127579
3243542
5457844
-416589
-4308767
-2207169
7142106
-831814
-6213625
5774388
-9446408
-8779698
-3804278
3180574
